{
    "now": "2020-12-02 10:34:39",
    "pp_previous_close": 415.66102079785003,
    "spy_previous_close": 362.06,
    "gld_previous_close": 166.67,
    "tlt_previous_close": 159.86,
    "pp_live_price": 418.0353489547837,
    "spy_quote_price": 366.0199890136719,
    "gld_quote_price": 170.17999267578125,
    "tlt_quote_price": 157.5
}