{
    "now": "2020-12-01 16:23:45",
    "pp_previous_close": 417.50734402305,
    "ip_previous_close": 424.38668879001,
    "spy_previous_close": 363.67,
    "gld_previous_close": 167.79,
    "tlt_previous_close": 160.22,
    "pp_live_price": 415.7969428437925,
    "ip_live_price": 422.6330826974164,
    "spy_quote_price": 362.05999755859375,
    "gld_quote_price": 166.6699981689453,
    "tlt_quote_price": 160.02000427246094
}