,Jan,Feb,Mar,Apr,May,Jun,Jul,Aug,Sep,Oct,Nov,Dec,YTD
2022,0.0,0.0,0.0,0.0,0.0,0.0,0.0,-0.008312409733686521,-0.2129900601724426,-0.14622055427033398,0.24528303192587475,0.03962705776354247,-0.1373265427209901
2023,0.061098662739068166,-0.06603275118058127,0.020927541034965413,-0.01772851569806111,-0.05640158070042833,0.06993425632440564,0.06145253658726313,-0.06894734031275696,-0.02430753488943793,-0.052143662027551385,-0.04095360666089021,-0.005736086763577619,-0.1255605242129565
2024,0.010897440521596247,0.0,0.0,0.0,0.0,0.0,0.0,0.0,0.0,0.0,0.0,0.0,0.010897440521596247
