Date,Open,High,Low,Close,Volume,Dividends,Stock Splits,Capital Gains,RSI
2015-05-22 00:00:00-04:00,179.24615995630734,179.666846601081,179.1367901587357,179.2041015625,57433500,0.0,0.0,0.0,0.0
2015-05-26 00:00:00-04:00,178.70776801925967,179.1368768210579,176.85674845444203,177.27743530273438,124308600,0.0,0.0,0.0,0.0
2015-05-27 00:00:00-04:00,177.74020047839568,179.19577343668948,177.32792272885487,178.96018981933594,93214000,0.0,0.0,0.0,0.0
2015-05-28 00:00:00-04:00,178.64882657150656,178.86757904718468,178.0598677228809,178.75820922851562,74974600,0.0,0.0,0.0,0.0
2015-05-29 00:00:00-04:00,178.6909060166005,178.73296442045205,177.3783654255848,177.64759826660156,124919600,0.0,0.0,0.0,0.0
2015-06-01 00:00:00-04:00,178.32071878951413,178.6572630865363,177.21009950032553,178.00941467285156,93338800,0.0,0.0,0.0,0.0
2015-06-02 00:00:00-04:00,177.54660826077946,178.53101354161413,176.9155782470389,177.83267211914062,91531000,0.0,0.0,0.0,0.0
2015-06-03 00:00:00-04:00,178.37115967877915,178.93487831263496,177.80744104492334,178.30384826660156,87820900,0.0,0.0,0.0,0.0
2015-06-04 00:00:00-04:00,177.5886528959911,178.25333209537018,176.47803407575879,176.79776000976562,151882800,0.0,0.0,0.0,0.0
2015-06-05 00:00:00-04:00,176.64632934375734,177.17639865376026,175.83019618068607,176.49488830566406,121704700,0.0,0.0,0.0,0.0
2015-06-08 00:00:00-04:00,176.3855422519536,176.5369961598017,175.3338253636839,175.4095458984375,89063300,0.0,0.0,0.0,0.0
2015-06-09 00:00:00-04:00,175.38429260253906,175.93119304653914,174.74485340409987,175.38429260253906,105034700,0.0,0.0,0.0,0.0
2015-06-10 00:00:00-04:00,176.1583451583656,177.8747540887915,176.09945569613197,177.4877166748047,134551300,0.0,0.0,0.0,0.0
2015-06-11 00:00:00-04:00,177.93363126604928,178.44686951962953,177.69804775670147,178.05984497070312,73876400,0.0,0.0,0.0,45.04
2015-06-12 00:00:00-04:00,177.22692307953673,177.93367377643096,176.41919882712799,176.6968536376953,135382400,0.0,0.0,0.0,40.27
2015-06-15 00:00:00-04:00,175.54415915742354,176.22566960968038,174.82898657710896,175.93960571289062,124384200,0.0,0.0,0.0,44.29
2015-06-16 00:00:00-04:00,175.78815404348757,176.98291567623102,175.61147280313367,176.89877319335938,85308200,0.0,0.0,0.0,40.63
2015-06-17 00:00:00-04:00,177.18484497070312,177.79905687862262,176.14995914474508,177.18484497070312,126708600,0.0,0.0,0.0,42.9
2015-06-18 00:00:00-04:00,177.7906305014868,179.49861766280586,177.21850268945548,179.02745056152344,165867900,0.0,0.0,0.0,55.84
2015-06-19 00:00:00-04:00,178.78228781969193,178.85837668128576,177.85226984202177,178.23272705078125,130478700,1.03,0.0,0.0,50.91
2015-06-22 00:00:00-04:00,179.1627411828805,179.73765199252546,178.93446170220847,179.1458282470703,70696000,0.0,0.0,0.0,55.06
2015-06-23 00:00:00-04:00,179.35713475777223,179.61077710686567,178.87522590520192,179.2725830078125,68476800,0.0,0.0,0.0,53.83
2015-06-24 00:00:00-04:00,179.00211192641822,179.38256915120272,177.94527913491083,177.97064208984375,92307300,0.0,0.0,0.0,54.72
2015-06-25 00:00:00-04:00,178.47787158374436,178.60468631904075,177.35340029456435,177.4294891357422,97107400,0.0,0.0,0.0,53.69
2015-06-26 00:00:00-04:00,177.7930327955525,178.0382251507975,176.83766502391882,177.3956756591797,104174800,0.0,0.0,0.0,58.55
2015-06-29 00:00:00-04:00,175.89925479029452,177.40418367379982,173.5995855726433,173.67567443847656,202621300,0.0,0.0,0.0,44.42
2015-06-30 00:00:00-04:00,175.23128184838623,175.2820206460126,173.55726274876903,174.0391845703125,182925100,0.0,0.0,0.0,37.3
2015-07-01 00:00:00-04:00,175.62867295513246,175.88231537051007,174.63947914586998,175.43421936035156,135979900,0.0,0.0,0.0,40.88
2015-07-02 00:00:00-04:00,175.9161373205148,176.08522796006977,174.85084177981975,175.27357482910156,104373700,0.0,0.0,0.0,44.61
2015-07-06 00:00:00-04:00,173.9716051229541,175.56107300318402,173.76868856554958,174.77479553222656,117975400,0.0,0.0,0.0,45.5
2015-07-07 00:00:00-04:00,174.97766362025118,176.00067034107502,172.5680801591041,175.8738555908203,173820200,0.0,0.0,0.0,46.08
2015-07-08 00:00:00-04:00,174.52113313196296,174.8085885465339,172.68647300843818,172.92320251464844,164020100,0.0,0.0,0.0,36.46
2015-07-09 00:00:00-04:00,175.0453663945997,175.3074718281659,173.1261668607166,173.23606872558594,144113100,0.0,0.0,0.0,29.63
2015-07-10 00:00:00-04:00,175.2566567451482,175.84003040014142,173.2782692288318,175.41729736328125,129456900,0.0,0.0,0.0,40.98
2015-07-13 00:00:00-04:00,176.6939311546337,177.4632953541722,176.65165527754584,177.3533935546875,106069400,0.0,0.0,0.0,44.61
2015-07-14 00:00:00-04:00,177.31117764205098,178.43564926878062,177.25198881395377,178.12281799316406,81709600,0.0,0.0,0.0,46.67
2015-07-15 00:00:00-04:00,178.16509622920623,178.6301052389795,177.58172246247167,178.0636444091797,97914100,0.0,0.0,0.0,50.29
2015-07-16 00:00:00-04:00,179.12882887411604,179.4923858642578,178.88364947673324,179.4923858642578,106683300,0.0,0.0,0.0,56.1
2015-07-17 00:00:00-04:00,179.4839974341535,179.7038268824657,179.06972729071447,179.64463806152344,89030000,0.0,0.0,0.0,56.6
2015-07-20 00:00:00-04:00,179.87290278674774,180.23644699718167,179.41635679444664,179.7376251220703,70446800,0.0,0.0,0.0,72.62
2015-07-21 00:00:00-04:00,179.60231540625676,179.86442067259054,178.7230365443425,179.02740478515625,77965000,0.0,0.0,0.0,68.14
2015-07-22 00:00:00-04:00,178.33412390502698,179.04432509672853,178.30031094389187,178.7061309814453,88667900,0.0,0.0,0.0,62.91
2015-07-23 00:00:00-04:00,178.84142701727737,178.94287881190112,177.33649852668248,177.70004272460938,90509100,0.0,0.0,0.0,58.97
2015-07-24 00:00:00-04:00,177.8015234632778,177.86069938188527,175.51876757275357,175.85694885253906,117755000,0.0,0.0,0.0,53.64
2015-07-27 00:00:00-04:00,174.9607968006818,175.47653175562957,174.38587301282257,174.83396911621094,132361100,0.0,0.0,0.0,46.48
2015-07-28 00:00:00-04:00,175.6793746701614,177.1251272082073,174.8423715856814,176.9813995361328,123544800,0.0,0.0,0.0,64.51
2015-07-29 00:00:00-04:00,177.1082397925717,178.42716488001827,176.9645120997899,178.1988983154297,105791300,0.0,0.0,0.0,66.67
2015-07-30 00:00:00-04:00,177.68312403015804,178.41022525043013,177.05747459385393,178.2411346435547,91304400,0.0,0.0,0.0,61.07
2015-07-31 00:00:00-04:00,178.74846947629828,178.77383243123117,177.68318666674355,177.97064208984375,103266900,0.0,0.0,0.0,52.78
2015-08-03 00:00:00-04:00,177.93680446099725,177.99598038071065,176.40649995427728,177.37033081054688,113965700,0.0,0.0,0.0,46.55
2015-08-04 00:00:00-04:00,177.29420877993724,177.75921763690934,176.53329457819143,177.02366638183594,81820800,0.0,0.0,0.0,45.36
2015-08-05 00:00:00-04:00,177.92833927031117,178.6554406368602,177.31960264246598,177.60707092285156,85786800,0.0,0.0,0.0,40.9
2015-08-06 00:00:00-04:00,177.79304050296565,177.90295521186013,175.56101076594953,176.15284729003906,116030800,0.0,0.0,0.0,35.03
2015-08-07 00:00:00-04:00,175.99218975076866,176.14436742463755,174.90153148489676,175.81463623046875,117858000,0.0,0.0,0.0,33.52
2015-08-10 00:00:00-04:00,176.93917226725247,178.11436981546993,176.93917226725247,178.0298309326172,80270700,0.0,0.0,0.0,46.28
2015-08-11 00:00:00-04:00,176.6770891187931,177.09982225772865,175.65406924622073,176.42344665527344,126081400,0.0,0.0,0.0,42.23
2015-08-12 00:00:00-04:00,175.1044287587852,176.82072336349896,173.62486355466748,176.6347198486328,172123700,0.0,0.0,0.0,46.17
2015-08-13 00:00:00-04:00,176.47410816041858,177.16739644762484,175.8653716304574,176.41493225097656,89383300,0.0,0.0,0.0,52.27
2015-08-14 00:00:00-04:00,176.22047910007115,177.1335839639832,176.07675142252774,177.0574951171875,72786500,0.0,0.0,0.0,59.35
2015-08-17 00:00:00-04:00,176.45723961991138,178.0467071533203,175.99223067365244,178.0467071533203,79072600,0.0,0.0,0.0,54.96
2015-08-18 00:00:00-04:00,177.76768954830004,178.12278374623838,177.29423061771558,177.5309600830078,71692700,0.0,0.0,0.0,46.67
2015-08-19 00:00:00-04:00,176.77844078279037,177.55626776962694,175.30733854931466,176.12744140625,172946000,0.0,0.0,0.0,40.73
2015-08-20 00:00:00-04:00,174.59721596696784,176.10214473340363,172.39054872392364,172.44973754882812,194327900,0.0,0.0,0.0,31.35
2015-08-21 00:00:00-04:00,170.55587281171998,172.42435856984426,166.99646775368126,167.25856018066406,346588500,0.0,0.0,0.0,23.93
2015-08-24 00:00:00-04:00,158.51643815558,166.96263594087952,154.21300605340497,160.2158203125,507244300,0.0,0.0,0.0,17.79
2015-08-25 00:00:00-04:00,165.22942216566545,165.24633509870256,158.03451080254519,158.33042907714844,369833100,0.0,0.0,0.0,14.81
2015-08-26 00:00:00-04:00,162.39708882222854,164.68829414731434,159.26040471092327,164.4093017578125,339257000,0.0,0.0,0.0,31.66
2015-08-27 00:00:00-04:00,166.57374485939872,168.60285846364087,165.04345318858753,168.47604370117188,274143900,0.0,0.0,0.0,39.74
2015-08-28 00:00:00-04:00,167.82497369451517,168.9578948539975,167.33460194620523,168.48443603515625,160414400,0.0,0.0,0.0,35.77
2015-08-31 00:00:00-04:00,167.49532876835107,168.3577080043039,166.5653106804812,167.12332153320312,163298800,0.0,0.0,0.0,36.03
2015-09-01 00:00:00-04:00,163.27639643034829,164.67142312754063,161.2557331242223,162.13502502441406,256000400,0.0,0.0,0.0,30.96
2015-09-02 00:00:00-04:00,164.54458381105036,165.25478503415124,162.68456124750995,165.21250915527344,160269300,0.0,0.0,0.0,36.31
2015-09-03 00:00:00-04:00,165.93114519109272,167.4445364887287,164.83204976023947,165.33087158203125,152087800,0.0,0.0,0.0,35.49
2015-09-04 00:00:00-04:00,163.0481222618374,163.90203827232472,161.99973978397404,162.8282928466797,207081000,0.0,0.0,0.0,31.85
2015-09-08 00:00:00-04:00,165.66065844635514,167.07258553028186,165.00964582415958,166.92039489746094,116025700,0.0,0.0,0.0,38.34
2015-09-09 00:00:00-04:00,168.51832822529914,168.64514299426727,164.3163602029509,164.6883544921875,149347700,0.0,0.0,0.0,37.65
2015-09-10 00:00:00-04:00,164.49387524508526,166.74281807011133,164.23178282953492,165.58453369140625,158611100,0.0,0.0,0.0,42.12
2015-09-11 00:00:00-04:00,165.18717120004405,166.40464445151486,164.46851985275427,166.33700561523438,119691200,0.0,0.0,0.0,48.82
2015-09-14 00:00:00-04:00,166.5145277093687,166.56525360572695,165.22941576488074,165.71978759765625,79452000,0.0,0.0,0.0,58.42
2015-09-15 00:00:00-04:00,166.22708137046524,168.239294706965,165.67753359575494,167.79119873046875,113806200,0.0,0.0,0.0,64.39
2015-09-16 00:00:00-04:00,168.09557037427166,169.43985833053796,167.74892618908444,169.24539184570312,99581600,0.0,0.0,0.0,58.56
2015-09-17 00:00:00-04:00,169.1101368571374,171.5366204921731,168.48448728433996,168.8649444580078,276046600,0.0,0.0,0.0,50.79
2015-09-18 00:00:00-04:00,166.32641053601975,168.85048742243956,165.68901437014873,166.10543823242188,223657500,1.033,0.0,0.0,45.64
2015-09-21 00:00:00-04:00,166.94675951860344,168.00057925435388,165.90143372761227,166.96376037597656,105726200,0.0,0.0,0.0,49.7
2015-09-22 00:00:00-04:00,164.77113605423523,165.26405723336447,163.64931275666055,164.796630859375,153890900,0.0,0.0,0.0,55.55
2015-09-23 00:00:00-04:00,164.96662785196517,165.44254825048182,163.9467965740212,164.533203125,92790600,0.0,0.0,0.0,48.4
2015-09-24 00:00:00-04:00,163.3008668736421,164.4056893146191,161.9495903264082,163.93826293945312,159378800,0.0,0.0,0.0,46.78
2015-09-25 00:00:00-04:00,165.41702872926209,165.72297936372473,163.01191931876372,163.89578247070312,155054800,0.0,0.0,0.0,52.78
2015-09-28 00:00:00-04:00,162.98642135550455,163.09690748932047,159.4679956112782,159.78244018554688,178515900,0.0,0.0,0.0,31.41
2015-09-29 00:00:00-04:00,160.0033872416057,161.25268436395245,158.8645632678117,159.8759002685547,159045600,0.0,0.0,0.0,35.9
2015-09-30 00:00:00-04:00,161.78815954269675,163.0289632681533,160.9977944260185,162.85899353027344,163452000,0.0,0.0,0.0,42.88
2015-10-01 00:00:00-04:00,163.24136359343905,163.58980984626606,161.32068168229415,163.2838592529297,131079000,0.0,0.0,0.0,41.89
2015-10-02 00:00:00-04:00,161.27821994428882,165.74848675084516,160.72580219042987,165.72299194335938,211003300,0.0,0.0,0.0,50.01
2015-10-05 00:00:00-04:00,166.96378028448518,168.90146328471968,166.8532941501676,168.6719970703125,126320800,0.0,0.0,0.0,52.05
2015-10-06 00:00:00-04:00,168.53601726574945,169.1054228648596,167.42270087287312,168.09408569335938,110274500,0.0,0.0,0.0,47.21
2015-10-07 00:00:00-04:00,169.03740290316142,169.8277806344997,167.83060144528565,169.47084045410156,124307300,0.0,0.0,0.0,51.4
2015-10-08 00:00:00-04:00,169.07994554884294,171.2895906714988,168.77399488521147,171.00064086914062,153055200,0.0,0.0,0.0,61.99
2015-10-09 00:00:00-04:00,171.14512628710017,171.58704496450096,170.46523444082263,171.10263061523438,107069200,0.0,0.0,0.0,60.53
2015-10-12 00:00:00-04:00,171.17913828340176,171.468088142744,170.7457134943884,171.26412963867188,56395600,0.0,0.0,0.0,68.32
2015-10-13 00:00:00-04:00,170.5246775176739,171.80797647687837,170.0147684799326,170.1847381591797,88038700,0.0,0.0,0.0,65.3
2015-10-14 00:00:00-04:00,170.12525739094505,170.71166386131966,169.07143750132715,169.36888122558594,99106200,0.0,0.0,0.0,64.53
2015-10-15 00:00:00-04:00,170.0403082430894,171.9779916281229,169.66636706916037,171.96949768066406,134142200,0.0,0.0,0.0,69.0
2015-10-16 00:00:00-04:00,172.37741688157584,172.76834592608677,171.60403977162616,172.75135803222656,114580100,0.0,0.0,0.0,86.2
2015-10-19 00:00:00-04:00,172.09692846428615,172.8363037109375,171.78248390520096,172.8363037109375,76523900,0.0,0.0,0.0,86.19
2015-10-20 00:00:00-04:00,172.394412380072,173.23576697500354,172.13945133366403,172.61537170410156,78448500,0.0,0.0,0.0,82.21
2015-10-21 00:00:00-04:00,173.0402919022347,173.19326074003288,171.3745577394665,171.54454040527344,102038000,0.0,0.0,0.0,76.16
2015-10-22 00:00:00-04:00,172.50491292402762,174.65506184661572,171.54457808414088,174.44259643554688,174911700,0.0,0.0,0.0,76.83
2015-10-23 00:00:00-04:00,176.1338227492072,176.7287232964047,175.32645679459213,176.3547821044922,144442300,0.0,0.0,0.0,75.25
2015-10-26 00:00:00-04:00,176.1763172819918,176.2358008523962,175.54741501168388,175.92135620117188,69033000,0.0,0.0,0.0,75.97
2015-10-27 00:00:00-04:00,175.24143800151245,175.921329792349,174.8929916756283,175.58139038085938,77905800,0.0,0.0,0.0,71.77
2015-10-28 00:00:00-04:00,175.9213400831781,177.60406231384303,175.2499551674622,177.5785675048828,135906700,0.0,0.0,0.0,72.68
2015-10-29 00:00:00-04:00,177.06866309544202,177.85053418281058,176.94968299449155,177.47659301757812,90525500,0.0,0.0,0.0,71.98
2015-10-30 00:00:00-04:00,177.6720634528855,177.99501500956745,176.55025288776008,176.7117156982422,131076900,0.0,0.0,0.0,68.04
2015-11-02 00:00:00-05:00,177.04314641795082,178.9978174110078,176.91565941762744,178.80235290527344,86270800,0.0,0.0,0.0,76.74
2015-11-03 00:00:00-05:00,178.44541398654317,179.88168194645053,178.21594775852338,179.32077026367188,95246100,0.0,0.0,0.0,81.46
2015-11-04 00:00:00-05:00,179.6181923130209,179.74566632185207,178.23291423373482,178.77682495117188,96224500,0.0,0.0,0.0,74.74
2015-11-05 00:00:00-05:00,178.83631829571976,179.303744633463,177.69750719493086,178.59835815429688,78408700,0.0,0.0,0.0,72.22
2015-11-06 00:00:00-05:00,178.24995000369142,178.74287121414176,177.16212835575175,178.50489807128906,110471500,0.0,0.0,0.0,71.53
2015-11-09 00:00:00-05:00,177.8845136664887,178.0374954842262,175.87883994941035,176.8391876220703,131008700,0.0,0.0,0.0,64.46
2015-11-10 00:00:00-05:00,176.35478926548475,177.28114833501402,176.08284027623438,177.2471466064453,75874600,0.0,0.0,0.0,70.44
2015-11-11 00:00:00-05:00,177.51908886331566,177.57007848265027,176.48225671065052,176.5502471923828,67846000,0.0,0.0,0.0,58.97
2015-11-12 00:00:00-05:00,175.49642095576158,175.9723413784113,174.0686596878124,174.0856475830078,121315200,0.0,0.0,0.0,40.77
2015-11-13 00:00:00-05:00,173.66922660616285,173.94117558029274,172.04598780554622,172.13096618652344,153577100,0.0,0.0,0.0,36.29
2015-11-16 00:00:00-05:00,171.94397226905235,174.80800116387124,171.82497921865365,174.74850463867188,117645200,0.0,0.0,0.0,47.41
2015-11-17 00:00:00-05:00,175.0629642986944,175.95530844458867,174.11961757293324,174.62103271484375,121123700,0.0,0.0,0.0,39.61
2015-11-18 00:00:00-05:00,175.10544174408764,177.53604593056951,175.06295904725778,177.39157104492188,121342500,0.0,0.0,0.0,49.75
2015-11-19 00:00:00-05:00,177.27263622064964,177.66357828056675,176.9411907000532,177.2386474609375,88220500,0.0,0.0,0.0,51.62
2015-11-20 00:00:00-05:00,178.00350158435205,178.5729072748035,177.5020863750101,177.884521484375,94011500,0.0,0.0,0.0,46.91
2015-11-23 00:00:00-05:00,177.9440428146548,178.45395204224405,177.21316125070283,177.6805877685547,64931200,0.0,0.0,0.0,44.35
2015-11-24 00:00:00-05:00,176.6606682012741,178.32640209209154,176.26973925659803,177.91847229003906,98874400,0.0,0.0,0.0,46.98
2015-11-25 00:00:00-05:00,178.04602002362444,178.24999149303574,177.62958313652385,177.89305114746094,51980100,0.0,0.0,0.0,47.49
2015-11-27 00:00:00-05:00,177.986483462421,178.3009410280412,177.50206916229558,178.0969696044922,37317800,0.0,0.0,0.0,48.56
2015-11-30 00:00:00-05:00,178.25842545589185,178.3774055310457,177.24708833315648,177.35757446289062,112822700,0.0,0.0,0.0,51.96
2015-12-01 00:00:00-05:00,177.9949625778551,179.16777538634514,177.71450677722248,179.0487823486328,97858400,0.0,0.0,0.0,56.2
2015-12-02 00:00:00-05:00,178.99781067430976,179.320762168213,176.96664237036038,177.2216033935547,108441300,0.0,0.0,0.0,52.14
2015-12-03 00:00:00-05:00,177.4765757758173,177.7485247082022,174.00913935487404,174.74002075195312,166224200,0.0,0.0,0.0,52.09
2015-12-04 00:00:00-05:00,174.74003947878145,178.44543647561406,174.74003947878145,178.14797973632812,192913900,0.0,0.0,0.0,67.56
2015-12-07 00:00:00-05:00,177.8165339195345,178.2414647075442,176.09131595764384,177.06866455078125,102027100,0.0,0.0,0.0,57.44
2015-12-08 00:00:00-05:00,175.48793138863755,177.0176719373797,174.8845239298067,175.8788604736328,103372400,0.0,0.0,0.0,53.78
2015-12-09 00:00:00-05:00,175.23290058570166,177.34904688781734,173.52467110189752,174.51051330566406,162401500,0.0,0.0,0.0,40.56
2015-12-10 00:00:00-05:00,174.57856341945418,176.28678051911464,174.34060321555697,174.96099853515625,116128900,0.0,0.0,0.0,42.68
2015-12-11 00:00:00-05:00,172.8193045012673,173.4906892377922,171.25554981787388,171.57000732421875,211173300,0.0,0.0,0.0,32.74
2015-12-14 00:00:00-05:00,171.73156161864165,172.56442246176445,169.92984597892263,172.4369354248047,182385200,0.0,0.0,0.0,36.17
2015-12-15 00:00:00-05:00,173.96664498131332,175.16495279843826,172.41139689335785,174.24710083007812,154069600,0.0,0.0,0.0,41.06
2015-12-16 00:00:00-05:00,175.38594892571237,177.10267313243813,174.0516728452925,176.79672241210938,197017000,0.0,0.0,0.0,47.62
2015-12-17 00:00:00-05:00,177.111134674786,177.1791251521811,174.0856297539212,174.10263061523438,173092500,0.0,0.0,0.0,42.18
2015-12-18 00:00:00-05:00,173.35197390003066,173.48875106101264,170.83850930590924,171.00094604492188,251393500,1.212,0.0,0.0,38.61
2015-12-21 00:00:00-05:00,172.18927051523065,172.59108356256027,171.06077096655235,172.4115447998047,99094300,0.0,0.0,0.0,37.99
2015-12-22 00:00:00-05:00,173.3092838220312,174.27534704113322,172.30902956240223,173.9761199951172,111026200,0.0,0.0,0.0,44.07
2015-12-23 00:00:00-05:00,174.9934336704391,176.1732264792963,174.89939202560217,176.13047790527344,110987200,0.0,0.0,0.0,52.57
2015-12-24 00:00:00-05:00,175.8739867896022,176.39548804689377,175.61750840904315,175.83978271484375,48539600,0.0,0.0,0.0,45.18
2015-12-28 00:00:00-05:00,175.13873085466827,175.48069328350343,174.35220683232302,175.43795776367188,65899900,0.0,0.0,0.0,46.49
2015-12-29 00:00:00-05:00,176.54940969219302,177.64370553695957,176.5152186542471,177.31028747558594,92640700,0.0,0.0,0.0,52.99
2015-12-30 00:00:00-05:00,177.06233940460277,177.1478365539004,175.90819311425204,176.05352783203125,63317700,0.0,0.0,0.0,53.24
2015-12-31 00:00:00-05:00,175.36964161368934,176.01937573897408,174.2924346923828,174.2924346923828,114877900,0.0,0.0,0.0,48.67
2016-01-04 00:00:00-05:00,171.40278977205125,171.86444049361052,169.77843513649108,171.85589599609375,222353500,0.0,0.0,0.0,50.59
2016-01-05 00:00:00-05:00,172.1807517030968,172.60821137767752,171.0266184087493,172.1465606689453,110845800,0.0,0.0,0.0,49.38
2016-01-06 00:00:00-05:00,169.56477257835348,171.0352355268662,168.93214034018283,169.9751434326172,152112600,0.0,0.0,0.0,41.08
2016-01-07 00:00:00-05:00,166.99139039983936,168.79527066587178,165.5038261041192,165.8970947265625,213436100,0.0,0.0,0.0,28.62
2016-01-08 00:00:00-05:00,166.8717006094037,167.43595047941272,163.78544140803302,164.07611083984375,209817200,0.0,0.0,0.0,29.63
2016-01-11 00:00:00-05:00,165.007978100776,165.3499536658348,162.28079634774812,164.23855590820312,187941300,0.0,0.0,0.0,34.4
2016-01-12 00:00:00-05:00,165.70051095988435,166.3245985694231,163.40931981679458,165.563720703125,172330500,0.0,0.0,0.0,34.14
2016-01-13 00:00:00-05:00,166.23912300897405,166.58964319559905,161.04976752702433,161.43447875976562,221168900,0.0,0.0,0.0,24.04
2016-01-14 00:00:00-05:00,162.04998682789036,165.2217307305419,160.43418956454968,164.08468627929688,240795600,0.0,0.0,0.0,25.56
2016-01-15 00:00:00-05:00,159.67328284774862,161.37456392227324,158.60463371248107,160.56239318847656,324846400,0.0,0.0,0.0,22.6
2016-01-19 00:00:00-05:00,162.40047755981843,162.5287102380622,159.1859726114855,160.776123046875,195244400,0.0,0.0,0.0,23.53
2016-01-20 00:00:00-05:00,158.18572870543971,160.29738057582802,154.75750675573698,158.7157745361328,286547800,0.0,0.0,0.0,16.65
2016-01-21 00:00:00-05:00,159.19453129765265,161.46860676006568,157.85230171223117,159.60488891601562,195772900,0.0,0.0,0.0,20.11
2016-01-22 00:00:00-05:00,162.24658171414228,163.0843989652246,161.47715957162245,162.8792266845703,168319600,0.0,0.0,0.0,30.34
2016-01-25 00:00:00-05:00,162.36626813800353,162.56289591984978,160.22042544081,160.41705322265625,130371700,0.0,0.0,0.0,30.31
2016-01-26 00:00:00-05:00,161.0839267433161,162.88780736665348,160.74196416957014,162.60568237304688,141036800,0.0,0.0,0.0,34.59
2016-01-27 00:00:00-05:00,162.07561373862936,163.76835041782158,159.92121330009022,160.8359832763672,185681700,0.0,0.0,0.0,35.04
2016-01-28 00:00:00-05:00,162.40049959494758,162.60567190797616,160.0067225976779,161.67381286621094,143798800,0.0,0.0,0.0,42.27
2016-01-29 00:00:00-05:00,162.45177603829734,165.7517652002879,162.33208785294158,165.61497497558594,210529300,0.0,0.0,0.0,52.61
2016-02-01 00:00:00-05:00,164.5976396599294,166.3502271307359,164.00774315582538,165.55514526367188,136061600,0.0,0.0,0.0,52.24
2016-02-02 00:00:00-05:00,164.11029885203087,164.11884334800064,162.04138286452832,162.57144165039062,182564900,0.0,0.0,0.0,45.17
2016-02-03 00:00:00-05:00,163.64010792989254,163.9564238995478,159.95540779838382,163.5460662841797,205054900,0.0,0.0,0.0,53.79
2016-02-04 00:00:00-05:00,163.04171914010695,164.78574934668333,162.40052945393307,163.80259704589844,139531800,0.0,0.0,0.0,49.45
2016-02-05 00:00:00-05:00,163.28101414935387,163.8623529132803,160.04086324589883,160.6820526123047,180788300,0.0,0.0,0.0,50.24
2016-02-08 00:00:00-05:00,158.8183920687021,159.11760605330596,156.2792802235931,158.5191650390625,191526700,0.0,0.0,0.0,45.82
2016-02-09 00:00:00-05:00,156.7580032768263,159.818615934415,156.62121305809944,158.52767944335938,184513100,0.0,0.0,0.0,49.62
2016-02-10 00:00:00-05:00,159.36553782711317,161.01552610422186,158.26268443124238,158.39093017578125,148214100,0.0,0.0,0.0,47.49
2016-02-11 00:00:00-05:00,155.88600465312658,157.39067118830272,154.81735537304584,156.33056640625,219058900,0.0,0.0,0.0,35.74
2016-02-12 00:00:00-05:00,158.12590548426786,159.57070838115334,157.270986043608,159.55361938476562,127632400,0.0,0.0,0.0,48.18
2016-02-16 00:00:00-05:00,161.38317895373012,162.27228961118607,160.40857111698276,162.24664306640625,120250700,0.0,0.0,0.0,49.26
2016-02-17 00:00:00-05:00,163.42640336358255,165.27303248572184,163.29815762049668,164.89686584472656,136009500,0.0,0.0,0.0,58.09
2016-02-18 00:00:00-05:00,165.17041178282219,165.2302623974789,163.90513482828925,164.22145080566406,102343000,0.0,0.0,0.0,55.11
2016-02-19 00:00:00-05:00,163.43494655471295,164.29841048642993,162.81940351892263,164.14453125,114793000,0.0,0.0,0.0,46.51
2016-02-22 00:00:00-05:00,165.7432146976356,166.6665291860387,165.6748195823797,166.5211944580078,103640300,0.0,0.0,0.0,52.06
2016-02-23 00:00:00-05:00,165.85436441655605,166.12794488751967,164.29840483927885,164.41810607910156,111455300,0.0,0.0,0.0,54.1
2016-02-24 00:00:00-05:00,162.9732742853884,165.4525350974953,161.853332062436,165.17041015625,150812200,0.0,0.0,0.0,53.64
2016-02-25 00:00:00-05:00,165.62351185499202,167.17947123808545,164.85408970524173,167.17091369628906,110728300,0.0,0.0,0.0,57.01
2016-02-26 00:00:00-05:00,168.05151448293577,168.145543094689,166.6237875903244,166.78622436523438,129833700,0.0,0.0,0.0,64.33
2016-02-29 00:00:00-05:00,166.8033382361111,167.76084386765538,165.28158262382001,165.47821044921875,125918100,0.0,0.0,0.0,67.02
2016-03-01 00:00:00-05:00,166.71780229362446,169.45355439606516,166.23904958920718,169.36805725097656,141799700,0.0,0.0,0.0,72.28
2016-03-02 00:00:00-05:00,169.05178865721686,170.18027562735574,168.6328734009709,170.1289825439453,102415000,0.0,0.0,0.0,73.52
2016-03-03 00:00:00-05:00,169.9494471151997,170.8129241867133,169.36810809817447,170.7958221435547,95172200,0.0,0.0,0.0,80.7
2016-03-04 00:00:00-05:00,170.99240640266748,172.13800819166164,170.1545891319385,171.35147094726562,129293600,0.0,0.0,0.0,78.23
2016-03-07 00:00:00-05:00,170.419631987943,171.89865195905503,170.3426923718833,171.48828125,100219000,0.0,0.0,0.0,75.2
2016-03-08 00:00:00-05:00,170.4025499418248,170.91549378151092,169.4535888366146,169.6160125732422,123974900,0.0,0.0,0.0,63.44
2016-03-09 00:00:00-05:00,170.43674012167187,170.80434921934432,169.64165825886,170.45384216308594,94801200,0.0,0.0,0.0,67.58
2016-03-10 00:00:00-05:00,170.94966901639538,171.89862996146638,168.74397565636457,170.59059143066406,156838700,0.0,0.0,0.0,68.13
2016-03-11 00:00:00-05:00,172.0610809294823,173.38620866379907,170.57352946021533,173.3434600830078,137964500,0.0,0.0,0.0,68.79
2016-03-14 00:00:00-04:00,172.83050059295132,173.5828207575808,172.49708256503843,173.1211700439453,73612000,0.0,0.0,0.0,76.73
2016-03-15 00:00:00-04:00,172.14655248149947,173.14680650704125,171.8815295830696,172.8390350341797,93169100,0.0,0.0,0.0,74.26
2016-03-16 00:00:00-04:00,172.35177339607716,174.24969569640277,172.30902481281944,173.83932495117188,129303200,0.0,0.0,0.0,72.52
2016-03-17 00:00:00-04:00,173.75381653446127,175.45509772292587,173.35200338908734,174.94215393066406,134278500,0.0,0.0,0.0,76.27
2016-03-18 00:00:00-04:00,175.44915859661887,175.97334968634522,175.1312111382382,175.62962341308594,138372400,1.05,0.0,0.0,84.05
2016-03-21 00:00:00-04:00,175.3632405257575,176.11085241146296,175.13121807034923,175.8788299560547,72926700,0.0,0.0,0.0,78.9
2016-03-22 00:00:00-04:00,175.0968512767559,176.36006580393075,174.93358980072512,175.78431701660156,97471900,0.0,0.0,0.0,76.68
2016-03-23 00:00:00-04:00,175.3976278500764,175.58668126304028,174.4523607852569,174.62423706054688,81052500,0.0,0.0,0.0,67.26
2016-03-24 00:00:00-04:00,173.58446121569102,174.5812860211142,173.36104039198727,174.54690551757812,84360900,0.0,0.0,0.0,65.05
2016-03-28 00:00:00-04:00,174.96795665014486,175.18278887366733,174.19456589039123,174.65000915527344,62408200,0.0,0.0,0.0,64.94
2016-03-29 00:00:00-04:00,174.23751679154256,176.37725039619886,173.9281578741503,176.26553344726562,92922900,0.0,0.0,0.0,82.21
2016-03-30 00:00:00-04:00,177.27952090927198,177.76933147052588,176.66939173712086,177.03890991210938,86365300,0.0,0.0,0.0,82.1
2016-03-31 00:00:00-04:00,176.9443600508557,177.37402436270042,176.4459478756381,176.60922241210938,94584100,0.0,0.0,0.0,78.52
2016-04-01 00:00:00-04:00,175.60386372681052,178.00138555790164,175.28590312147742,177.8123321533203,114423500,0.0,0.0,0.0,74.82
2016-04-04 00:00:00-04:00,177.73501516693244,177.94125884333343,176.9272438247615,177.23660278320312,63497000,0.0,0.0,0.0,72.0
2016-04-05 00:00:00-04:00,175.8788132388238,177.2451428008705,175.20853786452477,175.46633911132812,99662200,0.0,0.0,0.0,62.12
2016-04-06 00:00:00-04:00,175.46634515121136,177.44280396164888,175.28588033854226,177.3826446533203,91839800,0.0,0.0,0.0,65.07
2016-04-07 00:00:00-04:00,176.28270466021127,176.64362117280902,174.52107804618782,175.26010131835938,113859000,0.0,0.0,0.0,51.24
2016-04-08 00:00:00-04:00,176.45457536574398,176.8928414523843,175.1913609612815,175.7327423095703,95040600,0.0,0.0,0.0,50.41
2016-04-11 00:00:00-04:00,176.37723748387793,177.08189339891936,175.22574003045207,175.3202667236328,83757500,0.0,0.0,0.0,47.81
2016-04-12 00:00:00-04:00,175.49211617785394,177.23655246953857,175.04526156199742,176.95297241210938,115350600,0.0,0.0,0.0,54.1
2016-04-13 00:00:00-04:00,177.8810581794152,178.82632508616484,177.74356242710314,178.74038696289062,96336400,0.0,0.0,0.0,63.82
2016-04-14 00:00:00-04:00,178.80054840310208,179.25599161478803,178.39666282106865,178.7489776611328,65212900,0.0,0.0,0.0,64.17
2016-04-15 00:00:00-04:00,178.74898778749875,178.8864835492392,178.22479666914114,178.5513458251953,75761600,0.0,0.0,0.0,63.08
2016-04-18 00:00:00-04:00,178.55134337616397,179.8403366220862,177.8810679372698,179.80596923828125,82531000,0.0,0.0,0.0,62.16
2016-04-19 00:00:00-04:00,180.23562526901478,180.63090916981125,179.54815961404037,180.37310791015625,88316100,0.0,0.0,0.0,61.62
2016-04-20 00:00:00-04:00,180.41609097295589,181.24964101354672,179.93486891082463,180.5449981689453,81100300,0.0,0.0,0.0,63.96
2016-04-21 00:00:00-04:00,180.56218233002977,180.6738992817701,179.29896781163075,179.57395935058594,85695000,0.0,0.0,0.0,56.35
2016-04-22 00:00:00-04:00,179.21304278994597,179.84893777722283,178.6630728243539,179.57395935058594,99251700,0.0,0.0,0.0,58.8
2016-04-25 00:00:00-04:00,178.96380183431359,179.30754120377716,178.34508408159536,179.2645721435547,66166500,0.0,0.0,0.0,66.06
2016-04-26 00:00:00-04:00,179.63413640682325,180.046623786101,179.04979895466053,179.53102111816406,75864200,0.0,0.0,0.0,60.56
2016-04-27 00:00:00-04:00,179.14426866867697,180.29576606669337,178.78335216089494,179.90048217773438,77329400,0.0,0.0,0.0,77.55
2016-04-28 00:00:00-04:00,179.13569173125254,180.2528087083007,177.8466985002118,178.26776123046875,97216200,0.0,0.0,0.0,63.23
2016-04-29 00:00:00-04:00,177.6404966811915,177.9928247275737,176.1882285343695,177.30535888671875,142424100,0.0,0.0,0.0,59.8
2016-05-02 00:00:00-04:00,177.81230180737433,178.89505130238553,177.3740488691756,178.714599609375,62188000,0.0,0.0,0.0,58.89
2016-05-03 00:00:00-04:00,177.4685996363964,177.70921066793676,176.40302713077637,177.15924072265625,106422100,0.0,0.0,0.0,41.83
2016-05-04 00:00:00-04:00,176.15381285535383,176.8928361370348,175.6639891526077,176.17098999023438,92243800,0.0,0.0,0.0,37.9
2016-05-05 00:00:00-04:00,176.64361274539107,177.00452924077,175.70694757078985,176.13661193847656,67619200,0.0,0.0,0.0,38.49
2016-05-06 00:00:00-04:00,175.35463892514838,176.82409699364442,175.19996602968425,176.7811279296875,89315000,0.0,0.0,0.0,34.7
2016-05-09 00:00:00-04:00,176.65223716386055,177.3654685671919,176.47177233678312,176.92721557617188,74374900,0.0,0.0,0.0,31.79
2016-05-10 00:00:00-04:00,177.64044013025463,179.14426544174952,177.57169225682264,179.1270751953125,77472200,0.0,0.0,0.0,43.83
2016-05-11 00:00:00-04:00,178.66299608416773,179.20436413643753,177.4513397216797,177.4513397216797,81727000,0.0,0.0,0.0,41.3
2016-05-12 00:00:00-04:00,178.1302512639106,178.30212750419366,176.4803416332591,177.50294494628906,89586300,0.0,0.0,0.0,41.54
2016-05-13 00:00:00-04:00,177.20221412373388,177.76077265083663,175.6296406997713,175.9561767578125,96474600,0.0,0.0,0.0,37.73
2016-05-16 00:00:00-04:00,176.12804493015236,178.17323865430407,176.0678856174009,177.6920166015625,77486800,0.0,0.0,0.0,43.85
2016-05-17 00:00:00-04:00,177.41701280179493,177.7091814188177,175.5007003207155,176.0334930419922,114924900,0.0,0.0,0.0,38.1
2016-05-18 00:00:00-04:00,175.68119738738298,177.27954962014368,174.98514309626944,176.0850830078125,120062100,0.0,0.0,0.0,42.56
2016-05-19 00:00:00-04:00,175.3546395562374,175.76711372461025,174.25469969903153,175.47494506835938,115430500,0.0,0.0,0.0,43.6
2016-05-20 00:00:00-04:00,176.09368755519353,177.1077025385997,176.04212991596123,176.58351135253906,104990400,0.0,0.0,0.0,42.39
2016-05-23 00:00:00-04:00,176.60060729150035,176.88418728921002,176.15376588206072,176.3428192138672,58682600,0.0,0.0,0.0,46.78
2016-05-24 00:00:00-04:00,177.16777559666616,178.9465920896465,177.14199678769376,178.62863159179688,93537800,0.0,0.0,0.0,58.78
2016-05-25 00:00:00-04:00,179.31614093346346,180.2614078679366,178.62867526405725,179.84033203125,76621400,0.0,0.0,0.0,62.21
2016-05-26 00:00:00-04:00,179.97782960615518,180.2098520582916,179.57394401300994,179.8918914794922,55280700,0.0,0.0,0.0,60.67
2016-05-27 00:00:00-04:00,180.05516922143062,180.67388702980463,180.00361158945233,180.66529846191406,64211200,0.0,0.0,0.0,62.29
2016-05-31 00:00:00-04:00,180.94028154506367,181.05199849211473,179.75440352965302,180.32156372070312,109879400,0.0,0.0,0.0,54.48
2016-06-01 00:00:00-04:00,179.70284974398896,180.87153753587984,179.50520777462802,180.6910858154297,69936200,0.0,0.0,0.0,63.45
2016-06-02 00:00:00-04:00,180.287187583929,181.25822022621145,179.8059655466356,181.2410430908203,63044700,0.0,0.0,0.0,64.91
2016-06-03 00:00:00-04:00,180.67385192632418,181.0519586371249,179.47938560573905,180.6996307373047,101757100,0.0,0.0,0.0,70.57
2016-06-06 00:00:00-04:00,181.06056905760047,181.98005713460523,180.89729449347317,181.619140625,64887000,0.0,0.0,0.0,68.32
2016-06-07 00:00:00-04:00,181.77384638474385,182.469900715749,181.74806756598952,181.90274047851562,60974800,0.0,0.0,0.0,81.42
2016-06-08 00:00:00-04:00,182.04022325534063,182.62457370079255,181.91132917077218,182.49566650390625,66170900,0.0,0.0,0.0,82.43
2016-06-09 00:00:00-04:00,181.75665145137782,182.3667807415865,181.48167302097733,182.24647521972656,73786900,0.0,0.0,0.0,85.56
2016-06-10 00:00:00-04:00,180.85433324232775,181.19805949502162,179.96921257262477,180.51919555664062,113829200,0.0,0.0,0.0,69.41
2016-06-13 00:00:00-04:00,179.9090675042457,180.7769848207318,179.0411501877596,179.1270751953125,117751200,0.0,0.0,0.0,62.33
2016-06-14 00:00:00-04:00,178.74038237482185,179.37629037870462,177.81230573901308,178.77474975585938,125059300,0.0,0.0,0.0,50.78
2016-06-15 00:00:00-04:00,178.77475805463948,179.9090783662778,178.33650508640665,178.5255584716797,109124500,0.0,0.0,0.0,42.17
2016-06-16 00:00:00-04:00,178.52556991435688,179.23022587050656,176.66941643760512,179.058349609375,149533100,0.0,0.0,0.0,45.31
2016-06-17 00:00:00-04:00,178.9529732592918,178.97888613662334,177.72638207040603,178.39151000976562,117055700,1.078,0.0,0.0,37.04
2016-06-20 00:00:00-04:00,180.3781983411528,181.0605925594089,179.4539286994285,179.54031372070312,82789600,0.0,0.0,0.0,45.92
2016-06-21 00:00:00-04:00,179.92905664682607,180.4646069825285,179.47987816950763,180.04998779296875,72461700,0.0,0.0,0.0,46.7
2016-06-22 00:00:00-04:00,180.23139535700747,180.96562871708417,179.6094599222504,179.75631713867188,95560500,0.0,0.0,0.0,42.15
2016-06-23 00:00:00-04:00,181.23334000531992,182.14896318904252,180.76689518398118,182.09713745117188,102731400,0.0,0.0,0.0,56.21
2016-06-24 00:00:00-04:00,175.89509278502908,182.13171191861136,175.1090338804312,175.55821228027344,333444400,0.0,0.0,0.0,32.05
2016-06-27 00:00:00-04:00,174.1329656167078,174.14161202875735,171.5933984092937,172.4140167236328,230775800,0.0,0.0,0.0,25.96
2016-06-28 00:00:00-04:00,174.0379637426059,175.5496097769915,173.72699603116916,175.52369689941406,159382400,0.0,0.0,0.0,34.34
2016-06-29 00:00:00-04:00,176.94033289625426,178.7456670809333,176.83668138111724,178.512451171875,137328600,0.0,0.0,0.0,42.53
2016-06-30 00:00:00-04:00,178.98749231595642,181.00012896566975,178.42601601213357,180.94830322265625,165021900,0.0,0.0,0.0,50.83
2016-07-01 00:00:00-04:00,180.9483265863575,181.82077064141387,180.78420292528725,181.32839965820312,106055300,0.0,0.0,0.0,54.46
2016-07-05 00:00:00-04:00,180.49055391542512,180.6028518510712,179.41945304191088,180.02410888671875,109803700,0.0,0.0,0.0,52.44
2016-07-06 00:00:00-04:00,179.52302412239789,181.22470613918836,178.85789640088765,181.10377502441406,96021500,0.0,0.0,0.0,54.87
2016-07-07 00:00:00-04:00,181.28520414376038,181.9589652398035,180.214103519541,180.99151611328125,85593800,0.0,0.0,0.0,53.71
2016-07-08 00:00:00-04:00,182.30450085046772,183.937077919197,182.07127178907598,183.6865692138672,133971000,0.0,0.0,0.0,59.43
2016-07-11 00:00:00-04:00,184.15303674104206,184.91318294706036,183.94572054471695,184.3344268798828,73633900,0.0,0.0,0.0,58.69
2016-07-12 00:00:00-04:00,185.31054633891867,185.97567435469716,184.3603634592351,185.67333984375,101275600,0.0,0.0,0.0,59.9
2016-07-13 00:00:00-04:00,186.09657839640178,186.10521162841002,185.15504206773775,185.64739990234375,87324100,0.0,0.0,0.0,60.47
2016-07-14 00:00:00-04:00,186.92580699074688,187.15903604779047,186.2866051625251,186.68394470214844,91230900,0.0,0.0,0.0,58.55
2016-07-15 00:00:00-04:00,187.25403093578066,187.4527006807858,185.98424748893498,186.4334259033203,107155400,0.0,0.0,0.0,76.46
2016-07-18 00:00:00-04:00,186.55437517616642,187.0985719007426,186.29523325110605,186.9344482421875,58725900,0.0,0.0,0.0,90.55
2016-07-19 00:00:00-04:00,186.5111252692064,186.77890034318906,186.2606298330457,186.74435424804688,54345700,0.0,0.0,0.0,87.43
2016-07-20 00:00:00-04:00,186.744468273365,187.76374345869627,186.744468273365,187.52188110351562,58159500,0.0,0.0,0.0,85.26
2016-07-21 00:00:00-04:00,187.40957544400825,187.63415812577483,186.36437431240378,186.8135528564453,67777300,0.0,0.0,0.0,76.54
2016-07-22 00:00:00-04:00,186.93442890600173,187.70320818983922,186.66665377732303,187.65138244628906,62787500,0.0,0.0,0.0,77.48
2016-07-25 00:00:00-04:00,187.4440733143105,187.49589905980233,186.55436286868758,187.14173889160156,55873100,0.0,0.0,0.0,83.23
2016-07-26 00:00:00-04:00,187.03808238111102,187.5909122856959,186.37295457730426,187.22811889648438,70080500,0.0,0.0,0.0,81.51
2016-07-27 00:00:00-04:00,187.60823815850966,187.67734356117512,186.2520693446523,187.0294952392578,84083900,0.0,0.0,0.0,80.79
2016-07-28 00:00:00-04:00,186.83083567170692,187.53915625239156,186.36439062090957,187.24546813964844,65035700,0.0,0.0,0.0,74.29
2016-07-29 00:00:00-04:00,186.9776483094318,187.91053818850736,186.69259349840627,187.54774475097656,79519400,0.0,0.0,0.0,73.02
2016-08-01 00:00:00-04:00,187.60822237168617,188.00556192794247,186.93446122802834,187.39227294921875,73311400,0.0,0.0,0.0,64.83
2016-08-02 00:00:00-04:00,187.14171286883865,187.29720326419755,185.34502576593496,186.19154357910156,92295500,0.0,0.0,0.0,53.9
2016-08-03 00:00:00-04:00,186.13110785065967,186.79623570997205,185.82878659134002,186.7357635498047,53993600,0.0,0.0,0.0,50.4
2016-08-04 00:00:00-04:00,186.84806320699877,187.2540491474753,185.06864219835987,186.9344482421875,46585500,0.0,0.0,0.0,53.9
2016-08-05 00:00:00-04:00,186.9344210374914,188.50652564119136,186.9344210374914,188.4633331298828,71892200,0.0,0.0,0.0,60.25
2016-08-08 00:00:00-04:00,188.65339547831599,188.75706015575796,188.08329906466085,188.35107421875,39906500,0.0,0.0,0.0,60.89
2016-08-09 00:00:00-04:00,188.4201537990782,188.96433726395315,188.1350990410466,188.4633331298828,51251700,0.0,0.0,0.0,57.01
2016-08-10 00:00:00-04:00,188.57562994986054,188.6533685614711,187.64272706902258,187.99688720703125,57941100,0.0,0.0,0.0,59.15
2016-08-11 00:00:00-04:00,188.53248891736825,189.11987823109834,188.26471372836926,188.86936950683594,72504300,0.0,0.0,0.0,59.36
2016-08-12 00:00:00-04:00,188.5583582741843,188.92116483803304,188.29922955787004,188.70521545410156,61313500,0.0,0.0,0.0,62.69
2016-08-15 00:00:00-04:00,189.07661754101397,189.60353449667585,189.06798431175818,189.24937438964844,49813500,0.0,0.0,0.0,65.27
2016-08-16 00:00:00-04:00,188.82619123242333,188.89528345277532,188.2733612060547,188.2733612060547,53213600,0.0,0.0,0.0,58.41
2016-08-17 00:00:00-04:00,188.30785580643158,188.76566742895187,187.46133794334744,188.62745666503906,75134300,0.0,0.0,0.0,59.17
2016-08-18 00:00:00-04:00,188.60158749466848,189.08531209994177,188.48930275591306,189.05076599121094,52989300,0.0,0.0,0.0,59.82
2016-08-19 00:00:00-04:00,188.57566799419016,188.95574107941377,188.08331017415517,188.7743377685547,75443000,0.0,0.0,0.0,58.89
2016-08-22 00:00:00-04:00,188.5325179553719,188.9989761852531,188.161091198716,188.7657470703125,61368800,0.0,0.0,0.0,69.55
2016-08-23 00:00:00-04:00,189.3876142144431,189.68994863134304,189.0852797975431,189.145751953125,53399200,0.0,0.0,0.0,68.78
2016-08-24 00:00:00-04:00,188.99888864997274,189.09390689868067,187.7550181870704,188.17828369140625,71728900,0.0,0.0,0.0,58.65
2016-08-25 00:00:00-04:00,187.7895946538379,188.47200214504778,187.63411741108456,188.04873657226562,69224800,0.0,0.0,0.0,46.42
2016-08-26 00:00:00-04:00,188.23880740552664,189.27536208763644,186.7962667193434,187.69461059570312,122506300,0.0,0.0,0.0,44.56
2016-08-29 00:00:00-04:00,187.82417366585827,188.88664114444384,187.78961437683532,188.61886596679688,70502200,0.0,0.0,0.0,51.14
2016-08-30 00:00:00-04:00,188.53248977165248,188.81754460718713,187.74644384633777,188.3079071044922,58114500,0.0,0.0,0.0,52.33
2016-08-31 00:00:00-04:00,187.97102391265824,188.09195506722628,186.98629503103058,187.77235412597656,85269500,0.0,0.0,0.0,41.36
2016-09-01 00:00:00-04:00,187.7636956978194,188.07466338688172,186.60620998095104,187.78097534179688,97844200,0.0,0.0,0.0,42.54
2016-09-02 00:00:00-04:00,188.64473630565413,189.05935541688868,188.04871391922103,188.62745666503906,79293900,0.0,0.0,0.0,45.21
2016-09-06 00:00:00-04:00,188.91253127173874,189.2753246797502,188.18694445571577,189.1975860595703,56702100,0.0,0.0,0.0,57.59
2016-09-07 00:00:00-04:00,189.03346909575907,189.361716411028,188.56702417767156,189.18031311035156,76554900,0.0,0.0,0.0,54.81
2016-09-08 00:00:00-04:00,188.8434466177702,189.11986820499058,188.43746064935704,188.74842834472656,74102900,0.0,0.0,0.0,47.38
2016-09-09 00:00:00-04:00,187.41820509681784,187.47003085465795,184.20487630565026,184.2307891845703,221589100,0.0,0.0,0.0,27.29
2016-09-12 00:00:00-04:00,183.4620245709983,187.28000948085813,183.39291916143637,186.8740234375,168110900,0.0,0.0,0.0,42.52
2016-09-13 00:00:00-04:00,185.57826034308331,185.84603547162106,183.55697726266493,184.1875457763672,182828800,0.0,0.0,0.0,33.41
2016-09-14 00:00:00-04:00,184.2393851168051,185.45734290149582,183.55699080921912,184.1184539794922,134185500,0.0,0.0,0.0,35.55
2016-09-15 00:00:00-04:00,183.95433995754863,186.347049783973,183.77293666482618,185.95834350585938,134427900,0.0,0.0,0.0,43.37
2016-09-16 00:00:00-04:00,185.335015456376,185.51733510383463,184.5449989762851,185.23951721191406,155236400,1.082,0.0,0.0,42.39
2016-09-19 00:00:00-04:00,185.89930789890275,186.55042860942848,184.94432555796442,185.27423095703125,80250500,0.0,0.0,0.0,39.02
2016-09-20 00:00:00-04:00,186.14239733995012,186.29865995643866,185.2481925978165,185.2829132080078,69665300,0.0,0.0,0.0,39.87
2016-09-21 00:00:00-04:00,185.9948201236106,187.54882250757416,185.30028866405655,187.36651611328125,110284400,0.0,0.0,0.0,48.77
2016-09-22 00:00:00-04:00,188.39091757049832,188.85104179327703,188.13915673518105,188.54718017578125,76678700,0.0,0.0,0.0,52.17
2016-09-23 00:00:00-04:00,188.14786825214205,188.28677720271813,187.4186161322476,187.5141143798828,73630900,0.0,0.0,0.0,46.88
2016-09-26 00:00:00-04:00,186.671961197959,186.8542675693447,185.79511020720466,185.9947967529297,89827300,0.0,0.0,0.0,41.47
2016-09-27 00:00:00-04:00,185.8298515033904,187.24494482488453,185.45653541141556,187.1494598388672,78494800,0.0,0.0,0.0,44.9
2016-09-28 00:00:00-04:00,187.37520656518205,188.2346907991093,186.40287039942842,188.0784149169922,87411000,0.0,0.0,0.0,48.36
2016-09-29 00:00:00-04:00,187.8699924011184,188.27802903814458,185.8211323769103,186.3767547607422,128070600,0.0,0.0,0.0,56.1
2016-09-30 00:00:00-04:00,187.21893623714743,188.4951341161024,186.9671753464341,187.7832489013672,117202900,0.0,0.0,0.0,52.78
2016-10-03 00:00:00-04:00,187.36653623076828,187.55751948674285,186.68935838085753,187.33180236816406,83512100,0.0,0.0,0.0,61.13
2016-10-04 00:00:00-04:00,187.44460208593802,187.6703191256851,185.77773493444235,186.3767547607422,119948100,0.0,0.0,0.0,57.52
2016-10-05 00:00:00-04:00,187.0105721156535,187.63564912191393,186.94111764305944,187.20156860351562,72816000,0.0,0.0,0.0,54.44
2016-10-06 00:00:00-04:00,186.97585313545014,187.55751948674285,186.4289206467617,187.33180236816406,62927400,0.0,0.0,0.0,57.8
2016-10-07 00:00:00-04:00,187.60963882179428,187.78326841071342,185.9514477663762,186.6893768310547,89788300,0.0,0.0,0.0,55.05
2016-10-10 00:00:00-04:00,187.66165161132812,188.13045263935325,187.51406585718902,187.66165161132812,51855000,0.0,0.0,0.0,57.94
2016-10-11 00:00:00-04:00,187.22758860435727,187.29704306813335,184.55365136085766,185.2915802001953,130367400,0.0,0.0,0.0,43.21
2016-10-12 00:00:00-04:00,185.43052540552733,186.06429254381825,184.92699037995197,185.5347137451172,73866100,0.0,0.0,0.0,39.49
2016-10-13 00:00:00-04:00,184.18902732953487,185.4304911092018,183.36427708989297,184.9269561767578,101357000,0.0,0.0,0.0,40.7
2016-10-14 00:00:00-04:00,185.9166963382774,186.3855107558713,184.94436013450823,185.02249145507812,93346200,0.0,0.0,0.0,46.11
2016-10-17 00:00:00-04:00,184.9964375950738,185.25688856319357,184.19773100736987,184.3800506591797,58275700,0.0,0.0,0.0,38.43
2016-10-18 00:00:00-04:00,185.994838066454,186.0556024547183,185.15272074315746,185.5347137451172,76869700,0.0,0.0,0.0,39.57
2016-10-19 00:00:00-04:00,185.80382392094137,186.34207951054083,185.43919788472056,186.029541015625,66519200,0.0,0.0,0.0,48.42
2016-10-20 00:00:00-04:00,185.67363718011018,186.24662676861647,185.01383941725047,185.6823272705078,73639800,0.0,0.0,0.0,39.42
2016-10-21 00:00:00-04:00,185.68226534092736,185.85589487881347,184.70991608401286,185.76907348632812,89089100,0.0,0.0,0.0,41.83
2016-10-24 00:00:00-04:00,186.65459551995588,186.93241336956274,186.20314813788684,186.55909729003906,60146600,0.0,0.0,0.0,50.97
2016-10-25 00:00:00-04:00,186.37677829241275,186.63722921551744,185.76906830322466,185.93402099609375,66542300,0.0,0.0,0.0,43.11
2016-10-26 00:00:00-04:00,185.1006209483685,186.15108838715878,184.8575236701365,185.5607452392578,75705500,0.0,0.0,0.0,40.62
2016-10-27 00:00:00-04:00,186.28996697838986,186.32468758557349,184.98772563211756,185.06585693359375,77220200,0.0,0.0,0.0,41.27
2016-10-28 00:00:00-04:00,185.0398533665246,185.7256947958441,183.7983893719694,184.51895141601562,140623200,0.0,0.0,0.0,32.29
2016-10-31 00:00:00-04:00,184.85751057161937,185.0832409038931,184.3626657029524,184.52761840820312,61272500,0.0,0.0,0.0,44.13
2016-11-01 00:00:00-04:00,184.85748000441296,184.9095807819969,181.9665160849483,183.19061279296875,122781800,0.0,0.0,0.0,34.59
2016-11-02 00:00:00-04:00,182.87809008947502,183.26877309599467,181.64530318896894,182.08807373046875,103330800,0.0,0.0,0.0,32.48
2016-11-03 00:00:00-04:00,182.30514992477902,182.5221901947393,180.9768645323891,181.25466918945312,88939300,0.0,0.0,0.0,28.68
2016-11-04 00:00:00-04:00,181.3675311889277,182.21832532307042,180.90740688444635,181.05499267578125,109122100,0.0,0.0,0.0,30.2
2016-11-07 00:00:00-05:00,181.05499005796295,185.0832568096698,181.05499005796295,185.04852294921875,109794900,0.0,0.0,0.0,47.84
2016-11-08 00:00:00-05:00,184.649155781618,186.45493215906797,184.38002800489298,185.88194274902344,106772100,0.0,0.0,0.0,49.36
2016-11-09 00:00:00-05:00,184.37134239663706,188.4777533546396,184.34529862710093,187.85267639160156,258429000,0.0,0.0,0.0,58.22
2016-11-10 00:00:00-05:00,188.65140813992255,189.52824607481574,186.8456314770082,188.32150268554688,172113300,0.0,0.0,0.0,59.4
2016-11-11 00:00:00-05:00,187.59226429915662,188.13051997715573,186.9324665891226,187.88743591308594,100552700,0.0,0.0,0.0,55.02
2016-11-14 00:00:00-05:00,188.41696607427065,188.6253294669697,187.27967737250947,188.03497314453125,94580000,0.0,0.0,0.0,58.24
2016-11-15 00:00:00-05:00,188.42564242585433,189.50216674804688,188.21729228078027,189.50216674804688,91652600,0.0,0.0,0.0,64.24
2016-11-16 00:00:00-05:00,188.87711243337466,189.38064742273397,188.75557041850075,189.146240234375,65617700,0.0,0.0,0.0,64.89
2016-11-17 00:00:00-05:00,189.30251780978574,190.1793556930336,189.1896526352866,190.11859130859375,69797200,0.0,0.0,0.0,69.82
2016-11-18 00:00:00-05:00,190.1880190937185,190.36164862829318,189.51084138883397,189.6931610107422,86265800,0.0,0.0,0.0,67.76
2016-11-21 00:00:00-05:00,190.27484678934158,191.15168463964875,190.1272610074336,191.12564086914062,72402600,0.0,0.0,0.0,77.11
2016-11-22 00:00:00-05:00,191.43820002532993,191.6812840743671,190.76103542485683,191.4989776611328,67429000,0.0,0.0,0.0,83.83
2016-11-23 00:00:00-05:00,190.97807237112517,191.6552369597928,190.77839903013006,191.6031494140625,56620200,0.0,0.0,0.0,89.26
2016-11-25 00:00:00-05:00,191.95039169018756,192.34973830954064,191.8722471367621,192.3150177001953,37872300,0.0,0.0,0.0,91.12
2016-11-28 00:00:00-05:00,192.00246566885937,192.28027026525845,191.30793430723583,191.412109375,76572500,0.0,0.0,0.0,80.02
2016-11-29 00:00:00-05:00,191.44690960864654,192.24561631496684,191.1430478928657,191.78549194335938,69886700,0.0,0.0,0.0,79.11
2016-11-30 00:00:00-05:00,192.41054927790518,192.57550200682132,191.264570264648,191.32534790039062,113291800,0.0,0.0,0.0,70.12
2016-12-01 00:00:00-05:00,191.629218793793,191.629218793793,190.2575225022228,190.62216186523438,79040500,0.0,0.0,0.0,62.98
2016-12-02 00:00:00-05:00,190.70892874961328,191.21246372842356,190.3529795538375,190.7176055908203,74840300,0.0,0.0,0.0,66.6
2016-12-05 00:00:00-05:00,191.55972476835402,192.2108455367673,191.36005144189133,191.86358642578125,67837800,0.0,0.0,0.0,70.1
2016-12-06 00:00:00-05:00,192.0545694056872,192.50601681589205,191.56840138565966,192.47128295898438,59877400,0.0,0.0,0.0,67.13
2016-12-07 00:00:00-05:00,192.31504544801768,195.0497475411897,192.19350342714532,194.98898315429688,110738100,0.0,0.0,0.0,76.98
2016-12-08 00:00:00-05:00,194.9629394144326,195.94395242339314,194.6937983530181,195.46646118164062,99714400,0.0,0.0,0.0,75.88
2016-12-09 00:00:00-05:00,195.69220173434059,196.6645379521363,195.65746787108364,196.6471710205078,88005800,0.0,0.0,0.0,81.36
2016-12-12 00:00:00-05:00,196.55162081261324,197.03780204008606,195.99599837115682,196.42140197753906,102016100,0.0,0.0,0.0,76.8
2016-12-13 00:00:00-05:00,197.08989970675952,198.23586525557974,197.07253277882882,197.73233032226562,110477500,0.0,0.0,0.0,78.81
2016-12-14 00:00:00-05:00,197.42848969430872,198.14037480240466,195.6574338942049,196.10020446777344,142501800,0.0,0.0,0.0,68.21
2016-12-15 00:00:00-05:00,196.34330864167953,197.77576909281365,196.1089014461368,196.90760803222656,124972600,0.0,0.0,0.0,68.46
2016-12-16 00:00:00-05:00,197.3695569263512,197.43069278272253,196.19936759879735,196.52247619628906,156420200,1.329,0.0,0.0,71.43
2016-12-19 00:00:00-05:00,196.7058616537353,197.37828941795942,196.55740599867673,196.95037841796875,90341100,0.0,0.0,0.0,71.56
2016-12-20 00:00:00-05:00,197.4918245317353,197.85861303675313,197.25604905372228,197.71014404296875,89838800,0.0,0.0,0.0,76.0
2016-12-21 00:00:00-05:00,197.57917342606612,197.75382638395087,197.16000366210938,197.16000366210938,67909000,0.0,0.0,0.0,76.96
2016-12-22 00:00:00-05:00,197.0115344694917,197.1337928641425,196.41769846321225,196.8194122314453,56219100,0.0,0.0,0.0,74.67
2016-12-23 00:00:00-05:00,196.86305961449077,197.11631770490723,196.67095070732805,197.1075897216797,36697800,0.0,0.0,0.0,72.78
2016-12-27 00:00:00-05:00,197.37831439221728,197.9983343638445,197.36084509965755,197.5966339111328,42672500,0.0,0.0,0.0,72.49
2016-12-28 00:00:00-05:00,197.85864846989423,197.87610443979983,195.85010594181713,195.963623046875,64095000,0.0,0.0,0.0,54.64
2016-12-29 00:00:00-05:00,196.03343895229162,196.39148612529624,195.47454157315755,195.919921875,48696100,0.0,0.0,0.0,52.25
2016-12-30 00:00:00-05:00,196.25171179906135,196.3390449071396,194.5051562387881,195.2037811279297,108998300,0.0,0.0,0.0,42.49
2017-01-03 00:00:00-05:00,196.5225077832249,197.21240497950157,195.50951526269048,196.69717407226562,91366500,0.0,0.0,0.0,51.27
2017-01-04 00:00:00-05:00,197.02898730563115,198.01579575581007,197.02025932228253,197.86734008789062,78744400,0.0,0.0,0.0,50.63
2017-01-05 00:00:00-05:00,197.59662695823988,197.8673410201429,196.90672984064943,197.71014404296875,78379000,0.0,0.0,0.0,58.69
2017-01-06 00:00:00-05:00,197.82369019821098,198.88909056384182,197.27352072206014,198.4175262451172,71559900,0.0,0.0,0.0,58.24
2017-01-09 00:00:00-05:00,198.15553045063652,198.29525814015054,197.72761939843699,197.76255798339844,46939700,0.0,0.0,0.0,56.57
2017-01-10 00:00:00-05:00,197.78001395071328,198.627094746289,197.3695721909945,197.76255798339844,63771900,0.0,0.0,0.0,54.51
2017-01-11 00:00:00-05:00,197.6752111251188,198.32144165039062,197.00278332552728,198.32144165039062,74650000,0.0,0.0,0.0,53.47
2017-01-12 00:00:00-05:00,197.79748741569205,198.01580693822592,196.4526450199565,197.8236846923828,72113200,0.0,0.0,0.0,53.79
2017-01-13 00:00:00-05:00,197.9983765913584,198.58347142781653,197.96345132395635,198.27783203125,62717900,0.0,0.0,0.0,58.23
2017-01-17 00:00:00-05:00,197.6315418867981,198.04198361247654,197.18617490422065,197.5791473388672,61240800,0.0,0.0,0.0,52.54
2017-01-18 00:00:00-05:00,197.83239859772914,198.05945941311222,197.2735011928223,198.0157928466797,54793300,0.0,0.0,0.0,52.27
2017-01-19 00:00:00-05:00,198.09439931004542,198.2341270028891,196.84561803381624,197.28225708007812,66608800,0.0,0.0,0.0,57.92
2017-01-20 00:00:00-05:00,197.9721262361316,198.50482636609325,197.3346370068874,198.00706481933594,129168600,0.0,0.0,0.0,61.59
2017-01-23 00:00:00-05:00,198.00709605143598,198.0682185939367,196.72337608207985,197.49185180664062,75061600,0.0,0.0,0.0,63.0
2017-01-24 00:00:00-05:00,197.71015802880848,199.1772721771658,197.59664093604948,198.7581024169922,95555300,0.0,0.0,0.0,62.02
2017-01-25 00:00:00-05:00,199.71866319960088,200.47842407226562,199.552738258155,200.47842407226562,84437700,0.0,0.0,0.0,64.31
2017-01-26 00:00:00-05:00,200.32999766207448,200.60072507547423,199.9894197244319,200.2688751220703,59970700,0.0,0.0,0.0,63.94
2017-01-27 00:00:00-05:00,200.34742492561637,200.4958805775303,199.77105828277595,199.95445251464844,59711100,0.0,0.0,0.0,58.75
2017-01-30 00:00:00-05:00,199.25585991367421,199.28205719032377,197.71889527451393,198.7144317626953,79737300,0.0,0.0,0.0,55.08
2017-01-31 00:00:00-05:00,198.2166243964425,198.75806578392218,197.64027107936877,198.69692993164062,75880800,0.0,0.0,0.0,54.98
2017-02-01 00:00:00-05:00,198.69696664008157,199.6226393015699,198.18173575493864,198.7755584716797,79117700,0.0,0.0,0.0,52.55
2017-02-02 00:00:00-05:00,198.77557071533803,199.1947538266806,198.07695884676824,198.9065704345703,69657600,0.0,0.0,0.0,56.34
2017-02-03 00:00:00-05:00,199.82346244332695,200.46095160151495,199.50908185535573,200.27755737304688,80563200,0.0,0.0,0.0,60.57
2017-02-06 00:00:00-05:00,199.8671458535622,200.26885962529116,199.57896249398473,199.91954040527344,57790100,0.0,0.0,0.0,62.84
2017-02-07 00:00:00-05:00,200.31254346275836,200.55706027526816,199.73617669391376,199.9282989501953,57931200,0.0,0.0,0.0,61.01
2017-02-08 00:00:00-05:00,199.92830624253438,200.32127875374675,199.3781367317366,200.19029235839844,51566200,0.0,0.0,0.0,67.69
2017-02-09 00:00:00-05:00,200.19025580214773,201.68355373710082,200.19025580214773,201.37791442871094,65955200,0.0,0.0,0.0,69.42
2017-02-10 00:00:00-05:00,201.72722516432808,202.39965297925545,201.39537524848973,202.17259216308594,66015900,0.0,0.0,0.0,76.12
2017-02-13 00:00:00-05:00,202.6703243371189,203.53487420273441,202.6441270677211,203.27288818359375,55182100,0.0,0.0,0.0,75.67
2017-02-14 00:00:00-05:00,203.08956172189295,204.09383957609185,202.740255796621,204.08509826660156,71109000,0.0,0.0,0.0,72.87
2017-02-15 00:00:00-05:00,203.8667471881892,205.3425891456683,203.81435264002198,205.1504669189453,86785800,0.0,0.0,0.0,77.92
2017-02-16 00:00:00-05:00,205.1766955773325,205.36008984913502,204.216097621947,204.97584533691406,84722400,0.0,0.0,0.0,79.19
2017-02-17 00:00:00-05:00,204.30339848593482,205.29893493652344,204.28592919377274,205.29893493652344,77204100,0.0,0.0,0.0,92.84
2017-02-21 00:00:00-05:00,205.67444937968486,206.69618309575037,205.66570807110813,206.5215301513672,88946100,0.0,0.0,0.0,94.01
2017-02-22 00:00:00-05:00,206.11108727168985,206.56518225956012,205.94516231162882,206.338134765625,62115200,0.0,0.0,0.0,92.04
2017-02-23 00:00:00-05:00,206.86208867502228,206.87954464020922,205.70935536479922,206.47784423828125,74615900,0.0,0.0,0.0,92.05
2017-02-24 00:00:00-05:00,205.62207322978117,206.78352141019064,205.5784066584863,206.7398681640625,82381600,0.0,0.0,0.0,90.93
2017-02-27 00:00:00-05:00,206.65253124508985,207.23762597928203,206.39928645647424,207.06297302246094,56515400,0.0,0.0,0.0,95.44
2017-02-28 00:00:00-05:00,206.6786965088698,206.92321327557818,206.11107115583195,206.50404357910156,96961900,0.0,0.0,0.0,89.1
2017-03-01 00:00:00-05:00,208.18076677064985,209.86620044119388,208.1632974775156,209.39462280273438,149158200,0.0,0.0,0.0,91.69
2017-03-02 00:00:00-05:00,209.20249637984605,209.21123768882197,208.02357895755122,208.0759735107422,70246000,0.0,0.0,0.0,79.98
2017-03-03 00:00:00-05:00,207.9886201967033,208.37286464971936,207.6043757436872,208.20693969726562,81974300,0.0,0.0,0.0,78.72
2017-03-06 00:00:00-05:00,207.4035198240043,207.9449479064396,206.975608817624,207.5869140625,55391500,0.0,0.0,0.0,71.52
2017-03-07 00:00:00-05:00,207.28129960836267,207.63934684339674,206.75732739489007,206.9669189453125,65103700,0.0,0.0,0.0,64.65
2017-03-08 00:00:00-05:00,207.26384330302957,207.52582942618363,206.44295966889183,206.5826873779297,78168800,0.0,0.0,0.0,57.82
2017-03-09 00:00:00-05:00,206.7049073267294,207.1764849256853,205.8665678788427,206.84463500976562,90683900,0.0,0.0,0.0,60.11
2017-03-10 00:00:00-05:00,207.81399006805293,207.8576566379906,206.60886202863804,207.56947326660156,81991700,0.0,0.0,0.0,61.78
2017-03-13 00:00:00-04:00,207.50828466623238,207.71787615356655,207.17644813440694,207.67420959472656,57256800,0.0,0.0,0.0,56.76
2017-03-14 00:00:00-04:00,207.12407916315428,207.17648703870134,206.25954243152643,206.8795623779297,59880800,0.0,0.0,0.0,52.96
2017-03-15 00:00:00-04:00,207.4558982658518,209.09766500148186,207.22010949899436,208.6697540283203,96081800,0.0,0.0,0.0,60.16
2017-03-16 00:00:00-04:00,208.80950779529584,208.88809961901862,207.92750179257732,208.25933837890625,78344000,0.0,0.0,0.0,56.95
2017-03-17 00:00:00-04:00,208.52511240184273,208.7180704639906,207.89361572265625,207.89361572265625,89002100,1.033,0.0,0.0,53.78
2017-03-20 00:00:00-04:00,207.89360837498856,208.1830454579807,207.27089105535916,207.6655731201172,52537000,0.0,0.0,0.0,55.46
2017-03-21 00:00:00-04:00,208.27952589903765,208.4023161729764,204.86769609123587,204.99925231933594,131809300,0.0,0.0,0.0,28.91
2017-03-22 00:00:00-04:00,205.03430867517338,205.77105019581924,204.4028121194387,205.4816131591797,97569200,0.0,0.0,0.0,36.47
2017-03-23 00:00:00-04:00,205.4816441766826,206.41134386209322,204.88523810797992,205.2623748779297,100410300,0.0,0.0,0.0,34.78
2017-03-24 00:00:00-04:00,205.56936515622644,206.1482259560155,204.32391709738266,205.11328125,112504900,0.0,0.0,0.0,36.56
2017-03-27 00:00:00-04:00,203.4204780913179,205.16586627571573,203.13982038860271,204.90274047851562,87454500,0.0,0.0,0.0,38.26
2017-03-28 00:00:00-04:00,204.5958031419324,206.8235733517039,204.48177882279907,206.39381408691406,93483900,0.0,0.0,0.0,49.05
2017-03-29 00:00:00-04:00,206.10439493569623,206.82359134638094,205.87634627758823,206.58677673339844,61950400,0.0,0.0,0.0,48.69
2017-03-30 00:00:00-04:00,206.52538672462495,207.446320538708,206.34997394649892,207.2445831298828,56737900,0.0,0.0,0.0,48.34
2017-03-31 00:00:00-04:00,206.90252922773382,207.43754691479484,206.70957115153888,206.76220703125,73733100,0.0,0.0,0.0,45.5
2017-04-03 00:00:00-04:00,206.81478468434068,207.01650867184574,205.15710948601645,206.40255737304688,85546500,0.0,0.0,0.0,47.54
2017-04-04 00:00:00-04:00,206.1131406052597,206.62184698379366,205.7272244985694,206.5341339111328,56466200,0.0,0.0,0.0,36.73
2017-04-05 00:00:00-04:00,207.21822105634558,208.20932241521157,205.7096474448342,205.92015075683594,108800600,0.0,0.0,0.0,35.82
2017-04-06 00:00:00-04:00,206.06051536390038,207.02529223461,205.61319743569223,206.49905395507812,69135800,0.0,0.0,0.0,41.76
2017-04-07 00:00:00-04:00,206.24471767798664,206.9902387215522,205.79741308172964,206.28857421875,74412300,0.0,0.0,0.0,41.85
2017-04-10 00:00:00-04:00,206.42889172694393,207.21825585904153,205.87632880459395,206.41134643554688,67615300,0.0,0.0,0.0,61.96
2017-04-11 00:00:00-04:00,206.02543591566183,206.27101646934167,204.6571975785494,206.165771484375,88045300,0.0,0.0,0.0,56.04
2017-04-12 00:00:00-04:00,205.88510557496778,206.07806362852122,205.03433962515558,205.2623748779297,81864400,0.0,0.0,0.0,50.0
2017-04-13 00:00:00-04:00,204.92030066087943,205.6658215766089,203.92919921875,203.92919921875,92880400,0.0,0.0,0.0,42.14
2017-04-17 00:00:00-04:00,204.45549940215378,205.7360382080078,204.25377536109488,205.7360382080078,68405400,0.0,0.0,0.0,54.56
2017-04-18 00:00:00-04:00,204.9904683196138,205.66582145839297,204.4291394905744,205.1220245361328,83225800,0.0,0.0,0.0,42.3
2017-04-19 00:00:00-04:00,205.692133216376,206.06926996009747,204.5168396856139,204.74488830566406,68699900,0.0,0.0,0.0,39.09
2017-04-20 00:00:00-04:00,205.36762241916853,206.8586643757868,205.0431081355718,206.41134643554688,92572200,0.0,0.0,0.0,45.59
2017-04-21 00:00:00-04:00,206.3324142111826,206.3850367026233,205.35009201592632,205.7535400390625,110389800,0.0,0.0,0.0,44.76
2017-04-24 00:00:00-04:00,208.02515389310366,208.2268912752842,205.72721602193954,208.01638793945312,119209900,0.0,0.0,0.0,57.0
2017-04-25 00:00:00-04:00,208.6654472305555,209.57760166217784,208.57773415420453,209.22677612304688,76698300,0.0,0.0,0.0,60.68
2017-04-26 00:00:00-04:00,209.19167861249778,210.08630110573637,209.05135643137365,209.09519958496094,84702500,0.0,0.0,0.0,63.1
2017-04-27 00:00:00-04:00,209.41974667378108,209.5776141608639,208.7268481254405,209.27064514160156,57410300,0.0,0.0,0.0,61.83
2017-04-28 00:00:00-04:00,209.53377165654123,209.56008290615094,208.68300556412584,208.8145751953125,63532800,0.0,0.0,0.0,60.56
2017-05-01 00:00:00-04:00,209.3407745361328,209.77054717151773,208.91978123773953,209.3407745361328,66882500,0.0,0.0,0.0,61.84
2017-05-02 00:00:00-04:00,209.48114248107376,209.60393276971837,209.00752662005533,209.4197540283203,57375700,0.0,0.0,0.0,63.34
2017-05-03 00:00:00-04:00,209.41971937061336,209.51619839452013,208.48124037596256,209.1653594970703,73137700,0.0,0.0,0.0,66.89
2017-05-04 00:00:00-04:00,209.47230574580774,209.55123946544975,208.55137220058495,209.41090393066406,61462700,0.0,0.0,0.0,76.19
2017-05-05 00:00:00-04:00,209.78807756873704,210.25292736968015,209.34075967426125,210.23538208007812,62001300,0.0,0.0,0.0,73.73
2017-05-08 00:00:00-04:00,210.279281645051,210.4283831793442,209.77057520756614,210.20034790039062,48385700,0.0,0.0,0.0,78.52
2017-05-09 00:00:00-04:00,210.46343860116954,210.66516259819863,209.65651584678275,210.00735473632812,51363200,0.0,0.0,0.0,80.18
2017-05-10 00:00:00-04:00,209.96348245526247,210.3844757080078,209.7529791373227,210.3844757080078,54293800,0.0,0.0,0.0,76.74
2017-05-11 00:00:00-04:00,209.92841592966366,210.1213739684649,208.85838076290582,209.95472717285156,62358300,0.0,0.0,0.0,79.17
2017-05-12 00:00:00-04:00,209.70040664980422,209.9986097172983,209.33203579293433,209.6039276123047,53912700,0.0,0.0,0.0,65.01
2017-05-15 00:00:00-04:00,210.03371243164167,210.8844785251355,210.01616713750025,210.76168823242188,61918900,0.0,0.0,0.0,64.66
2017-05-16 00:00:00-04:00,211.05985615739309,211.08616740265302,210.17401300632415,210.56869506835938,51241800,0.0,0.0,0.0,63.91
2017-05-17 00:00:00-04:00,210.56868020342552,210.56868020342552,206.7709346024187,206.83233642578125,172174100,0.0,0.0,0.0,36.24
2017-05-18 00:00:00-04:00,206.7534053343596,208.5251050318558,206.49027949680894,207.6655731201172,107047700,0.0,0.0,0.0,43.78
2017-05-19 00:00:00-04:00,208.156749154492,209.6916343700564,208.1041266598317,209.0162811279297,115011400,0.0,0.0,0.0,48.39
2017-05-22 00:00:00-04:00,209.53368729720526,210.2441309000534,209.46353291524935,210.07748413085938,61010600,0.0,0.0,0.0,52.98
2017-05-23 00:00:00-04:00,210.45464533607242,210.70900518705056,210.06872927468098,210.5423583984375,48341700,0.0,0.0,0.0,56.12
2017-05-24 00:00:00-04:00,210.77914660595007,211.13873799716373,210.43707373537725,211.0334930419922,46927700,0.0,0.0,0.0,57.06
2017-05-25 00:00:00-04:00,211.5510142109825,212.3228464158956,211.34052425192309,212.04217529296875,64071700,0.0,0.0,0.0,57.73
2017-05-26 00:00:00-04:00,211.84923713826188,212.16498548964128,211.77030339620129,211.99835205078125,46629900,0.0,0.0,0.0,57.69
2017-05-30 00:00:00-04:00,211.67382763119656,212.06850973073313,211.51596014463684,211.8141632080078,35201900,0.0,0.0,0.0,57.73
2017-05-31 00:00:00-04:00,212.1123153428211,212.1474059201672,211.05982553571596,211.76148986816406,91796000,0.0,0.0,0.0,56.06
2017-06-01 00:00:00-04:00,212.22635890317295,213.46304089573397,211.93692183790537,213.44549560546875,68962000,0.0,0.0,0.0,63.84
2017-06-02 00:00:00-04:00,213.4981216923144,214.31381041420778,213.19991866845467,214.1559295654297,88666100,0.0,0.0,0.0,67.55
2017-06-05 00:00:00-04:00,213.98054735830132,214.26998446976995,213.79635523895314,213.9980926513672,44698800,0.0,0.0,0.0,63.52
2017-06-06 00:00:00-04:00,213.42796051929773,213.9892893864051,213.23500246656056,213.31394958496094,50375400,0.0,0.0,0.0,61.01
2017-06-07 00:00:00-04:00,213.6560109322373,213.93666867655864,212.98065774203718,213.70863342285156,54144300,0.0,0.0,0.0,87.69
2017-06-08 00:00:00-04:00,213.80510733716818,214.29626841533704,213.27885567733833,213.81387329101562,65950700,0.0,0.0,0.0,86.62
2017-06-09 00:00:00-04:00,214.08580129939767,214.89271083337132,212.20885635701296,213.48939514160156,132256400,0.0,0.0,0.0,80.36
2017-06-12 00:00:00-04:00,213.24377160839202,213.4981180931292,212.5859637463662,213.44549560546875,86108100,0.0,0.0,0.0,76.52
2017-06-13 00:00:00-04:00,213.9892564313892,214.54181925941606,213.63843096215126,214.48919677734375,60067000,0.0,0.0,0.0,78.48
2017-06-14 00:00:00-04:00,214.76112978814896,214.7698957424674,213.38411212138257,214.21734619140625,78602300,0.0,0.0,0.0,73.73
2017-06-15 00:00:00-04:00,212.84909041816948,213.92790501989097,212.56843267083417,213.80511474609375,66464900,0.0,0.0,0.0,64.42
2017-06-16 00:00:00-04:00,213.96640226998448,214.01928137997075,212.96165883504472,213.85182189941406,84553100,1.183,0.0,0.0,65.15
2017-06-19 00:00:00-04:00,214.6891007716386,215.6938441827939,214.5921512561587,215.6321563720703,65123800,0.0,0.0,0.0,74.75
2017-06-20 00:00:00-04:00,215.27078638806225,215.27959508958173,214.16028481864072,214.1779022216797,56906400,0.0,0.0,0.0,63.26
2017-06-21 00:00:00-04:00,214.5744992485541,214.6890661495364,213.6490746497403,214.125,55977600,0.0,0.0,0.0,54.54
2017-06-22 00:00:00-04:00,214.1338478333734,214.63621279399302,213.85180800057688,214.028076171875,44148100,0.0,0.0,0.0,49.07
2017-06-23 00:00:00-04:00,214.0898228597337,214.61862748584392,213.70202473154484,214.28372192382812,66986800,0.0,0.0,0.0,52.05
2017-06-26 00:00:00-04:00,214.96232457739606,215.3853843561002,214.21318143502486,214.42469787597656,56700500,0.0,0.0,0.0,58.65
2017-06-27 00:00:00-04:00,214.20437416508054,214.5040448912474,212.67963477089577,212.697265625,82247700,0.0,0.0,0.0,43.48
2017-06-28 00:00:00-04:00,213.7284521857969,214.80370568091303,213.49048272090357,214.6009979248047,70042600,0.0,0.0,0.0,54.12
2017-06-29 00:00:00-04:00,214.75075441648576,214.80363351349595,211.48974676635223,212.71482849121094,106949700,0.0,0.0,0.0,46.52
2017-06-30 00:00:00-04:00,213.53455760594017,213.91354701710966,212.917612173294,213.11151123046875,86820700,0.0,0.0,0.0,48.54
2017-07-03 00:00:00-04:00,214.06331454399864,214.5039916484134,213.47280883789062,213.47280883789062,39153800,0.0,0.0,0.0,45.29
2017-07-05 00:00:00-04:00,213.84298057496153,214.17788603658394,213.02331415001572,213.96636962890625,54427600,0.0,0.0,0.0,48.86
2017-07-06 00:00:00-04:00,213.19077708178813,213.31416613774513,211.82467531686527,212.009765625,65400800,0.0,0.0,0.0,42.85
2017-07-07 00:00:00-04:00,212.59149104538116,213.53453321720224,212.01860264246903,213.38470458984375,57972300,0.0,0.0,0.0,48.32
2017-07-10 00:00:00-04:00,213.38468329714715,213.99281989647204,213.07620392263775,213.61383056640625,36663300,0.0,0.0,0.0,41.82
2017-07-11 00:00:00-04:00,213.61383751417486,213.7724882814366,212.27418866022805,213.4552001953125,50354600,0.0,0.0,0.0,46.73
2017-07-12 00:00:00-04:00,214.4335415225521,215.22675515243756,214.4335415225521,215.05929565429688,59610400,0.0,0.0,0.0,53.71
2017-07-13 00:00:00-04:00,215.06813312802166,215.53524994642905,214.8389723464917,215.42066955566406,39471600,0.0,0.0,0.0,55.42
2017-07-14 00:00:00-04:00,215.42058029064532,216.78668191638522,215.32363079595677,216.42532348632812,60262700,0.0,0.0,0.0,57.87
2017-07-17 00:00:00-04:00,216.3460771837517,216.73387529218095,216.22268809910616,216.39895629882812,33531900,0.0,0.0,0.0,57.32
2017-07-18 00:00:00-04:00,215.98467083898257,216.5663678729064,215.6409432186455,216.51348876953125,42742500,0.0,0.0,0.0,66.07
2017-07-19 00:00:00-04:00,216.83081512920143,217.69453868312064,216.82199297814856,217.68572998046875,51034300,0.0,0.0,0.0,63.84
2017-07-20 00:00:00-04:00,217.9413216678248,218.06471074968866,217.22742673358394,217.78268432617188,47135200,0.0,0.0,0.0,77.1
2017-07-21 00:00:00-04:00,217.20099278385666,217.6152304511794,216.9718320199069,217.5887908935547,82340800,0.0,0.0,0.0,74.47
2017-07-24 00:00:00-04:00,217.509450925592,217.67691041677517,217.05996501378544,217.53590393066406,46622300,0.0,0.0,0.0,72.98
2017-07-25 00:00:00-04:00,218.29382928626478,218.39960094849306,217.8355347274071,218.06468200683594,54915600,0.0,0.0,0.0,73.09
2017-07-26 00:00:00-04:00,218.35551087867884,218.39075913064755,217.80907555857485,218.07347106933594,47575400,0.0,0.0,0.0,93.77
2017-07-27 00:00:00-04:00,218.54064178042626,218.57589003894262,216.53114138657173,217.8708038330078,70766600,0.0,0.0,0.0,88.98
2017-07-28 00:00:00-04:00,217.38608884963898,217.74744743356578,216.92779417814447,217.61524963378906,50088400,0.0,0.0,0.0,84.61
2017-07-31 00:00:00-04:00,218.02061054525464,218.11756005692777,217.28027615524127,217.49180603027344,65838700,0.0,0.0,0.0,85.12
2017-08-01 00:00:00-04:00,218.0999363026201,218.135184556566,217.44772929322934,217.97654724121094,55050400,0.0,0.0,0.0,81.53
2017-08-02 00:00:00-04:00,218.1087454608177,218.22332582108012,217.13925037028724,218.08230590820312,47211200,0.0,0.0,0.0,80.44
2017-08-03 00:00:00-04:00,217.96776774750236,217.99420730523573,217.3772618774543,217.6593017578125,40856000,0.0,0.0,0.0,66.28
2017-08-04 00:00:00-04:00,218.15281193406406,218.39076790330762,217.6680643975328,218.0558624267578,60191800,0.0,0.0,0.0,69.92
2017-08-07 00:00:00-04:00,218.12639819475532,218.4613037109375,218.0206265252869,218.4613037109375,31995000,0.0,0.0,0.0,71.88
2017-08-08 00:00:00-04:00,218.14404467688286,219.3779490302183,217.5447300797445,217.9237060546875,61719400,0.0,0.0,0.0,53.12
2017-08-09 00:00:00-04:00,217.2274310835444,217.96776558955258,216.86607253356365,217.91488647460938,62632600,0.0,0.0,0.0,51.77
2017-08-10 00:00:00-04:00,217.0687690352781,217.20098026418256,214.78606436924386,214.8389434814453,120479500,0.0,0.0,0.0,29.2
2017-08-11 00:00:00-04:00,215.0681226215959,215.75557803579716,214.83015314794102,215.15625,74869900,0.0,0.0,0.0,32.69
2017-08-14 00:00:00-04:00,216.45180908444587,217.5094316025287,216.41656082814976,217.28909301757812,73291900,0.0,0.0,0.0,45.43
2017-08-15 00:00:00-04:00,217.6768718563426,217.69450270713367,216.95416835469274,217.26263427734375,55242700,0.0,0.0,0.0,45.23
2017-08-16 00:00:00-04:00,217.79146069664122,218.19688959023495,217.20976363346736,217.64163208007812,56715500,0.0,0.0,0.0,48.68
2017-08-17 00:00:00-04:00,217.02471810687314,217.34200623730254,214.24844360351562,214.24844360351562,128490400,0.0,0.0,0.0,35.75
2017-08-18 00:00:00-04:00,214.08095920794085,215.21791381322177,213.46401387287352,213.91351318359375,136748000,0.0,0.0,0.0,35.12
2017-08-21 00:00:00-04:00,213.85178536359595,214.34534157034574,213.13789060394728,214.0809326171875,65469700,0.0,0.0,0.0,33.36
2017-08-22 00:00:00-04:00,214.67148228922449,216.47824792110967,214.6538514369349,216.31961059570312,63140100,0.0,0.0,0.0,43.63
2017-08-23 00:00:00-04:00,215.34132911224773,215.97590537658982,215.19150047322267,215.54403686523438,50203800,0.0,0.0,0.0,42.55
2017-08-24 00:00:00-04:00,215.93181956193098,216.09045689249942,214.83012660498235,215.04165649414062,50741700,0.0,0.0,0.0,39.46
2017-08-25 00:00:00-04:00,215.84369414328447,216.46946170476673,215.39420822620934,215.54403686523438,64445900,0.0,0.0,0.0,39.87
2017-08-28 00:00:00-04:00,216.0816610270223,216.10810058368773,215.12979664186327,215.5528564453125,40565600,0.0,0.0,0.0,41.45
2017-08-29 00:00:00-04:00,214.22200488530876,216.06403241021218,214.10742450630477,215.7996368408203,51135700,0.0,0.0,0.0,42.5
2017-08-30 00:00:00-04:00,215.78198404508063,217.09520684926488,215.59689371692585,216.8219757080078,62030800,0.0,0.0,0.0,58.23
2017-08-31 00:00:00-04:00,217.44769631441326,218.37312085882868,216.85719064948458,218.1263427734375,103803900,0.0,0.0,0.0,61.39
2017-09-01 00:00:00-04:00,218.50540071916606,218.86675928300602,218.28506209951763,218.4348907470703,62007000,0.0,0.0,0.0,55.11
2017-09-05 00:00:00-04:00,217.9236655913016,218.1528263228124,215.88773925198518,216.8660430908203,91398800,0.0,0.0,0.0,48.45
2017-09-06 00:00:00-04:00,217.55352042301297,217.94131851709338,217.0158936922926,217.6063995361328,57916900,0.0,0.0,0.0,49.87
2017-09-07 00:00:00-04:00,217.91489031188328,217.932521166642,217.16573364125827,217.57997131347656,58034700,0.0,0.0,0.0,67.09
2017-09-08 00:00:00-04:00,217.2891096304986,217.79148809782745,217.07759317975044,217.32437133789062,63832800,0.0,0.0,0.0,67.64
2017-09-11 00:00:00-04:00,218.61113751096977,219.7216526520521,218.59352010597536,219.642333984375,71364800,0.0,0.0,0.0,73.53
2017-09-12 00:00:00-04:00,220.01246222923072,220.41787764667484,219.82737192238127,220.38262939453125,56896000,0.0,0.0,0.0,69.68
2017-09-13 00:00:00-04:00,220.0917965755264,220.52366502336866,219.97721621319286,220.4884033203125,59228000,0.0,0.0,0.0,75.62
2017-09-14 00:00:00-04:00,220.16227514555445,220.62058308115,219.98600700060152,220.41786193847656,95446300,0.0,0.0,0.0,79.16
2017-09-15 00:00:00-04:00,220.2717659912243,220.80319484501436,220.16548292349447,220.71463012695312,95432400,1.235,0.0,0.0,78.68
2017-09-18 00:00:00-04:00,221.08665137329487,221.5383679610094,220.79435939942948,221.18408203125,46235200,0.0,0.0,0.0,79.72
2017-09-19 00:00:00-04:00,221.4320730868951,221.49408055462717,221.07778717601252,221.40550231933594,47108100,0.0,0.0,0.0,79.66
2017-09-20 00:00:00-04:00,221.49409542539658,221.6003785027688,220.4754997117252,221.4852294921875,59574100,0.0,0.0,0.0,77.41
2017-09-21 00:00:00-04:00,221.32579640920542,221.4143611319135,220.71464170741103,220.89178466796875,48211400,0.0,0.0,0.0,67.74
2017-09-22 00:00:00-04:00,220.59061694819388,221.1043409400657,220.5640461826781,220.93605041503906,51214000,0.0,0.0,0.0,66.61
2017-09-25 00:00:00-04:00,220.6791752497245,221.03347463820757,219.7314531052043,220.48431396484375,57064400,0.0,0.0,0.0,78.21
2017-09-26 00:00:00-04:00,220.91834713193123,221.16634997041783,220.37805233769802,220.61720275878906,54082000,0.0,0.0,0.0,75.93
2017-09-27 00:00:00-04:00,221.32580719496238,221.8661020358353,220.43121290056663,221.47637939453125,81001400,0.0,0.0,0.0,79.34
2017-09-28 00:00:00-04:00,221.1929351846282,221.82180825445525,221.10437045946483,221.74209594726562,44778800,0.0,0.0,0.0,83.22
2017-09-29 00:00:00-04:00,221.7332172537372,222.6012407103216,221.5472218809985,222.52151489257812,85578000,0.0,0.0,0.0,78.17
2017-10-02 00:00:00-04:00,222.75181289039318,223.48696899414062,222.57465641998374,223.48696899414062,59023000,0.0,0.0,0.0,79.09
2017-10-03 00:00:00-04:00,223.48693795541448,223.9917959835695,223.4072121487464,223.96522521972656,66810200,0.0,0.0,0.0,80.45
2017-10-04 00:00:00-04:00,223.81472461291358,224.47902095166015,223.69957558935155,224.23101806640625,55953600,0.0,0.0,0.0,82.3
2017-10-05 00:00:00-04:00,224.5675454341606,225.57727514745628,224.26640105820988,225.5595703125,63522800,0.0,0.0,0.0,84.93
2017-10-06 00:00:00-04:00,225.10784254976838,225.5949958189021,224.84213487127846,225.30270385742188,80646000,0.0,0.0,0.0,80.63
2017-10-09 00:00:00-04:00,225.53299683989678,225.59499079178252,224.66497339236818,224.93069458007812,35803100,0.0,0.0,0.0,75.64
2017-10-10 00:00:00-04:00,225.5064345688859,225.90500960789717,224.9572738228907,225.52413940429688,43057400,0.0,0.0,0.0,77.34
2017-10-11 00:00:00-04:00,225.42668791982055,225.87841796875,225.25841090811576,225.87841796875,47674300,0.0,0.0,0.0,84.88
2017-10-12 00:00:00-04:00,225.5595732087234,225.91385912437437,225.3027044320063,225.54185485839844,47065100,0.0,0.0,0.0,80.95
2017-10-13 00:00:00-04:00,225.9846815035132,226.09983048880193,225.54181742488163,225.81639099121094,54800400,0.0,0.0,0.0,86.71
2017-10-16 00:00:00-04:00,226.04675310794173,226.31246081841027,225.70131956918968,226.1175994873047,38221700,0.0,0.0,0.0,87.01
2017-10-17 00:00:00-04:00,226.06439791199693,226.32126665076024,225.84296586864758,226.2769775390625,31561000,0.0,0.0,0.0,85.66
2017-10-18 00:00:00-04:00,226.65786821140657,226.70215732975674,226.30358229488797,226.49844360351562,40888300,0.0,0.0,0.0,85.56
2017-10-19 00:00:00-04:00,225.71016364989092,226.595892025781,225.28501781370355,226.56045532226562,61903800,0.0,0.0,0.0,83.83
2017-10-20 00:00:00-04:00,227.36645893424475,227.7561815375467,226.54272461087643,227.72958374023438,89176400,0.0,0.0,0.0,84.36
2017-10-23 00:00:00-04:00,228.05731192012107,228.08388268552193,226.7641292565318,226.84384155273438,63915300,0.0,0.0,0.0,71.87
2017-10-24 00:00:00-04:00,227.27789886050252,227.481599080585,226.87931029291542,227.24246215820312,66935900,0.0,0.0,0.0,72.43
2017-10-25 00:00:00-04:00,226.9058972303616,227.0210462483266,224.9750157868611,226.1175994873047,103715300,0.0,0.0,0.0,54.29
2017-10-26 00:00:00-04:00,226.73761027896074,227.012170396068,226.28588016061505,226.40988159179688,69798000,0.0,0.0,0.0,58.46
2017-10-27 00:00:00-04:00,227.16272247931448,228.4204684716956,226.41871400237886,228.26101684570312,85562500,0.0,0.0,0.0,70.75
2017-10-30 00:00:00-04:00,227.16270276228695,228.16357991007223,227.10956123499554,227.41070556640625,54285700,0.0,0.0,0.0,61.39
2017-10-31 00:00:00-04:00,227.7915854147924,228.02188341005564,227.46387028632157,227.7650146484375,60304800,0.0,0.0,0.0,61.39
2017-11-01 00:00:00-04:00,228.5533288728757,228.89874884018278,227.694171375352,228.066162109375,54202700,0.0,0.0,0.0,65.31
2017-11-02 00:00:00-04:00,227.9953147802594,228.2964591451974,226.9147252212319,228.1547393798828,56449500,0.0,0.0,0.0,64.51
2017-11-03 00:00:00-04:00,228.31418808250652,228.96077951183685,227.89789467491,228.91650390625,59589700,0.0,0.0,0.0,66.42
2017-11-06 00:00:00-05:00,228.7835852207563,229.40360577821474,228.71273885746837,229.270751953125,49652600,0.0,0.0,0.0,67.17
2017-11-07 00:00:00-05:00,229.37706632903345,229.71364741873256,228.59762107505315,229.11135864257812,57502200,0.0,0.0,0.0,65.1
2017-11-08 00:00:00-05:00,228.93418556422736,229.59848176247962,228.65074603237215,229.50103759765625,50469600,0.0,0.0,0.0,66.37
2017-11-09 00:00:00-05:00,228.27876493364795,228.8633488564182,227.06529445485174,228.66848754882812,95085500,0.0,0.0,0.0,55.43
2017-11-10 00:00:00-05:00,228.27874602716727,228.77475167262872,227.9598698092104,228.59759521484375,59984700,0.0,0.0,0.0,61.2
2017-11-13 00:00:00-05:00,227.90676272427424,229.04049394672373,227.87132602130518,228.81019592285156,50228600,0.0,0.0,0.0,60.26
2017-11-14 00:00:00-05:00,227.995353755878,228.38507641954556,227.2070424947322,228.27879333496094,61315200,0.0,0.0,0.0,65.33
2017-11-15 00:00:00-05:00,227.2956093112422,227.82705173772487,226.41874687723083,227.1361846923828,80811500,0.0,0.0,0.0,54.6
2017-11-16 00:00:00-05:00,228.0927102016971,229.4390343288852,228.0484346049991,229.0670166015625,67777000,0.0,0.0,0.0,55.05
2017-11-17 00:00:00-05:00,228.71279719026145,229.04051238582588,228.31420858305316,228.3939208984375,75756800,0.0,0.0,0.0,56.3
2017-11-20 00:00:00-05:00,228.64192236721607,228.97847642465567,228.3938924876027,228.7836151123047,48075500,0.0,0.0,0.0,56.5
2017-11-21 00:00:00-05:00,229.56298847056652,230.4664483768449,228.7481338052162,230.28042602539062,69176800,0.0,0.0,0.0,62.25
2017-11-22 00:00:00-05:00,230.2893330870874,230.42218691165866,229.90847644655665,230.07676696777344,45033400,0.0,0.0,0.0,60.5
2017-11-24 00:00:00-05:00,230.572790404142,230.71451017138793,230.43107063689612,230.6082000732422,27856500,0.0,0.0,0.0,59.48
2017-11-27 00:00:00-05:00,230.65245129966354,230.95359560158957,230.28929954520916,230.49302673339844,52274900,0.0,0.0,0.0,57.04
2017-11-28 00:00:00-05:00,230.9625015343004,232.8579458877165,230.86505737341074,232.8313751220703,98971700,0.0,0.0,0.0,67.13
2017-11-29 00:00:00-05:00,232.96427090350886,233.50457927598976,232.23799416829507,232.689697265625,77512100,0.0,0.0,0.0,65.03
2017-11-30 00:00:00-05:00,233.6197224770174,235.64802097344943,233.54001016770775,234.7268829345703,127894400,0.0,0.0,0.0,75.64
2017-12-01 00:00:00-05:00,234.50546557964347,234.9926053994653,230.9625518928335,234.23973083496094,164390900,0.0,0.0,0.0,73.06
2017-12-04 00:00:00-05:00,235.87832959057585,236.3123278597345,233.90314551470212,233.95631408691406,94040600,0.0,0.0,0.0,70.91
2017-12-05 00:00:00-05:00,233.11480712890625,234.85082683249115,232.98195330495733,233.11480712890625,77994500,0.0,0.0,0.0,69.17
2017-12-06 00:00:00-05:00,233.21224492784464,233.59312863063172,232.68966848713902,233.1591033935547,75898600,0.0,0.0,0.0,76.15
2017-12-07 00:00:00-05:00,233.894287109375,234.21313633434642,232.8934097694087,233.894287109375,77218600,0.0,0.0,0.0,73.39
2017-12-08 00:00:00-05:00,234.85969796901566,235.17854715355924,233.8588207559536,235.16970825195312,76563900,0.0,0.0,0.0,81.02
2017-12-11 00:00:00-05:00,235.8782501220703,235.94025757685546,235.14310768624134,235.8782501220703,83077500,0.0,0.0,0.0,81.56
2017-12-12 00:00:00-05:00,236.6753817159615,236.7728258559874,235.91366857700723,236.29452514648438,85195800,0.0,0.0,0.0,79.6
2017-12-13 00:00:00-05:00,236.54259423651465,236.9854583801508,236.17944239509913,236.2680206298828,102905400,0.0,0.0,0.0,81.01
2017-12-14 00:00:00-05:00,236.56919744189116,236.68434645987074,235.24947076258707,235.3026123046875,100666700,0.0,0.0,0.0,72.53
2017-12-15 00:00:00-05:00,236.3183703801461,237.73387358678244,236.26495721525006,237.2620391845703,144610300,1.351,0.0,0.0,77.61
2017-12-18 00:00:00-05:00,238.6775705543526,239.12269842664028,238.57074421195543,238.7666015625,83653600,0.0,0.0,0.0,75.97
2017-12-19 00:00:00-05:00,239.01588808133982,239.06039000416735,237.77841947270184,237.8496551513672,82382900,0.0,0.0,0.0,71.14
2017-12-20 00:00:00-05:00,238.8288686169301,238.88228178137464,237.42227667248076,237.72496032714844,76751500,0.0,0.0,0.0,64.57
2017-12-21 00:00:00-05:00,238.35702850850754,238.9357163902031,237.96531386633447,238.21458435058594,67032300,0.0,0.0,0.0,69.31
2017-12-22 00:00:00-05:00,238.2324177220364,238.26803555525345,237.6092278987466,238.1522979736328,78720900,0.0,0.0,0.0,70.83
2017-12-26 00:00:00-05:00,237.74279804785513,238.09001084709732,237.60038102957444,237.86744689941406,45244400,0.0,0.0,0.0,74.98
2017-12-27 00:00:00-05:00,238.03656746406432,238.34816238496666,237.70717721024792,237.983154296875,57751000,0.0,0.0,0.0,75.16
2017-12-28 00:00:00-05:00,238.49060082124535,238.51730740419808,238.09888615897432,238.4727783203125,45116100,0.0,0.0,0.0,74.51
2017-12-29 00:00:00-05:00,239.06037798835268,239.07817332289906,237.37780873065654,237.57363891601562,96007400,0.0,0.0,0.0,63.41
2018-01-02 00:00:00-05:00,238.44613166229942,239.30968095272198,238.05441690158483,239.27406311035156,86655700,0.0,0.0,0.0,67.06
2018-01-03 00:00:00-05:00,239.44312000510044,240.9387699451626,239.44312000510044,240.78741455078125,90070400,0.0,0.0,0.0,70.33
2018-01-04 00:00:00-05:00,241.43729577467423,242.29193342381976,240.84972390074887,241.80227661132812,80636400,0.0,0.0,0.0,72.98
2018-01-05 00:00:00-05:00,242.6035604388967,243.5383179445409,242.1050194800938,243.4136962890625,83524000,0.0,0.0,0.0,81.97
2018-01-08 00:00:00-05:00,243.3157099660741,244.01901936457395,243.02193762760388,243.85877990722656,57319200,0.0,0.0,0.0,79.52
2018-01-09 00:00:00-05:00,244.28613303456515,245.0428557339175,244.00124472000627,244.41078186035156,57254000,0.0,0.0,0.0,77.61
2018-01-10 00:00:00-05:00,243.64521152684725,244.30401932233514,242.96863556367205,244.03692626953125,69574300,0.0,0.0,0.0,81.97
2018-01-11 00:00:00-05:00,244.59773693343206,245.8173828125,244.42858618846464,245.8173828125,62361500,0.0,0.0,0.0,85.7
2018-01-12 00:00:00-05:00,246.08450772506382,247.58901495588032,245.78179686016037,247.41989135742188,90816100,0.0,0.0,0.0,86.98
2018-01-16 00:00:00-05:00,248.69292476225635,249.35170525862776,245.8708023579105,246.57411193847656,106555100,0.0,0.0,0.0,81.83
2018-01-17 00:00:00-05:00,247.51773990456795,249.31604626536108,246.5740712315491,248.92433166503906,113258800,0.0,0.0,0.0,86.15
2018-01-18 00:00:00-05:00,248.8086651137279,249.23597044869223,248.0074132737757,248.5059814453125,100728000,0.0,0.0,0.0,83.73
2018-01-19 00:00:00-05:00,249.0935874936088,249.63665771484375,248.50604251364842,249.63665771484375,140920100,0.0,0.0,0.0,84.38
2018-01-22 00:00:00-05:00,249.4229624125236,251.66639709472656,249.369522073197,251.66639709472656,91322400,0.0,0.0,0.0,90.57
2018-01-23 00:00:00-05:00,251.71084363836223,252.4942728634782,251.38145343426643,252.20050048828125,97084700,0.0,0.0,0.0,89.89
2018-01-24 00:00:00-05:00,252.85041161800328,253.4558061360012,250.90966073173735,252.10260009765625,134816100,0.0,0.0,0.0,88.26
2018-01-25 00:00:00-05:00,252.97506090321383,253.07297598855803,251.40820219012534,252.2094268798828,84587300,0.0,0.0,0.0,87.49
2018-01-26 00:00:00-05:00,253.05517182883875,255.17398465055763,252.79699007979025,255.12945556640625,107743100,0.0,0.0,0.0,88.57
2018-01-29 00:00:00-05:00,254.55085389295004,254.9959818270832,253.27779452175798,253.4380340576172,90118300,0.0,0.0,0.0,79.14
2018-01-30 00:00:00-05:00,251.58622081655767,253.4913535428928,250.35766382548664,250.83840942382812,131796400,0.0,0.0,0.0,67.39
2018-01-31 00:00:00-05:00,251.7020164716669,252.20944159810833,249.87697589402038,250.9630889892578,108364800,0.0,0.0,0.0,68.99
2018-02-01 00:00:00-05:00,250.2241801988147,251.99578037679365,249.87696742929913,250.67819213867188,90102500,0.0,0.0,0.0,64.52
2018-02-02 00:00:00-05:00,249.34277736902,249.47633744424465,245.18529891675732,245.22091674804688,173174800,0.0,0.0,0.0,44.66
2018-02-05 00:00:00-05:00,243.44039944300584,245.57700740328852,234.41319481262303,234.96514892578125,294681800,0.0,0.0,0.0,30.65
2018-02-06 00:00:00-05:00,231.41306115439525,240.10196519204598,230.30915281692052,239.59451293945312,355026800,0.0,0.0,0.0,35.55
2018-02-07 00:00:00-05:00,239.0335777711372,242.4699506155624,238.21453083918624,238.294677734375,167376100,0.0,0.0,0.0,34.6
2018-02-08 00:00:00-05:00,238.59742537379697,238.7398695379648,229.32094954965896,229.3565673828125,246449500,0.0,0.0,0.0,25.25
2018-02-09 00:00:00-05:00,232.1786595511804,234.6802757207881,225.1634543601612,232.80184936523438,283565300,0.0,0.0,0.0,27.75
2018-02-12 00:00:00-05:00,234.87614892725603,237.70718269585691,232.94430927628497,236.22044372558594,143736000,0.0,0.0,0.0,32.35
2018-02-13 00:00:00-05:00,235.00076566450298,237.35993750903168,234.41319372367704,236.8079833984375,81223600,0.0,0.0,0.0,33.29
2018-02-14 00:00:00-05:00,235.30349432157013,240.36905169559398,235.29458307019615,240.00404357910156,120735700,0.0,0.0,0.0,37.51
2018-02-15 00:00:00-05:00,241.76673216747676,243.0754090530921,239.2740000590233,243.06649780273438,111200300,0.0,0.0,0.0,37.69
2018-02-16 00:00:00-05:00,242.43445858958052,245.10522590820366,242.38992949986672,243.1377410888672,160420100,0.0,0.0,0.0,39.13
2018-02-20 00:00:00-05:00,242.17617591915513,243.63620781928472,240.81408624083363,241.6153106689453,86369700,0.0,0.0,0.0,40.04
2018-02-21 00:00:00-05:00,242.0604607456464,244.57098773177927,240.3155676035952,240.41348266601562,98883700,0.0,0.0,0.0,38.86
2018-02-22 00:00:00-05:00,241.34834860792685,243.08433108660486,240.04858276974298,240.72515869140625,110511300,0.0,0.0,0.0,39.5
2018-02-23 00:00:00-05:00,241.96257218693196,244.56210327148438,241.4818265655909,244.56210327148438,92766400,0.0,0.0,0.0,49.28
2018-02-26 00:00:00-05:00,245.648249015592,247.49999608769443,245.05179291035216,247.4020538330078,86491400,0.0,0.0,0.0,66.21
2018-02-27 00:00:00-05:00,247.58895428944695,248.31008626919578,244.25049602657032,244.3128204345703,99099200,0.0,0.0,0.0,56.41
2018-02-28 00:00:00-05:00,245.42566550272167,245.8797045678221,241.5174574154933,241.8379364013672,121907800,0.0,0.0,0.0,54.66
2018-03-01 00:00:00-05:00,241.6242824115672,243.19114100527594,236.80799622069966,238.32144165039062,176855100,0.0,0.0,0.0,63.76
2018-03-02 00:00:00-05:00,236.6299200869954,240.1197338821233,235.7574870145464,239.54995727539062,139083200,0.0,0.0,0.0,61.11
2018-03-05 00:00:00-05:00,238.34817736204704,242.94190020811251,238.2413238525069,242.31871032714844,97307400,0.0,0.0,0.0,60.26
2018-03-06 00:00:00-05:00,243.3068603014285,243.38700721882793,241.41952265468117,242.93296813964844,79213200,0.0,0.0,0.0,60.3
2018-03-07 00:00:00-05:00,240.74294282975418,243.20002992882507,240.5470855016413,242.84393310546875,87063500,0.0,0.0,0.0,55.33
2018-03-08 00:00:00-05:00,243.52944704536282,244.14372568003336,242.52348087968625,244.01910400390625,66901200,0.0,0.0,0.0,51.93
2018-03-09 00:00:00-05:00,245.44352939197825,248.265625,245.12302318361202,248.265625,113625300,0.0,0.0,0.0,58.87
2018-03-12 00:00:00-04:00,248.5593739471333,249.19144781484923,247.56226485540572,247.9539794921875,71924800,0.0,0.0,0.0,61.44
2018-03-13 00:00:00-04:00,249.12923313753316,249.63668557258083,245.73735998698376,246.3516387939453,91968900,0.0,0.0,0.0,60.56
2018-03-14 00:00:00-04:00,247.3219992116204,247.50894535086553,244.52660970238176,245.0874481201172,105895100,0.0,0.0,0.0,57.51
2018-03-15 00:00:00-04:00,245.60371123171666,246.25358041062952,244.3128297866136,244.82028198242188,83433000,0.0,0.0,0.0,50.51
2018-03-16 00:00:00-04:00,245.35390508677477,246.1494190014508,245.03214256662943,245.0857696533203,100343700,1.097,0.0,0.0,44.95
2018-03-19 00:00:00-04:00,244.32596493315046,245.26446603048706,240.09818197147246,241.76962280273438,109208400,0.0,0.0,0.0,44.5
2018-03-20 00:00:00-04:00,242.1719460025828,242.8244453735481,241.49263308361958,242.18089294433594,59757300,0.0,0.0,0.0,50.81
2018-03-21 00:00:00-04:00,242.13616151496507,244.25451342863943,241.50155609040112,241.716064453125,78709600,0.0,0.0,0.0,59.42
2018-03-22 00:00:00-04:00,239.4636364719544,240.32169717022134,235.39673372191112,235.67384338378906,148785900,0.0,0.0,0.0,41.51
2018-03-23 00:00:00-04:00,236.12078295611838,236.45149247014183,230.45393195493304,230.65057373046875,183534800,0.0,0.0,0.0,26.75
2018-03-26 00:00:00-04:00,234.29738273089603,237.24698212254958,231.86618769345463,236.96095275878906,141956100,0.0,0.0,0.0,40.3
2018-03-27 00:00:00-04:00,237.90841577284743,238.4446867047777,231.3566906894128,232.92982482910156,129941400,0.0,0.0,0.0,35.73
2018-03-28 00:00:00-04:00,233.06392006198183,234.75325552867182,231.12431570510776,232.24159240722656,146452300,0.0,0.0,0.0,32.8
2018-03-29 00:00:00-04:00,233.39455916699913,237.09499158077637,232.25046926038658,235.20901489257812,111601600,0.0,0.0,0.0,30.2
2018-04-02 00:00:00-04:00,234.67275628147306,235.191187877331,227.6294541656216,230.1321563720703,186286300,0.0,0.0,0.0,26.38
2018-04-03 00:00:00-04:00,231.38348653156498,233.56441241207318,229.5690306113418,233.0817413330078,119956900,0.0,0.0,0.0,33.02
2018-04-04 00:00:00-04:00,229.48856576470988,236.2905311934169,229.3544980561309,235.5754852294922,123715300,0.0,0.0,0.0,38.2
2018-04-05 00:00:00-04:00,237.3541787046437,238.32846769330482,236.25479622524958,237.4346466064453,82652600,0.0,0.0,0.0,41.19
2018-04-06 00:00:00-04:00,235.45038347701143,236.9609161520083,230.6058607567941,232.1432342529297,179521200,0.0,0.0,0.0,36.21
2018-04-09 00:00:00-04:00,233.6180171828032,236.71957749939233,232.339859552842,233.2873077392578,105442900,0.0,0.0,0.0,40.52
2018-04-10 00:00:00-04:00,236.21010660391627,237.79218750431676,235.05709695460718,236.99667358398438,103529000,0.0,0.0,0.0,44.61
2018-04-11 00:00:00-04:00,235.495071934887,237.43467593494884,235.42357824109928,235.75428771972656,91140200,0.0,0.0,0.0,43.9
2018-04-12 00:00:00-04:00,237.0950332123296,238.65027345669506,236.9162580516454,237.69387817382812,68890500,0.0,0.0,0.0,52.26
2018-04-13 00:00:00-04:00,239.01671812122675,239.13291923563548,235.97773165235574,236.99667358398438,85079200,0.0,0.0,0.0,57.85
2018-04-16 00:00:00-04:00,238.65024145909032,239.7228377248651,237.81899435560575,238.9451904296875,63405300,0.0,0.0,0.0,52.75
2018-04-17 00:00:00-04:00,240.7328255465445,242.10931768209582,240.21442130906053,241.50152587890625,64682000,0.0,0.0,0.0,62.4
2018-04-18 00:00:00-04:00,241.94844854363757,242.49366635040468,241.21550865631355,241.68031311035156,57303900,0.0,0.0,0.0,63.86
2018-04-19 00:00:00-04:00,241.01886988236544,241.22445856858886,239.29380159337222,240.33958435058594,77655900,0.0,0.0,0.0,57.91
2018-04-20 00:00:00-04:00,240.26808388675755,240.49153919540396,237.4078450251801,238.30166625976562,99953100,0.0,0.0,0.0,63.9
2018-04-23 00:00:00-04:00,238.88262310752933,239.44573473470012,237.17542162478674,238.26588439941406,65558000,0.0,0.0,0.0,59.79
2018-04-24 00:00:00-04:00,239.30273336268698,239.52618863809772,233.53757634618762,235.0570831298828,112885500,0.0,0.0,0.0,49.05
2018-04-25 00:00:00-04:00,234.99452445591697,236.08498736223996,233.15325504844233,235.63807678222656,103840900,0.0,0.0,0.0,46.53
2018-04-26 00:00:00-04:00,236.67487962904644,238.87367173875825,236.22796911129385,238.03347778320312,67731900,0.0,0.0,0.0,62.8
2018-04-27 00:00:00-04:00,238.65021091887266,238.95410679059268,237.30947939685652,238.25692749023438,57053600,0.0,0.0,0.0,61.25
2018-04-30 00:00:00-04:00,238.88267579373777,239.44578754510434,236.3531463831958,236.42466735839844,82182300,0.0,0.0,0.0,48.59
2018-05-01 00:00:00-04:00,235.8526013400921,236.95201126229088,234.2794672616143,236.84475708007812,74203400,0.0,0.0,0.0,52.81
2018-05-02 00:00:00-04:00,236.64811256918355,237.47041280809466,234.86047014706193,235.25375366210938,86368900,0.0,0.0,0.0,43.59
2018-05-03 00:00:00-04:00,234.41355850344905,235.39674000945507,231.54437278902358,234.73532104492188,136311500,0.0,0.0,0.0,44.01
2018-05-04 00:00:00-04:00,233.75205182381845,238.46250582478157,233.4213424270585,237.7742462158203,91222100,0.0,0.0,0.0,47.07
2018-05-07 00:00:00-04:00,238.55187603895428,239.5618707555332,237.85466954218822,238.5786895751953,55304900,0.0,0.0,0.0,41.97
2018-05-08 00:00:00-04:00,238.20327279057125,238.94513214473974,236.99660910522542,238.5786895751953,67499200,0.0,0.0,0.0,41.4
2018-05-09 00:00:00-04:00,239.25809575154938,241.21556671747527,238.730744420981,240.88485717773438,59666100,0.0,0.0,0.0,51.44
2018-05-10 00:00:00-04:00,241.6355637930987,243.46791319372545,241.52830963837948,243.13717651367188,72063900,0.0,0.0,0.0,62.59
2018-05-11 00:00:00-04:00,243.2624115032754,244.1472858732719,242.74397986714243,243.879150390625,59871500,0.0,0.0,0.0,64.09
2018-05-14 00:00:00-04:00,244.3170933624058,244.9785123482888,243.44113873135748,243.99533081054688,54790600,0.0,0.0,0.0,76.57
2018-05-15 00:00:00-04:00,242.75290508112678,242.77077168595017,241.35854614164302,242.31494140625,87036100,0.0,0.0,0.0,68.63
2018-05-16 00:00:00-04:00,242.35071125108945,243.79869733821397,242.32387042692903,243.33389282226562,53942600,0.0,0.0,0.0,66.02
2018-05-17 00:00:00-04:00,243.06578289183224,244.2188200842039,242.34178977220105,243.12835693359375,56536400,0.0,0.0,0.0,64.74
2018-05-18 00:00:00-04:00,242.77970833759005,243.14617830038242,242.16296953158073,242.52049255371094,64368000,0.0,0.0,0.0,69.92
2018-05-21 00:00:00-04:00,244.0221248030255,244.88913242351788,243.6288413085388,244.34388732910156,58025900,0.0,0.0,0.0,72.44
2018-05-22 00:00:00-04:00,244.87121469101422,245.13043044105353,243.33384134702115,243.66455078125,52966400,0.0,0.0,0.0,76.63
2018-05-23 00:00:00-04:00,242.37750238152066,244.36178650038894,242.21659383774167,244.33494567871094,64694200,0.0,0.0,0.0,80.1
2018-05-24 00:00:00-04:00,243.93273087199148,244.2098132435305,242.02888747723478,243.8343963623047,76043800,0.0,0.0,0.0,72.6
2018-05-25 00:00:00-04:00,243.25341796875,243.88802334097002,242.7439333720457,243.25341796875,56374800,0.0,0.0,0.0,67.73
2018-05-29 00:00:00-04:00,241.60881706587887,242.37751751602005,239.32958381606886,240.45578002929688,115908600,0.0,0.0,0.0,55.87
2018-05-30 00:00:00-04:00,241.77860140129437,244.11146131988457,241.70710771710483,243.66455078125,69678400,0.0,0.0,0.0,58.23
2018-05-31 00:00:00-04:00,243.2534368026418,243.55733274071653,241.5641289002177,242.1719207763672,93519900,0.0,0.0,0.0,47.01
2018-06-01 00:00:00-04:00,243.48583484937112,244.85338018576667,243.41431387855172,244.5494842529297,71258400,0.0,0.0,0.0,51.89
2018-06-04 00:00:00-04:00,245.3807468005157,245.97067209909727,245.1394248827023,245.71145629882812,45385200,0.0,0.0,0.0,54.56
2018-06-05 00:00:00-04:00,245.84552084318466,246.27456485766075,245.06790072972012,245.89022827148438,51135000,0.0,0.0,0.0,60.33
2018-06-06 00:00:00-04:00,246.50686906361906,248.05316173441867,245.88118353435712,247.94590759277344,62732200,0.0,0.0,0.0,62.57
2018-06-07 00:00:00-04:00,248.4376210402268,248.7325700432433,246.9985546800916,247.919189453125,72969400,0.0,0.0,0.0,63.19
2018-06-08 00:00:00-04:00,247.45447369332334,248.70581826688593,247.28464543577564,248.65219116210938,72139700,0.0,0.0,0.0,66.76
2018-06-11 00:00:00-04:00,248.87561018598996,249.70685746592153,248.75940905018538,248.9828643798828,58892500,0.0,0.0,0.0,63.81
2018-06-12 00:00:00-04:00,249.4029184410669,249.67105387951588,248.6521119361526,249.3046112060547,72329000,0.0,0.0,0.0,67.16
2018-06-13 00:00:00-04:00,249.54589940479858,249.80511514513583,248.3034750608145,248.50906372070312,79070600,0.0,0.0,0.0,62.6
2018-06-14 00:00:00-04:00,249.38508026486664,249.67108233939436,248.53593915088973,249.1348114013672,77097600,0.0,0.0,0.0,65.88
2018-06-15 00:00:00-04:00,248.3411042316714,249.1581371648469,247.21881076298143,248.81695556640625,120041600,1.246,0.0,0.0,66.94
2018-06-18 00:00:00-04:00,247.34454682370716,248.43094686393644,246.85973566830197,248.30523681640625,52917600,0.0,0.0,0.0,77.76
2018-06-19 00:00:00-04:00,246.0067177441938,247.57792853270598,245.58473432214657,247.3534698486328,97531500,0.0,0.0,0.0,65.52
2018-06-20 00:00:00-04:00,248.04480639477254,248.44884300825655,247.43428531640205,247.7754669189453,53785500,0.0,0.0,0.0,75.92
2018-06-21 00:00:00-04:00,247.7664293228041,247.78440355069262,245.71936752435968,246.22215270996094,71061400,0.0,0.0,0.0,58.37
2018-06-22 00:00:00-04:00,247.49713209183636,247.61385499405858,246.4466533715787,246.67111206054688,54898500,0.0,0.0,0.0,55.17
2018-06-25 00:00:00-04:00,245.50387455958435,245.6654781980502,241.60727601140786,243.3131561279297,137854200,0.0,0.0,0.0,39.65
2018-06-26 00:00:00-04:00,243.8878497736211,244.71384241714557,243.12468474011462,243.8519287109375,68547400,0.0,0.0,0.0,31.28
2018-06-27 00:00:00-04:00,244.44447400671342,245.88997466162047,241.679127902059,241.83177185058594,105110700,0.0,0.0,0.0,26.46
2018-06-28 00:00:00-04:00,241.77796674352058,243.98663291509155,241.05968238708726,243.21450805664062,76650500,0.0,0.0,0.0,29.98
2018-06-29 00:00:00-04:00,244.31875298993273,245.70142597993893,243.44785231047754,243.5645751953125,97592500,0.0,0.0,0.0,30.08
2018-07-02 00:00:00-04:00,241.9754224070721,244.24694294852483,241.73298951862688,244.08531188964844,63554800,0.0,0.0,0.0,31.09
2018-07-03 00:00:00-04:00,244.99221615573396,245.09099224718912,242.7925369884356,243.22348022460938,42187100,0.0,0.0,0.0,30.94
2018-07-05 00:00:00-04:00,244.36371732932446,245.27051187428538,243.2773174590208,245.20765686035156,56925900,0.0,0.0,0.0,37.1
2018-07-06 00:00:00-04:00,245.23464522516267,247.65878308932625,244.8485553825674,247.28170776367188,66493700,0.0,0.0,0.0,45.48
2018-07-09 00:00:00-04:00,248.29618787744826,249.56213815641587,248.2513071000756,249.50827026367188,50550400,0.0,0.0,0.0,53.22
2018-07-10 00:00:00-04:00,249.9662128640772,250.50491927339556,249.6699120090663,250.40614318847656,51966800,0.0,0.0,0.0,58.19
2018-07-11 00:00:00-04:00,248.8349189585633,249.63400511332827,248.26927862873995,248.5745391845703,77054700,0.0,0.0,0.0,51.99
2018-07-12 00:00:00-04:00,249.84945787432358,250.88196237646451,249.23893680867846,250.82809448242188,60124700,0.0,0.0,0.0,61.1
2018-07-13 00:00:00-04:00,250.64860519159026,251.33094114937686,250.1907005806386,251.0256805419922,48216000,0.0,0.0,0.0,60.62
2018-07-16 00:00:00-04:00,251.07059069273802,251.21422017989468,250.35230625820697,250.8012237548828,48201000,0.0,0.0,0.0,71.56
2018-07-17 00:00:00-04:00,250.02003491047145,252.2107538134334,249.9661670193938,251.81570434570312,52315500,0.0,0.0,0.0,72.32
2018-07-18 00:00:00-04:00,251.8966024890902,252.45325584287684,251.44768495864918,252.34552001953125,44593500,0.0,0.0,0.0,82.15
2018-07-19 00:00:00-04:00,251.67201855506946,252.05808086330072,250.90885365292863,251.39369201660156,61412100,0.0,0.0,0.0,75.69
2018-07-20 00:00:00-04:00,251.18727768876354,251.82476024019624,250.9448721127073,251.10647583007812,82337700,0.0,0.0,0.0,73.78
2018-07-23 00:00:00-04:00,250.89992717270238,251.77978767547413,250.54975847485042,251.57330322265625,47047600,0.0,0.0,0.0,73.69
2018-07-24 00:00:00-04:00,253.0007881361881,253.69211082829176,251.95929684176645,252.8391571044922,68026900,0.0,0.0,0.0,79.67
2018-07-25 00:00:00-04:00,252.58789164412937,255.31731753398103,252.54301085702326,254.99411010742188,78882900,0.0,0.0,0.0,79.88
2018-07-26 00:00:00-04:00,254.26681921043556,255.08382474381716,254.1680431373307,254.3925018310547,57919500,0.0,0.0,0.0,73.85
2018-07-27 00:00:00-04:00,254.72466176454975,254.82343782425724,251.73488442554773,252.66864013671875,76768700,0.0,0.0,0.0,60.97
2018-07-30 00:00:00-04:00,252.749466438038,252.91107011530812,250.8190998271474,251.34884643554688,63742500,0.0,0.0,0.0,53.18
2018-07-31 00:00:00-04:00,252.12096539959433,253.20733773829963,251.73490304613378,252.58782958984375,68570500,0.0,0.0,0.0,64.1
2018-08-01 00:00:00-04:00,252.794358342703,253.3061307429941,251.5104611838615,252.16586303710938,53853300,0.0,0.0,0.0,55.39
2018-08-02 00:00:00-04:00,250.8460316196607,253.71009889521213,250.63951978987345,253.53953552246094,63426400,0.0,0.0,0.0,59.26
2018-08-03 00:00:00-04:00,253.66524106464624,254.6797986770815,253.4856631616566,254.6259307861328,53935400,0.0,0.0,0.0,63.25
2018-08-06 00:00:00-04:00,254.66193367280587,255.87398900834108,254.26688407908705,255.5597686767578,39400900,0.0,0.0,0.0,63.04
2018-08-07 00:00:00-04:00,256.23312309499096,256.78977636604634,256.0984259360764,256.4036865234375,43196600,0.0,0.0,0.0,63.83
2018-08-08 00:00:00-04:00,256.23310133929965,256.69996559802166,255.8290646963561,256.2959289550781,42114600,0.0,0.0,0.0,67.73
2018-08-09 00:00:00-04:00,256.3588124455414,256.75386201593426,255.81114627734792,255.94581604003906,35717000,0.0,0.0,0.0,67.42
2018-08-10 00:00:00-04:00,254.49121465287053,255.0388805775635,253.51255087969744,254.2308349609375,77076000,0.0,0.0,0.0,58.78
2018-08-13 00:00:00-04:00,254.50924996061372,255.1287582086719,252.9829197321161,253.2792205810547,65732900,0.0,0.0,0.0,51.48
2018-08-14 00:00:00-04:00,254.0154336214637,255.1377271212409,253.62038411756262,254.89529418945312,43842000,0.0,0.0,0.0,49.65
2018-08-15 00:00:00-04:00,253.53064983539707,253.6743067223196,251.53745505394002,252.991943359375,102925400,0.0,0.0,0.0,45.51
2018-08-16 00:00:00-04:00,254.4462748584864,255.91873649220364,254.41035380895525,255.03884887695312,69967900,0.0,0.0,0.0,57.45
2018-08-17 00:00:00-04:00,254.83246656810337,256.3857308026548,254.41947018772282,255.9368133544922,65618500,0.0,0.0,0.0,64.81
2018-08-20 00:00:00-04:00,256.3947386110627,256.75386711862575,255.93683400906414,256.4845275878906,39807500,0.0,0.0,0.0,63.17
2018-08-21 00:00:00-04:00,257.0051966957799,257.9568993369797,256.52035825977975,257.08599853515625,67272000,0.0,0.0,0.0,66.43
2018-08-22 00:00:00-04:00,256.67309183984673,257.4631910781556,256.4037248814678,256.9334716796875,44993300,0.0,0.0,0.0,62.34
2018-08-23 00:00:00-04:00,256.7537972779983,257.6246980568097,256.26895885480906,256.5921936035156,49204900,0.0,0.0,0.0,57.56
2018-08-24 00:00:00-04:00,257.17578486258947,258.2801314556016,257.12191697022223,258.136474609375,57487400,0.0,0.0,0.0,59.46
2018-08-27 00:00:00-04:00,259.3486013376407,260.28235739657146,259.1869976158303,260.17462158203125,57072400,0.0,0.0,0.0,62.73
2018-08-28 00:00:00-04:00,260.64150831268796,260.74927153623935,259.83346223443874,260.30035400390625,46943500,0.0,0.0,0.0,63.5
2018-08-29 00:00:00-04:00,260.51574870554276,261.93431563283644,260.27334317359043,261.7008972167969,61485500,0.0,0.0,0.0,68.12
2018-08-30 00:00:00-04:00,261.21607643705585,261.5931517345091,260.0399149620903,260.6414489746094,61229500,0.0,0.0,0.0,71.05
2018-08-31 00:00:00-04:00,260.2284376864656,261.099338546964,259.73463950153865,260.6504211425781,66140800,0.0,0.0,0.0,75.8
2018-09-04 00:00:00-04:00,260.22847203776627,260.560666576904,259.18698023414015,260.2015380859375,57594400,0.0,0.0,0.0,70.23
2018-09-05 00:00:00-04:00,259.8424329076433,260.04894482335703,258.4777335596328,259.5012512207031,72452400,0.0,0.0,0.0,77.32
2018-09-06 00:00:00-04:00,259.60890988153653,259.9141704055091,257.678570668325,258.7200622558594,65909900,0.0,0.0,0.0,67.29
2018-09-07 00:00:00-04:00,257.6606015313979,259.20487824822544,257.4181686364796,258.2172546386719,73524800,0.0,0.0,0.0,61.12
2018-09-10 00:00:00-04:00,259.2408598972865,259.5102268275408,258.4687349766713,258.666259765625,50210900,0.0,0.0,0.0,60.74
2018-09-11 00:00:00-04:00,258.01077865352477,259.96805191550163,257.6606373340578,259.5191345214844,50530500,0.0,0.0,0.0,61.69
2018-09-12 00:00:00-04:00,259.5281633460403,260.1925524280419,258.78297240809906,259.58203125,59810800,0.0,0.0,0.0,62.84
2018-09-13 00:00:00-04:00,260.65943240724494,261.30587462543974,260.3721186658814,261.1173095703125,51034200,0.0,0.0,0.0,69.66
2018-09-14 00:00:00-04:00,261.32383515839615,261.51237282366037,260.3721323150176,261.1622314453125,55079900,0.0,0.0,0.0,65.11
2018-09-17 00:00:00-04:00,261.1083465025699,261.14424016996986,259.5012143946714,259.779541015625,68244000,0.0,0.0,0.0,47.89
2018-09-18 00:00:00-04:00,259.99504259429324,261.790712562179,259.9681086407649,261.1891784667969,61930400,0.0,0.0,0.0,54.18
2018-09-19 00:00:00-04:00,261.2430095473742,261.8894517406764,261.1172995154634,261.46746826171875,49080600,0.0,0.0,0.0,48.77
2018-09-20 00:00:00-04:00,262.74236428616024,263.909538456371,261.4853737647135,263.5863037109375,100360600,0.0,0.0,0.0,63.92
2018-09-21 00:00:00-04:00,264.33761457428795,264.4548658658197,263.18318478069216,263.34552001953125,105479700,1.323,0.0,0.0,62.47
2018-09-24 00:00:00-04:00,262.7592563810676,262.9035635266795,261.88441323338975,262.47064208984375,53409600,0.0,0.0,0.0,60.1
2018-09-25 00:00:00-04:00,262.93065307416845,263.038876566296,261.9836699942756,262.2271728515625,44370000,0.0,0.0,0.0,62.65
2018-09-26 00:00:00-04:00,262.37149044310746,263.5710042268959,261.0186416901929,261.4425354003906,79739700,0.0,0.0,0.0,62.63
2018-09-27 00:00:00-04:00,261.92053452539363,263.2733832455955,261.64094799178747,262.1730651855469,59249500,0.0,0.0,0.0,67.97
2018-09-28 00:00:00-04:00,261.5417988403213,262.7052567758368,261.50574268135824,262.2001953125,70091400,0.0,0.0,0.0,66.69
2018-10-01 00:00:00-04:00,263.4536909150685,264.19325466494445,262.4345682144113,263.1109924316406,62078900,0.0,0.0,0.0,66.87
2018-10-02 00:00:00-04:00,262.95770263671875,263.6792109161054,262.57892042336255,262.95770263671875,47258200,0.0,0.0,0.0,65.72
2018-10-03 00:00:00-04:00,264.0218862364879,264.4457798381928,262.7412051581601,263.1019592285156,64694600,0.0,0.0,0.0,60.62
2018-10-04 00:00:00-04:00,262.6149804835783,262.6690922291497,259.440305473688,261.0456848144531,111545900,0.0,0.0,0.0,49.49
2018-10-05 00:00:00-04:00,261.27123371688384,261.79432324706437,258.1416417658618,259.5846862792969,105951700,0.0,0.0,0.0,49.15
2018-10-08 00:00:00-04:00,258.8902061411482,259.94544052670943,257.4922731110052,259.5846862792969,87742200,0.0,0.0,0.0,42.0
2018-10-09 00:00:00-04:00,259.19677975501355,260.5225449283453,258.63757922714063,259.2057800292969,74339000,0.0,0.0,0.0,38.83
2018-10-10 00:00:00-04:00,258.69173419469496,258.763901543668,250.61975290736862,250.99853515625,214731000,0.0,0.0,0.0,11.18
2018-10-11 00:00:00-04:00,249.89810164160352,251.53956402552586,243.8373407441542,245.4698028564453,274840500,0.0,0.0,0.0,8.43
2018-10-12 00:00:00-04:00,249.61853393910206,249.90714817580428,245.65018451763655,248.87899780273438,183186500,0.0,0.0,0.0,21.73
2018-10-15 00:00:00-04:00,248.5183647018075,249.86221350257526,247.39099046976557,247.48118591308594,102263700,0.0,0.0,0.0,20.73
2018-10-16 00:00:00-04:00,249.46535647269386,253.2713726896419,248.98735093585412,252.89256286621094,118255800,0.0,0.0,0.0,35.66
2018-10-17 00:00:00-04:00,252.92864004613529,253.56898083779825,250.33116567730593,252.9376678466797,110626000,0.0,0.0,0.0,34.15
2018-10-18 00:00:00-04:00,251.99067117618054,252.59495584704703,247.9952636884865,249.28497314453125,134557500,0.0,0.0,0.0,30.29
2018-10-19 00:00:00-04:00,249.9433186089224,251.9004243727622,248.44616270050307,249.14964294433594,139901600,0.0,0.0,0.0,28.17
2018-10-22 00:00:00-04:00,249.82609702816214,250.15076755295698,247.49018122883922,248.0313262939453,82415800,0.0,0.0,0.0,27.35
2018-10-23 00:00:00-04:00,244.3696032906979,247.9050327998476,242.2591349068709,246.7686309814453,146352700,0.0,0.0,0.0,26.03
2018-10-24 00:00:00-04:00,246.51609445882184,246.9039320301146,238.73272753857776,239.29190063476562,177806700,0.0,0.0,0.0,22.45
2018-10-25 00:00:00-04:00,241.1498190282656,245.1452259867231,240.11264042494273,243.58493041992188,138061500,0.0,0.0,0.0,31.1
2018-10-26 00:00:00-04:00,239.83303277806252,244.4146683247582,236.5591344775095,239.30088806152344,201574600,0.0,0.0,0.0,28.24
2018-10-29 00:00:00-04:00,242.43045059172752,243.73821520734515,234.3584707096712,237.97506713867188,160749100,0.0,0.0,0.0,27.67
2018-10-30 00:00:00-04:00,237.8037463517736,241.8171808079401,237.30768533554445,241.5015106201172,157116000,0.0,0.0,0.0,38.92
2018-10-31 00:00:00-04:00,244.09896068876532,246.42587553965197,243.62095531610618,244.0809326171875,128296300,0.0,0.0,0.0,48.26
2018-11-01 00:00:00-04:00,244.9558511198031,246.87690099916068,243.85553289200956,246.67848205566406,99495000,0.0,0.0,0.0,47.19
2018-11-02 00:00:00-04:00,247.79668716941816,248.22960848776953,243.1428862112643,245.21726989746094,122634100,0.0,0.0,0.0,47.11
2018-11-05 00:00:00-05:00,245.71336013102433,247.1293481342805,244.7302935464055,246.57017517089844,65622500,0.0,0.0,0.0,41.0
2018-11-06 00:00:00-05:00,246.5071008401565,248.2928436763651,246.44396128919686,248.13050842285156,60085900,0.0,0.0,0.0,43.44
2018-11-07 00:00:00-05:00,250.33110985161233,253.52384034494435,249.89818837875808,253.4426727294922,102752100,0.0,0.0,0.0,55.43
2018-11-08 00:00:00-05:00,252.63097314934998,253.63209557945635,251.8282971691121,252.98272705078125,65584900,0.0,0.0,0.0,54.96
2018-11-09 00:00:00-05:00,251.65698372870568,251.84637489246927,249.0865649824889,250.51158142089844,98812600,0.0,0.0,0.0,53.1
2018-11-12 00:00:00-05:00,249.99744314624206,250.24094602333378,245.30755626490745,245.83067321777344,99673600,0.0,0.0,0.0,48.92
2018-11-13 00:00:00-05:00,246.29965210740409,248.31989753143608,244.64016086283783,245.37069702148438,98176600,0.0,0.0,0.0,58.36
2018-11-14 00:00:00-05:00,247.2647203805215,247.6705585594417,242.11488298025967,243.69320678710938,125335900,0.0,0.0,0.0,50.16
2018-11-15 00:00:00-05:00,242.41245238410792,246.70550114479695,240.81610079751,246.2364959716797,135101400,0.0,0.0,0.0,60.83
2018-11-16 00:00:00-05:00,245.12717503825664,247.79678878677217,244.60405812358974,246.87686157226562,126668000,0.0,0.0,0.0,64.21
2018-11-19 00:00:00-05:00,246.26356564942935,246.56120779886535,241.7721252468436,242.70108032226562,103061700,0.0,0.0,0.0,51.88
2018-11-20 00:00:00-05:00,239.32791018359643,240.80703778439513,237.3347210606519,238.20956420898438,136021300,0.0,0.0,0.0,41.34
2018-11-21 00:00:00-05:00,239.77887794059686,240.94233546891246,239.0122857360442,239.0212860107422,75563700,0.0,0.0,0.0,38.07
2018-11-23 00:00:00-05:00,237.36180247284707,238.84093023281534,237.26260678161287,237.42494201660156,42807900,0.0,0.0,0.0,37.91
2018-11-26 00:00:00-05:00,239.7067129795744,241.48345509466722,239.30987522121447,241.2579803466797,79981400,0.0,0.0,0.0,42.35
2018-11-27 00:00:00-05:00,240.2118679955109,242.0697784423828,239.59858304725455,242.0697784423828,75502400,0.0,0.0,0.0,41.08
2018-11-28 00:00:00-05:00,243.1520378446324,247.6434783935547,242.00660820763397,247.6434783935547,127629600,0.0,0.0,0.0,41.53
2018-11-29 00:00:00-05:00,246.8588407983776,248.51833214770778,245.70441083694,247.1023712158203,82346400,0.0,0.0,0.0,41.43
2018-11-30 00:00:00-05:00,246.9488927932712,249.17658379100453,246.62422245696933,248.60838317871094,98204200,0.0,0.0,0.0,47.15
2018-12-03 00:00:00-05:00,252.78426159192549,252.89248507281954,250.2860111620396,251.900390625,103176300,0.0,0.0,0.0,59.5
2018-12-04 00:00:00-05:00,251.06166759021684,251.49458910044797,243.4225805181145,243.73825073242188,177986000,0.0,0.0,0.0,47.94
2018-12-06 00:00:00-05:00,239.83305493493617,243.4857358005712,236.69443571143412,243.3684844970703,204185400,0.0,0.0,0.0,49.58
2018-12-07 00:00:00-05:00,243.02568681398154,244.6130377961463,236.8657290084019,237.71351623535156,161018900,0.0,0.0,0.0,39.72
2018-12-10 00:00:00-05:00,237.5331798355951,239.14758705544182,233.24915878104392,238.16452026367188,151445900,0.0,0.0,0.0,39.44
2018-12-11 00:00:00-05:00,241.40233084208725,241.59172195775344,236.7304998304689,238.2186279296875,121504400,0.0,0.0,0.0,43.97
2018-12-12 00:00:00-05:00,241.23100878805656,242.61091362706588,239.33701473825604,239.41818237304688,97976700,0.0,0.0,0.0,51.78
2018-12-13 00:00:00-05:00,240.37415362435365,241.24899690835642,238.20960115042476,239.33697509765625,96662700,0.0,0.0,0.0,50.48
2018-12-14 00:00:00-05:00,237.16344518148534,238.12848409092908,234.35855141662333,234.917724609375,116961100,0.0,0.0,0.0,46.51
2018-12-17 00:00:00-05:00,233.95264185271492,235.0800158280304,228.65849806843798,230.30897521972656,165492300,0.0,0.0,0.0,35.09
2018-12-18 00:00:00-05:00,231.9684778619339,232.6449022403916,228.43302100006588,230.0564422607422,134515100,0.0,0.0,0.0,33.39
2018-12-19 00:00:00-05:00,230.13760451743357,233.95263406965503,224.88855861917065,226.61117553710938,214992800,0.0,0.0,0.0,19.1
2018-12-20 00:00:00-05:00,225.34848909940763,226.93582641618465,220.64958916224379,222.92237854003906,252053400,0.0,0.0,0.0,17.49
2018-12-21 00:00:00-05:00,223.83411763136542,226.5284014434754,217.70166732990828,218.35482788085938,255345600,1.435,0.0,0.0,12.42
2018-12-24 00:00:00-05:00,216.84895888894317,218.4818604900714,212.52178694877207,212.5852813720703,147311600,0.0,0.0,0.0,3.99
2018-12-26 00:00:00-05:00,214.0639394537633,223.3260955810547,212.0590967155239,223.3260955810547,218485400,0.0,0.0,0.0,27.47
2018-12-27 00:00:00-05:00,220.05126685033105,225.24024372001855,216.77639698327218,225.04067993164062,186267300,0.0,0.0,0.0,30.36
2018-12-28 00:00:00-05:00,226.41045083301225,228.06148545527088,223.57101733903056,224.75033569335938,153100200,0.0,0.0,0.0,34.3
2018-12-31 00:00:00-05:00,226.3923375433785,226.96385653471913,224.4963639858332,226.7189178466797,144299400,0.0,0.0,0.0,36.63
2019-01-02 00:00:00-05:00,223.14463368248033,227.88912065690985,223.11741981658312,226.95472717285156,126925200,0.0,0.0,0.0,36.9
2019-01-03 00:00:00-05:00,225.18582961636287,225.49427660018966,221.0491545530977,221.53903198242188,144140700,0.0,0.0,0.0,31.06
2019-01-04 00:00:00-05:00,224.6051957564193,229.61275526419664,224.22418774984152,228.9595947265625,142628800,0.0,0.0,0.0,40.49
2019-01-07 00:00:00-05:00,229.23173434401818,232.18908994785633,228.32456851977005,230.7648468017578,103139100,0.0,0.0,0.0,46.0
2019-01-08 00:00:00-05:00,232.97837356691988,233.4228760379608,230.42015885970721,232.93299865722656,102512600,0.0,0.0,0.0,52.65
2019-01-09 00:00:00-05:00,233.64961937176815,234.87429872891184,232.40680666519006,234.0215606689453,95006600,0.0,0.0,0.0,53.94
2019-01-10 00:00:00-05:00,232.4703669714044,235.1011428226468,231.78091195546847,234.84713745117188,96823900,0.0,0.0,0.0,58.63
2019-01-11 00:00:00-05:00,233.7585185901058,234.96506482364512,233.16886625133859,234.93785095214844,73858100,0.0,0.0,0.0,63.62
2019-01-14 00:00:00-05:00,233.01460876948198,234.32092981848507,232.60640074448406,233.50448608398438,70908200,0.0,0.0,0.0,68.49
2019-01-15 00:00:00-05:00,233.8855050619034,236.49814712792536,233.87642454440186,236.18063354492188,85208300,0.0,0.0,0.0,81.15
2019-01-16 00:00:00-05:00,236.6160544653096,237.65023681409102,236.407424039664,236.7521514892578,77636700,0.0,0.0,0.0,74.23
2019-01-17 00:00:00-05:00,235.87218684583468,239.41920842084363,235.82681194545427,238.54830932617188,96118400,0.0,0.0,0.0,74.31
2019-01-18 00:00:00-05:00,240.38077067256856,242.19510202366033,238.58457266856794,241.72335815429688,127900300,0.0,0.0,0.0,77.67
2019-01-22 00:00:00-05:00,240.2356761502463,240.45338710345968,236.8247235658724,238.45761108398438,115531200,0.0,0.0,0.0,68.36
2019-01-23 00:00:00-05:00,239.5008938577896,240.20848219891133,236.4618823561677,238.9565887451172,86030300,0.0,0.0,0.0,68.62
2019-01-24 00:00:00-05:00,238.7751088120606,239.67322180339113,237.75000700129684,239.0835418701172,59204100,0.0,0.0,0.0,82.56
2019-01-25 00:00:00-05:00,240.9523522376867,241.94118755756298,239.1833951170715,241.10658264160156,96883400,0.0,0.0,0.0,78.19
2019-01-28 00:00:00-05:00,238.93844666465247,239.33757420255807,237.48697564537989,239.2740936279297,85613700,0.0,0.0,0.0,69.72
2019-01-29 00:00:00-05:00,239.41925224356496,239.9907435431375,238.1129310469544,238.9565887451172,66136300,0.0,0.0,0.0,65.27
2019-01-30 00:00:00-05:00,240.4896569546998,243.59214845948404,239.71856049473195,242.73941040039062,92473700,0.0,0.0,0.0,69.45
2019-01-31 00:00:00-05:00,242.67596607349378,245.3611694666667,242.4582274254748,244.8712921142578,104012100,0.0,0.0,0.0,71.13
2019-02-01 00:00:00-05:00,245.07083837821781,246.02337909075547,244.19088643390387,244.98919677734375,85782500,0.0,0.0,0.0,71.16
2019-02-04 00:00:00-05:00,245.03458229852876,246.77635310963046,244.35420783371694,246.7128448486328,60744800,0.0,0.0,0.0,77.47
2019-02-05 00:00:00-05:00,247.14830691360723,248.05547291235501,246.64029616906922,247.74703979492188,79552800,0.0,0.0,0.0,75.82
2019-02-06 00:00:00-05:00,247.465724014036,247.96465404491167,246.67649433252433,247.42034912109375,58347800,0.0,0.0,0.0,74.08
2019-02-07 00:00:00-05:00,245.78755031603737,246.34090826959994,243.3835660305858,245.06182861328125,95482000,0.0,0.0,0.0,64.34
2019-02-08 00:00:00-05:00,243.80077318738483,245.4608741780486,242.96616859194515,245.36109924316406,75788900,0.0,0.0,0.0,59.17
2019-02-11 00:00:00-05:00,246.0233793159429,246.28643746861,244.96198313460164,245.49720764160156,68021400,0.0,0.0,0.0,71.06
2019-02-12 00:00:00-05:00,247.13015792627482,249.03518425552326,247.05756914764186,248.65419006347656,72270200,0.0,0.0,0.0,75.04
2019-02-13 00:00:00-05:00,249.49781171806006,250.31425541049035,249.0714426798071,249.46151733398438,65277200,0.0,0.0,0.0,75.88
2019-02-14 00:00:00-05:00,248.36389800643317,250.0512411055395,247.5383736521,248.908203125,83234400,0.0,0.0,0.0,71.0
2019-02-15 00:00:00-05:00,250.7043134256806,251.65685407404968,250.49568302122483,251.6205596923828,97088700,0.0,0.0,0.0,81.73
2019-02-19 00:00:00-05:00,250.81323270497728,252.7182589071665,250.80415218712693,252.05604553222656,59120800,0.0,0.0,0.0,83.46
2019-02-20 00:00:00-05:00,252.0196904270521,253.02665870813757,251.51167987092757,252.56399536132812,76610800,0.0,0.0,0.0,80.13
2019-02-21 00:00:00-05:00,251.92006683202152,252.28292777802542,250.69538691530713,251.6660614013672,64214700,0.0,0.0,0.0,72.55
2019-02-22 00:00:00-05:00,252.29191084715052,253.4258682926564,251.6478307697654,253.226318359375,78114600,0.0,0.0,0.0,74.95
2019-02-25 00:00:00-05:00,254.66865915357047,255.19480312430952,253.48932702994443,253.5709686279297,69030700,0.0,0.0,0.0,72.66
2019-02-26 00:00:00-05:00,253.21719316869616,254.2785616471207,253.00853506911125,253.38955688476562,56844100,0.0,0.0,0.0,69.76
2019-02-27 00:00:00-05:00,252.66385256850785,253.63452678751463,251.7204199053593,253.28074645996094,56921600,0.0,0.0,0.0,70.84
2019-02-28 00:00:00-05:00,253.0629958272656,253.50752595095813,252.48242403776848,252.80899047851562,69268300,0.0,0.0,0.0,81.82
2019-03-01 00:00:00-05:00,254.40564556134254,254.80480083227403,252.93604101132684,254.38751220703125,78880500,0.0,0.0,0.0,83.55
2019-03-04 00:00:00-05:00,255.45796510362246,255.70288997058995,251.1398458484938,253.46218872070312,106494600,0.0,0.0,0.0,77.96
2019-03-05 00:00:00-05:00,253.58916036219873,253.78873796515856,252.5640584781099,253.11741638183594,59114600,0.0,0.0,0.0,69.52
2019-03-06 00:00:00-05:00,253.23529194265157,253.2443724584164,251.2576774208722,251.58424377441406,75039800,0.0,0.0,0.0,58.73
2019-03-07 00:00:00-05:00,251.13074208657207,251.27589196321526,248.6269828468749,249.47972106933594,94885100,0.0,0.0,0.0,52.08
2019-03-08 00:00:00-05:00,247.60186121633996,249.15310714274926,247.13014491808556,248.98074340820312,85795800,0.0,0.0,0.0,38.52
2019-03-11 00:00:00-04:00,249.7065122125347,252.75457656426624,249.67929834098382,252.59129333496094,65098900,0.0,0.0,0.0,51.82
2019-03-12 00:00:00-04:00,253.15370279012697,254.0699491681786,252.96320571110311,253.5437774658203,79667500,0.0,0.0,0.0,53.24
2019-03-13 00:00:00-04:00,254.44191174069212,256.1655214824954,254.27860083195768,255.22206115722656,80639200,0.0,0.0,0.0,61.19
2019-03-14 00:00:00-04:00,255.2492128688537,255.67558186239867,254.61421347888282,255.0587158203125,67518400,0.0,0.0,0.0,56.32
2019-03-15 00:00:00-04:00,255.61729372285447,257.13891808677903,255.42592975822362,256.3188781738281,81309000,1.233,0.0,0.0,58.91
2019-03-18 00:00:00-04:00,256.5375250787431,257.54892886568575,256.30973468964584,257.24822998046875,62199800,0.0,0.0,0.0,61.94
2019-03-19 00:00:00-04:00,258.323476756213,259.0979419988998,256.41003151906637,257.31207275390625,90268100,0.0,0.0,0.0,62.51
2019-03-20 00:00:00-04:00,257.0933902385485,258.3143435875146,255.41685603669438,256.5375671386719,84609200,0.0,0.0,0.0,61.36
2019-03-21 00:00:00-04:00,255.70841089724206,259.8450646397056,255.66283613228302,259.43505859375,79550400,0.0,0.0,0.0,64.23
2019-03-22 00:00:00-04:00,258.05919197186887,258.5876534701681,254.37809128629422,254.44187927246094,122659300,0.0,0.0,0.0,52.25
2019-03-25 00:00:00-04:00,254.09560910530556,255.2983489874857,252.97489822974748,254.25051879882812,85575200,0.0,0.0,0.0,52.62
2019-03-26 00:00:00-04:00,256.02726598920174,257.11155041990185,254.72431169229074,256.1457214355469,68125900,0.0,0.0,0.0,60.36
2019-03-27 00:00:00-04:00,256.1366082587199,256.72888550741,253.2391212226634,254.8063201904297,72224700,0.0,0.0,0.0,62.53
2019-03-28 00:00:00-04:00,255.44422714070106,256.22781297519214,254.2779410989672,255.77223205566406,56238500,0.0,0.0,0.0,65.64
2019-03-29 00:00:00-04:00,257.3029780279269,257.7129841285267,256.16402584884463,257.3849792480469,82186800,0.0,0.0,0.0,62.16
2019-04-01 00:00:00-04:00,259.4077276083601,260.7380158045335,259.13436243504475,260.43731689453125,77617900,0.0,0.0,0.0,65.8
2019-04-02 00:00:00-04:00,260.6286988808345,260.80182182730556,259.76308414847944,260.5649108886719,40070400,0.0,0.0,0.0,63.18
2019-04-03 00:00:00-04:00,261.7948931926332,262.19580642253743,260.3643631589496,260.974853515625,68243200,0.0,0.0,0.0,64.42
2019-04-04 00:00:00-04:00,261.30296030220705,261.9225436062094,260.6013757791264,261.66741943359375,48997500,0.0,0.0,0.0,63.41
2019-04-05 00:00:00-04:00,262.34171036875773,262.9886274428956,262.0501319273475,262.9339599609375,58621700,0.0,0.0,0.0,64.02
2019-04-08 00:00:00-04:00,262.50569560630794,263.2437343708113,261.84053754415413,263.1343994140625,53566300,0.0,0.0,0.0,64.26
2019-04-09 00:00:00-04:00,262.1594683382844,262.4874732318434,261.2300933334164,261.785888671875,66142300,0.0,0.0,0.0,62.5
2019-04-10 00:00:00-04:00,262.2049806313717,262.76992421743466,261.78585405398695,262.6788024902344,52601500,0.0,0.0,0.0,58.54
2019-04-11 00:00:00-04:00,263.1708117800339,263.17993229475786,262.03185969742964,262.60589599609375,55093100,0.0,0.0,0.0,79.02
2019-04-12 00:00:00-04:00,264.2368097141312,264.6650566904082,262.6513977539071,264.3825988769531,69727800,0.0,0.0,0.0,82.36
2019-04-15 00:00:00-04:00,264.4555984082626,264.5558406680714,263.39864735761245,264.2095947265625,49596700,0.0,0.0,0.0,78.94
2019-04-16 00:00:00-04:00,265.102424178874,265.1570916391273,263.7812290077275,264.3825988769531,52153200,0.0,0.0,0.0,87.51
2019-04-17 00:00:00-04:00,265.5125275314875,265.5398612716412,263.31662438430305,263.73577880859375,58268300,0.0,0.0,0.0,81.99
2019-04-18 00:00:00-04:00,264.32797441445945,264.5284310701426,263.0158995420688,264.25506591796875,68708500,0.0,0.0,0.0,80.26
2019-04-22 00:00:00-04:00,263.48071528408593,264.6378809589038,263.3895935271142,264.48297119140625,40160100,0.0,0.0,0.0,73.72
2019-04-23 00:00:00-04:00,264.85657739170625,267.0980560500357,264.6196941676608,266.86114501953125,52246600,0.0,0.0,0.0,79.21
2019-04-24 00:00:00-04:00,266.7790471656252,267.11617255221114,266.12300961648936,266.268798828125,50392900,0.0,0.0,0.0,74.15
2019-04-25 00:00:00-04:00,266.1685243141922,266.7698943118712,264.90202413921253,266.104736328125,57770900,0.0,0.0,0.0,71.27
2019-04-26 00:00:00-04:00,266.15034399426867,267.4168443258151,265.36673045565345,267.3439636230469,50916400,0.0,0.0,0.0,71.19
2019-04-29 00:00:00-04:00,267.4350566864703,268.2915508360349,267.34393496294183,267.7630615234375,57197700,0.0,0.0,0.0,71.78
2019-04-30 00:00:00-04:00,267.4169265607098,268.1914198222294,265.98642335319613,267.89984130859375,81111700,0.0,0.0,0.0,82.48
2019-05-01 00:00:00-04:00,268.537561609349,268.74713879839646,265.87695736633003,265.8860778808594,71671900,0.0,0.0,0.0,65.22
2019-05-02 00:00:00-04:00,265.7676230607492,266.6970257386942,263.7995105624764,265.3120422363281,65030200,0.0,0.0,0.0,62.26
2019-05-03 00:00:00-04:00,266.80637663652027,268.1913324152287,265.42139305136345,267.90887451171875,56543700,0.0,0.0,0.0,64.87
2019-05-06 00:00:00-04:00,263.553512142519,267.25282628550065,263.2345999978246,266.8063659667969,107198100,0.0,0.0,0.0,60.16
2019-05-07 00:00:00-04:00,264.3734875266016,264.97485741666765,260.41905019474984,262.3507080078125,144729900,0.0,0.0,0.0,44.05
2019-05-08 00:00:00-04:00,261.9862976074219,263.7174991117168,261.3849276057613,261.9862976074219,91568300,0.0,0.0,0.0,44.79
2019-05-09 00:00:00-04:00,259.8906490217413,261.8040662532306,258.13208589363757,261.193603515625,103471100,0.0,0.0,0.0,41.03
2019-05-10 00:00:00-04:00,260.24595511798594,263.2710181102863,257.22089212568557,262.5056457519531,112429300,0.0,0.0,0.0,44.55
2019-05-13 00:00:00-04:00,257.3303277602743,258.3052497532554,255.06151597015682,255.9088897705078,127290500,0.0,0.0,0.0,25.51
2019-05-14 00:00:00-04:00,256.93846430553225,259.7721914910918,256.8109161341228,258.22320556640625,77003200,0.0,0.0,0.0,33.3
2019-05-15 00:00:00-04:00,256.57401612463264,260.3826653030283,256.3644389262858,259.7357482910156,73956400,0.0,0.0,0.0,37.48
2019-05-16 00:00:00-04:00,260.44639946935894,263.51700927115616,260.37351878429257,262.14117431640625,76749600,0.0,0.0,0.0,40.22
2019-05-17 00:00:00-04:00,259.80864518182716,262.9612566923263,259.79040415277467,260.4464416503906,100353000,0.0,0.0,0.0,36.87
2019-05-20 00:00:00-04:00,258.82457967017274,260.55578126793387,257.9680854827582,258.724365234375,62877600,0.0,0.0,0.0,34.43
2019-05-21 00:00:00-04:00,260.43727382577686,261.4395570159589,260.18214972340706,261.056884765625,46847100,0.0,0.0,0.0,41.89
2019-05-22 00:00:00-04:00,260.0911550151549,261.22098678420105,259.77224281395416,260.2551574707031,49482500,0.0,0.0,0.0,41.57
2019-05-23 00:00:00-04:00,258.0046009361248,258.05014790748294,255.6446950068224,257.0752258300781,98733800,0.0,0.0,0.0,32.29
2019-05-24 00:00:00-04:00,258.53306333323724,258.9522178193327,257.02965179020134,257.6583557128906,55268100,0.0,0.0,0.0,34.79
2019-05-28 00:00:00-04:00,257.9407807041064,258.90660995044175,255.24374966564804,255.261962890625,70029400,0.0,0.0,0.0,37.35
2019-05-29 00:00:00-04:00,254.1320458409494,254.54205181359364,252.12747950877426,253.54888916015625,104972900,0.0,0.0,0.0,35.63
2019-05-30 00:00:00-04:00,254.31425946548993,255.16166074856122,253.12976070072307,254.2413787841797,62523800,0.0,0.0,0.0,38.12
2019-05-31 00:00:00-04:00,251.6628463716628,252.50109947648042,250.78811121040252,250.81544494628906,86862800,0.0,0.0,0.0,31.37
2019-06-03 00:00:00-04:00,250.85192409626939,251.98175570032274,248.8291440205443,250.17767333984375,96428000,0.0,0.0,0.0,38.72
2019-06-04 00:00:00-04:00,252.50118044410792,255.7449145728666,252.04559949561423,255.60824584960938,77231900,0.0,0.0,0.0,45.42
2019-06-05 00:00:00-04:00,257.24822939674647,257.8495993593719,255.41681358094215,257.822265625,71169700,0.0,0.0,0.0,46.73
2019-06-06 00:00:00-04:00,258.12297472137885,260.1821810072297,257.46693726405556,259.4988098144531,69430400,0.0,0.0,0.0,45.36
2019-06-07 00:00:00-04:00,260.5283822751972,263.1889858985887,260.35525937813884,262.0955810546875,74272200,0.0,0.0,0.0,52.8
2019-06-10 00:00:00-04:00,263.6628905620296,264.9840863193895,263.2073096534851,263.2984313964844,60799100,0.0,0.0,0.0,57.92
2019-06-11 00:00:00-04:00,265.1389130877453,265.5124926917933,262.57855113899006,263.2345886230469,58641300,0.0,0.0,0.0,54.09
2019-06-12 00:00:00-04:00,262.99774894058646,263.5626647938962,262.2505896091022,262.76995849609375,47096300,0.0,0.0,0.0,54.79
2019-06-13 00:00:00-04:00,263.6902455801149,264.2187350482808,262.9795404177003,263.854248046875,48945200,0.0,0.0,0.0,64.02
2019-06-14 00:00:00-04:00,263.5625915527344,264.17305420272146,262.78809869539214,263.5625915527344,52324700,0.0,0.0,0.0,62.36
2019-06-17 00:00:00-04:00,263.79951048287074,264.4373347594465,263.4897188591315,263.662841796875,39205700,0.0,0.0,0.0,69.45
2019-06-18 00:00:00-04:00,265.5033603040961,267.4896856816371,265.13887346241273,266.4236145019531,85434800,0.0,0.0,0.0,78.43
2019-06-19 00:00:00-04:00,266.5603535502982,267.5626370166989,265.5763111146635,267.0250549316406,78674400,0.0,0.0,0.0,78.34
2019-06-20 00:00:00-04:00,269.740263116014,269.9862667151364,267.0887797663679,269.57623291015625,116570000,0.0,0.0,0.0,93.27
2019-06-21 00:00:00-04:00,269.30354091198166,270.57620144316763,268.96477576213425,269.18450927734375,83309500,1.432,0.0,0.0,94.35
2019-06-24 00:00:00-04:00,269.39499399165487,269.71542925437603,268.6991342268477,268.85479736328125,47582700,0.0,0.0,0.0,90.56
2019-06-25 00:00:00-04:00,268.9097726555089,268.937239337788,266.1080592962741,266.2179260253906,82028700,0.0,0.0,0.0,75.06
2019-06-26 00:00:00-04:00,267.124320257118,267.63705022176237,265.842495345507,265.9523620605469,51584900,0.0,0.0,0.0,71.03
2019-06-27 00:00:00-04:00,266.7215123128076,267.408207365882,266.3369787304341,266.8954772949219,40355200,0.0,0.0,0.0,67.53
2019-06-28 00:00:00-04:00,267.8842983500199,268.7724250447094,267.36243136003355,268.26885986328125,59350900,0.0,0.0,0.0,67.93
2019-07-01 00:00:00-04:00,271.6382409042019,271.858002318691,269.48659084409576,270.704345703125,78705600,0.0,0.0,0.0,73.01
2019-07-02 00:00:00-04:00,270.65850858302764,271.46423511775396,269.8070135622463,271.4093017578125,61504500,0.0,0.0,0.0,76.23
2019-07-03 00:00:00-04:00,272.0960582482301,273.5976449374661,271.94955994135137,273.5793151855469,40898900,0.0,0.0,0.0,77.7
2019-07-05 00:00:00-04:00,272.3341101380756,273.4328334230213,271.02481824839583,273.26800537109375,51677300,0.0,0.0,0.0,77.61
2019-07-08 00:00:00-04:00,271.9403528876591,273.08484441970484,271.21702641573364,271.7663879394531,45841800,0.0,0.0,0.0,71.35
2019-07-09 00:00:00-04:00,270.5944706294836,272.4073276075827,270.53953726297715,272.1051940917969,41101300,0.0,0.0,0.0,67.16
2019-07-10 00:00:00-04:00,273.18560099581947,274.36672431720376,272.6454042374669,273.40533447265625,58448500,0.0,0.0,0.0,68.49
2019-07-11 00:00:00-04:00,274.055429523991,274.2934648131377,273.0299693629764,274.0462646484375,50826100,0.0,0.0,0.0,64.57
2019-07-12 00:00:00-04:00,274.5407297010027,275.3464564902307,274.2294312491096,275.273193359375,40326000,0.0,0.0,0.0,68.82
2019-07-15 00:00:00-04:00,275.71255387109414,275.71255387109414,274.85189412426473,275.3646240234375,33900000,0.0,0.0,0.0,70.42
2019-07-16 00:00:00-04:00,275.27318542464207,275.48378199266,274.1653250922363,274.47662353515625,36650100,0.0,0.0,0.0,79.1
2019-07-17 00:00:00-04:00,274.44911628782256,274.6139163905964,272.6087646484375,272.6087646484375,36036300,0.0,0.0,0.0,71.07
2019-07-18 00:00:00-04:00,272.10519191297317,273.9913119924396,271.6565601095316,273.60675048828125,51392600,0.0,0.0,0.0,71.17
2019-07-19 00:00:00-04:00,274.7146627569351,274.7421294423869,271.9129490740738,272.0869140625,58678600,0.0,0.0,0.0,61.93
2019-07-22 00:00:00-04:00,272.4896886446328,273.30458003396376,271.9678217375373,272.7552185058594,43638100,0.0,0.0,0.0,57.21
2019-07-23 00:00:00-04:00,273.8905808652367,274.7054443359375,273.048222772749,274.7054443359375,44564500,0.0,0.0,0.0,60.65
2019-07-24 00:00:00-04:00,273.9364052259043,275.9964904785156,273.8448402930049,275.9964904785156,47213200,0.0,0.0,0.0,58.28
2019-07-25 00:00:00-04:00,275.5386078037756,275.59354115804035,273.8630566736435,274.6779479980469,55394100,0.0,0.0,0.0,54.52
2019-07-26 00:00:00-04:00,275.3738494411496,276.71977270782213,275.2456529673284,276.5183410644531,45084100,0.0,0.0,0.0,64.91
2019-07-29 00:00:00-04:00,276.3993625790632,276.51839420143085,275.4563024179062,276.0148010253906,38126500,0.0,0.0,0.0,62.14
2019-07-30 00:00:00-04:00,274.5956517688285,275.7493085278631,274.2110902019182,275.3372802734375,45849000,0.0,0.0,0.0,56.24
2019-07-31 00:00:00-04:00,275.5843998294343,275.7766945274753,270.28313509817644,272.32489013671875,104245200,0.0,0.0,0.0,45.18
2019-08-01 00:00:00-04:00,272.48059894843635,275.47457928017803,269.14782559075593,269.95355224609375,142646600,0.0,0.0,0.0,36.0
2019-08-02 00:00:00-04:00,269.0471188654771,269.29431901774853,266.346107232215,267.9209289550781,116749700,0.0,0.0,0.0,32.23
2019-08-05 00:00:00-04:00,263.77331297606173,263.8831797191068,257.9409871853002,259.8637390136719,178745400,0.0,0.0,0.0,24.01
2019-08-06 00:00:00-04:00,261.7772945859322,263.7275128662847,260.2848729745192,263.50775146484375,120711700,0.0,0.0,0.0,34.77
2019-08-07 00:00:00-04:00,260.3947466217936,264.4416815770691,258.23395969901003,263.6634216308594,140572300,0.0,0.0,0.0,32.88
2019-08-08 00:00:00-04:00,265.1741439015935,268.8365173339844,264.6156453651659,268.8365173339844,87713900,0.0,0.0,0.0,45.03
2019-08-09 00:00:00-04:00,267.8842717910145,268.4885667138318,265.20159016435855,267.00531005859375,93730000,0.0,0.0,0.0,41.51
2019-08-12 00:00:00-04:00,265.48533905673946,266.99606192181983,262.7934933953172,263.7548828125,65527600,0.0,0.0,0.0,34.43
2019-08-13 00:00:00-04:00,263.4527799241614,269.3217357225238,263.1048500355138,267.8567810058594,94299800,0.0,0.0,0.0,39.28
2019-08-14 00:00:00-04:00,263.75498730923084,264.36841921631157,259.80878214219905,259.93695068359375,135622100,0.0,0.0,0.0,33.46
2019-08-15 00:00:00-04:00,260.83437593773925,261.5302361930244,258.55455623210065,260.623779296875,99556600,0.0,0.0,0.0,31.7
2019-08-16 00:00:00-04:00,262.2991949433365,264.9086136571442,260.6785768189431,264.4691467285156,83018300,0.0,0.0,0.0,37.65
2019-08-19 00:00:00-04:00,267.52725746963864,268.342121125927,266.84056236910226,267.6554260253906,53571800,0.0,0.0,0.0,42.2
2019-08-20 00:00:00-04:00,267.14262104039227,267.68281768173006,265.4762626325167,265.60443115234375,51596400,0.0,0.0,0.0,43.04
2019-08-21 00:00:00-04:00,267.79266442764714,268.1405663144707,267.09680477063534,267.76519775390625,49524700,0.0,0.0,0.0,47.73
2019-08-22 00:00:00-04:00,268.47938980558854,269.12028824646546,265.88824554015366,267.68280029296875,51666400,0.0,0.0,0.0,49.74
2019-08-23 00:00:00-04:00,266.3644208516933,268.0491092068766,259.54323944350233,260.8067626953125,149161500,0.0,0.0,0.0,51.05
2019-08-26 00:00:00-04:00,263.02243335949606,263.6908264160156,261.4750787052617,263.6908264160156,72423800,0.0,0.0,0.0,50.21
2019-08-27 00:00:00-04:00,265.1008964472239,265.47629305965773,261.88715496782714,262.65625,66668900,0.0,0.0,0.0,48.88
2019-08-28 00:00:00-04:00,261.98788619040505,264.67056791398164,261.1729947229914,264.5057678222656,59696700,0.0,0.0,0.0,44.81
2019-08-29 00:00:00-04:00,267.09685008422844,268.41530653083396,266.0805271000301,267.8842468261719,57899400,0.0,0.0,0.0,51.01
2019-08-30 00:00:00-04:00,269.3857873879822,269.4040891899153,266.8221380332266,267.76519775390625,62901200,0.0,0.0,0.0,54.99
2019-09-03 00:00:00-04:00,266.0439192487991,266.96864936800415,264.8536313398093,266.1995544433594,69101400,0.0,0.0,0.0,47.8
2019-09-04 00:00:00-04:00,268.39707135524424,269.2394016630971,267.6371131613551,269.2210998535156,46887300,0.0,0.0,0.0,64.18
2019-09-05 00:00:00-04:00,271.7389468424177,273.6067370805387,269.1844336787319,272.6820068359375,83258100,0.0,0.0,0.0,66.98
2019-09-06 00:00:00-04:00,273.00244226466356,273.54263891059617,272.31574735076293,272.8925476074219,49584300,0.0,0.0,0.0,63.21
2019-09-09 00:00:00-04:00,273.8906283094618,273.9821652978524,272.0777432838915,273.02996826171875,51260300,0.0,0.0,0.0,59.32
2019-09-10 00:00:00-04:00,272.2608260655092,273.0299490708011,270.9881658343813,272.9658508300781,57947100,0.0,0.0,0.0,63.71
2019-09-11 00:00:00-04:00,273.2771055610675,274.98926038717497,272.6178773344804,274.9068603515625,68821100,0.0,0.0,0.0,63.41
2019-09-12 00:00:00-04:00,275.8225298148799,276.9303900777647,275.0534346615115,275.8591613769531,72908700,0.0,0.0,0.0,64.87
2019-09-13 00:00:00-04:00,276.307756511803,276.66485132574826,275.3005982513446,275.6759948730469,62104800,0.0,0.0,0.0,85.74
2019-09-16 00:00:00-04:00,274.5314968407313,275.72178491795165,274.17442997674857,274.8244934082031,58191200,0.0,0.0,0.0,79.66
2019-09-17 00:00:00-04:00,274.62312454487903,275.61195325904845,274.4491595395266,275.5204162597656,41475500,0.0,0.0,0.0,84.9
2019-09-18 00:00:00-04:00,275.1265627883976,275.79495581310226,273.0664783050807,275.6850891113281,73375800,0.0,0.0,0.0,83.38
2019-09-19 00:00:00-04:00,276.0787455401014,277.0859033896503,275.3279526030122,275.6667175292969,76560500,0.0,0.0,0.0,79.07
2019-09-20 00:00:00-04:00,276.27753495818126,276.56270540973907,273.5640787420347,274.36431884765625,89565000,1.384,0.0,0.0,72.65
2019-09-23 00:00:00-04:00,273.6929021766332,275.0266547070149,273.43535325492064,274.29998779296875,43476800,0.0,0.0,0.0,80.99
2019-09-24 00:00:00-04:00,275.4037280984214,275.7992445625233,271.17254405417225,272.1475524902344,94869400,0.0,0.0,0.0,61.99
2019-09-25 00:00:00-04:00,272.230356165015,274.20796672418203,270.7310426678861,273.75726318359375,71854000,0.0,0.0,0.0,55.2
2019-09-26 00:00:00-04:00,273.76647322836897,273.9780142047765,271.7612691268964,273.1869812011719,56179700,0.0,0.0,0.0,51.37
2019-09-27 00:00:00-04:00,273.9503690122096,274.06077114905753,270.14232337715924,271.7152099609375,84746600,0.0,0.0,0.0,44.54
2019-09-30 00:00:00-04:00,272.2395568970291,273.69286244341146,272.1935770526126,272.97540283203125,51662400,0.0,0.0,0.0,50.04
2019-10-01 00:00:00-04:00,273.8676204600266,274.52989300489725,269.50767591421607,269.7284240722656,88242400,0.0,0.0,0.0,32.2
2019-10-02 00:00:00-04:00,268.12799468172454,268.13720188029833,263.6576752083214,264.96380615234375,122539500,0.0,0.0,0.0,20.32
2019-10-03 00:00:00-04:00,264.7338337166402,267.1621760427495,261.983576309893,267.13458251953125,85278800,0.0,0.0,0.0,29.01
2019-10-04 00:00:00-04:00,267.79677130558804,271.0069384747497,267.7415562057127,270.7493896484375,65091200,0.0,0.0,0.0,41.18
2019-10-07 00:00:00-04:00,269.9400427216179,271.58653122496884,269.29615638132526,269.581298828125,59610500,0.0,0.0,0.0,37.41
2019-10-08 00:00:00-04:00,267.7048793021385,268.4499325329382,265.35931744122405,265.3961181640625,95708100,0.0,0.0,0.0,31.36
2019-10-09 00:00:00-04:00,267.4380847906114,268.863796800243,266.8034057487179,267.9163818359375,62359400,0.0,0.0,0.0,37.13
2019-10-10 00:00:00-04:00,267.83359419374835,270.6206519720119,267.6680330752112,269.7284240722656,55296300,0.0,0.0,0.0,42.43
2019-10-11 00:00:00-04:00,272.51548152388807,274.7874415501648,272.3959283189026,272.5246887207031,98720400,0.0,0.0,0.0,47.34
2019-10-14 00:00:00-04:00,272.2026854639544,272.8833722512561,271.87156330044206,272.2210998535156,40394800,0.0,0.0,0.0,50.12
2019-10-15 00:00:00-04:00,273.27897858656604,275.670520147289,273.15939729792115,274.916259765625,46754500,0.0,0.0,0.0,51.78
2019-10-16 00:00:00-04:00,274.4471684375049,275.1738353669664,274.0332655567188,274.4747619628906,48928200,0.0,0.0,0.0,51.98
2019-10-17 00:00:00-04:00,275.6520721180507,276.1671698595753,274.58507591897205,275.2841491699219,45736600,0.0,0.0,0.0,55.61
2019-10-18 00:00:00-04:00,274.7414656688601,275.394531025538,273.21455872381404,274.0791931152344,64304000,0.0,0.0,0.0,51.74
2019-10-21 00:00:00-04:00,275.4129179941272,276.1395566418624,274.97139364543574,275.93719482421875,39048600,0.0,0.0,0.0,60.23
2019-10-22 00:00:00-04:00,276.47998737127,276.77433704493814,274.94390089001246,275.035888671875,48594700,0.0,0.0,0.0,69.02
2019-10-23 00:00:00-04:00,274.7783313232184,275.89130765875285,274.56676223847677,275.83612060546875,34352200,0.0,0.0,0.0,67.33
2019-10-24 00:00:00-04:00,276.7835157134914,276.93069053515467,275.4497631907928,276.28680419921875,35453100,0.0,0.0,0.0,62.62
2019-10-25 00:00:00-04:00,275.7072997100508,277.9700809117787,275.6521126632502,277.4181823730469,45205400,0.0,0.0,0.0,67.88
2019-10-28 00:00:00-04:00,278.65065882136565,279.4876995486816,278.6230653059912,278.9817810058594,42147000,0.0,0.0,0.0,85.22
2019-10-29 00:00:00-04:00,278.7058932111194,279.83728367515926,278.57710473700917,278.8990478515625,44284900,0.0,0.0,0.0,82.59
2019-10-30 00:00:00-04:00,279.1013926977084,280.1315881449846,277.77684767386154,279.7544860839844,49643900,0.0,0.0,0.0,81.54
2019-10-31 00:00:00-04:00,279.7453039389649,279.7453039389649,277.5377380584383,279.0094299316406,69053800,0.0,0.0,0.0,73.42
2019-11-01 00:00:00-04:00,280.47205464628604,281.64021813952024,280.3064654009037,281.59423828125,71141500,0.0,0.0,0.0,79.07
2019-11-04 00:00:00-05:00,283.1670493199004,283.3050169282856,282.34839472560816,282.72552490234375,60606900,0.0,0.0,0.0,76.82
2019-11-05 00:00:00-05:00,282.9279091051145,283.23146593826937,282.1184616443365,282.4128112792969,42933200,0.0,0.0,0.0,77.5
2019-11-06 00:00:00-05:00,282.4128396343446,282.75316915299493,281.5206115124129,282.47723388671875,46487100,0.0,0.0,0.0,76.28
2019-11-07 00:00:00-05:00,283.829324911005,284.8227197726029,282.99228398365506,283.4705810546875,54272300,0.0,0.0,0.0,84.85
2019-11-08 00:00:00-05:00,283.1210068619756,284.22480373583994,282.4127545115237,284.16961669921875,49032100,0.0,0.0,0.0,83.42
2019-11-11 00:00:00-05:00,282.7715259032089,283.8017214482549,282.63353022747464,283.626953125,35797300,0.0,0.0,0.0,85.92
2019-11-12 00:00:00-05:00,283.99480665385914,285.135376004026,283.4429082980404,284.2247619628906,46484600,0.0,0.0,0.0,85.68
2019-11-13 00:00:00-05:00,283.222152456577,284.7214655218696,282.99219715381963,284.3167419433594,53917700,0.0,0.0,0.0,85.23
2019-11-14 00:00:00-05:00,284.0316676907809,284.8135215216951,283.38778146044626,284.730712890625,51219900,0.0,0.0,0.0,84.24
2019-11-15 00:00:00-05:00,286.08282677148827,286.83708701704285,285.38378163211183,286.7911071777344,62023600,0.0,0.0,0.0,84.94
2019-11-18 00:00:00-05:00,286.5519820082911,287.2418481121923,286.092071272357,287.002685546875,49228000,0.0,0.0,0.0,85.84
2019-11-19 00:00:00-05:00,287.60972683760804,287.61893403354173,286.266795555095,286.91986083984375,67804700,0.0,0.0,0.0,84.02
2019-11-20 00:00:00-05:00,286.32202320108695,286.8463281707277,284.28001843523856,285.8529052734375,79406200,0.0,0.0,0.0,81.53
2019-11-21 00:00:00-05:00,285.96337943497304,286.0737535467483,284.58364689632094,285.39306640625,54664700,0.0,0.0,0.0,71.76
2019-11-22 00:00:00-05:00,286.14723019668924,286.2851977897673,285.00666066628247,286.02764892578125,44850200,0.0,0.0,0.0,70.06
2019-11-25 00:00:00-05:00,286.9659085709434,288.24444580078125,286.9659085709434,288.24444580078125,48647200,0.0,0.0,0.0,78.77
2019-11-26 00:00:00-05:00,288.28128774485276,289.0815280364324,287.9593445743698,288.8975524902344,37569000,0.0,0.0,0.0,79.93
2019-11-27 00:00:00-05:00,289.3850040005295,290.1852722167969,289.1642558419575,290.1852722167969,44444600,0.0,0.0,0.0,80.47
2019-11-29 00:00:00-05:00,289.61502152159875,289.8633913240267,288.87917545459544,289.109130859375,36592700,0.0,0.0,0.0,71.67
2019-12-02 00:00:00-05:00,289.3666241366984,289.43101837462666,286.22085052394124,286.6531677246094,75767800,0.0,0.0,0.0,61.37
2019-12-03 00:00:00-05:00,283.902879216425,284.8135215216951,282.5047607460145,284.730712890625,73941700,0.0,0.0,0.0,51.73
2019-12-04 00:00:00-05:00,285.78856457884046,287.09469545002185,285.4390279012572,286.48760986328125,49080000,0.0,0.0,0.0,56.66
2019-12-05 00:00:00-05:00,287.19586826688834,287.2142545908652,285.6781403817268,287.002685546875,40709000,0.0,0.0,0.0,56.93
2019-12-06 00:00:00-05:00,288.9342794916809,290.0288691496006,288.9250722955021,289.6241455078125,48927000,0.0,0.0,0.0,58.35
2019-12-09 00:00:00-05:00,289.22875149555307,289.9094106036354,288.6400521053063,288.7136535644531,34838500,0.0,0.0,0.0,54.84
2019-12-10 00:00:00-05:00,288.6583881733158,289.3298398991125,287.7293594811349,288.3916320800781,52649800,0.0,0.0,0.0,54.11
2019-12-11 00:00:00-05:00,288.8515832414018,289.46787608013176,288.3088918521434,289.2103271484375,53429100,0.0,0.0,0.0,59.51
2019-12-12 00:00:00-05:00,289.21941308358447,292.4939747617293,288.98027862667675,291.70294189453125,96389600,0.0,0.0,0.0,66.03
2019-12-13 00:00:00-05:00,291.4638461793262,293.1195417897332,290.68199225808337,291.8777770996094,81503900,0.0,0.0,0.0,65.22
2019-12-16 00:00:00-05:00,293.6253857035336,294.48081286061495,291.81333643953565,293.8829345703125,82749700,0.0,0.0,0.0,64.83
2019-12-17 00:00:00-05:00,294.2693003099637,294.57282904732483,293.86457661299954,293.9473571777344,61097700,0.0,0.0,0.0,63.7
2019-12-18 00:00:00-05:00,294.3429505864266,294.57290601657223,293.91063325492354,293.9658203125,48133000,0.0,0.0,0.0,61.02
2019-12-19 00:00:00-05:00,294.15890606241487,295.24431677203495,293.9013571638511,295.17071533203125,85310500,0.0,0.0,0.0,67.54
2019-12-20 00:00:00-05:00,296.2151613555035,297.6109293087573,295.2261350780372,296.4647521972656,147142100,1.57,0.0,0.0,80.43
2019-12-23 00:00:00-05:00,297.25969675851456,297.3151551256184,296.7697957099426,296.9176940917969,52990000,0.0,0.0,0.0,91.59
2019-12-24 00:00:00-05:00,297.14877438217206,297.1949802843039,296.6218916959578,296.92694091796875,20270000,0.0,0.0,0.0,90.45
2019-12-26 00:00:00-05:00,297.3151570414947,298.51682082352926,297.30593278607256,298.507568359375,30911200,0.0,0.0,0.0,91.18
2019-12-27 00:00:00-05:00,299.2471125225125,299.3025709048847,297.89757820355686,298.4336853027344,42528800,0.0,0.0,0.0,88.56
2019-12-30 00:00:00-05:00,298.5168461890731,298.65549211950713,296.2983984671903,296.7882995605469,49729100,0.0,0.0,0.0,83.21
2019-12-31 00:00:00-05:00,296.27982134611415,297.75877658995296,295.9285663022208,297.5091857910156,57077300,0.0,0.0,0.0,86.31
2020-01-02 00:00:00-05:00,299.06232167330234,300.31019194877854,298.1287250316413,300.29168701171875,59151200,0.0,0.0,0.0,88.16
2020-01-03 00:00:00-05:00,296.8622399985499,299.15462263719553,296.80678163064766,298.0176696777344,77709700,0.0,0.0,0.0,72.08
2020-01-06 00:00:00-05:00,296.2429271131675,299.23782012297437,296.12275790914583,299.1546325683594,55653900,0.0,0.0,0.0,73.84
2020-01-07 00:00:00-05:00,298.5815159468736,299.0621927633044,297.8605289309607,298.3134765625,40496400,0.0,0.0,0.0,65.71
2020-01-08 00:00:00-05:00,298.5075523193514,301.13268500347425,298.257989679186,299.9033203125,68296000,0.0,0.0,0.0,69.06
2020-01-09 00:00:00-05:00,301.48397022370244,302.0108529476188,300.89237666518585,301.9368896484375,48473300,0.0,0.0,0.0,72.59
2020-01-10 00:00:00-05:00,302.52838008060746,302.68550267252397,300.5965056268547,301.0679016113281,53029300,0.0,0.0,0.0,67.04
2020-01-13 00:00:00-05:00,301.69660615664253,303.14780457892977,301.2621634138756,303.1385803222656,47086800,0.0,0.0,0.0,68.46
2020-01-14 00:00:00-05:00,302.69486832260185,303.75785806141926,302.11252720941695,302.6763916015625,62832800,0.0,0.0,0.0,65.92
2020-01-15 00:00:00-05:00,302.5839062641116,304.12754439738717,302.50071871879106,303.3603515625,72056600,0.0,0.0,0.0,67.14
2020-01-16 00:00:00-05:00,304.7561191747277,305.8838195800781,304.5250332573094,305.8838195800781,54050300,0.0,0.0,0.0,68.71
2020-01-17 00:00:00-05:00,306.60488204323406,307.048549060383,305.8191840887167,306.8359680175781,95846000,0.0,0.0,0.0,70.41
2020-01-21 00:00:00-05:00,305.8653755221729,307.04853452646114,305.79144042572676,306.235107421875,77742400,0.0,0.0,0.0,74.17
2020-01-22 00:00:00-05:00,307.1039985684286,307.7603030269026,306.11497206543896,306.2720947265625,48914900,0.0,0.0,0.0,73.23
2020-01-23 00:00:00-05:00,305.6158206097551,307.0393180789855,304.4881199513038,306.62335205078125,51963000,0.0,0.0,0.0,69.27
2020-01-24 00:00:00-05:00,307.28896178055214,307.3721493663763,302.5932778499136,303.8966064453125,87578400,0.0,0.0,0.0,67.42
2020-01-27 00:00:00-05:00,298.5908257687778,300.52270124394335,298.24882301984144,299.0252685546875,84062500,0.0,0.0,0.0,49.69
2020-01-28 00:00:00-05:00,300.46718752343736,303.0461145736904,299.1176535001483,302.15875244140625,63834000,0.0,0.0,0.0,58.39
2020-01-29 00:00:00-05:00,303.5359725042297,303.7670584168849,301.705761920858,301.90911865234375,53888900,0.0,0.0,0.0,54.65
2020-01-30 00:00:00-05:00,299.8201487893357,303.1015862851458,299.0622082933638,302.88897705078125,75491800,0.0,0.0,0.0,52.32
2020-01-31 00:00:00-05:00,302.26041112458785,302.4175619764646,296.46478587376487,297.3891296386719,113845600,0.0,0.0,0.0,42.68
2020-02-03 00:00:00-05:00,298.8865930190771,301.4839970111189,298.76642380378036,299.59832763671875,69083000,0.0,0.0,0.0,43.0
2020-02-04 00:00:00-05:00,303.2495203510965,305.0427498347506,302.92599433335187,304.16461181640625,62573200,0.0,0.0,0.0,52.53
2020-02-05 00:00:00-05:00,307.1316730691546,307.8896416782483,305.6527457063871,307.6770324707031,65951100,0.0,0.0,0.0,56.7
2020-02-06 00:00:00-05:00,308.64766098602024,308.9064761378909,307.6216246351767,308.7123718261719,50359700,0.0,0.0,0.0,54.6
2020-02-07 00:00:00-05:00,307.64016638382316,308.7216330301359,306.51246561383925,307.06707763671875,64139400,0.0,0.0,0.0,50.37
2020-02-10 00:00:00-05:00,306.1705266397289,309.42420793168907,306.13354497483584,309.3594970703125,42070000,0.0,0.0,0.0,54.72
2020-02-11 00:00:00-05:00,310.72744218058443,311.52236437743323,309.3594030826222,309.8955383300781,54864500,0.0,0.0,0.0,55.39
2020-02-12 00:00:00-05:00,311.346671727077,312.1046403206261,310.9769398939677,311.8920593261719,43992700,0.0,0.0,0.0,57.47
2020-02-13 00:00:00-05:00,310.4500718938172,312.53909775227004,310.17278005806327,311.5592956542969,54501900,0.0,0.0,0.0,61.66
2020-02-14 00:00:00-05:00,311.9753146324029,312.1786714160907,310.764426395951,312.0585021972656,64582200,0.0,0.0,0.0,72.87
2020-02-18 00:00:00-05:00,311.05094621086727,312.12318842131,309.8492823261326,311.2543029785156,57226200,0.0,0.0,0.0,67.39
2020-02-19 00:00:00-05:00,312.23411484526747,313.42649809328753,311.94757051043456,312.74249267578125,48814700,0.0,0.0,0.0,69.77
2020-02-20 00:00:00-05:00,312.187791684327,313.01972347331406,308.4349590062021,311.45758056640625,74163400,0.0,0.0,0.0,65.47
2020-02-21 00:00:00-05:00,310.08955685637517,310.40383030367497,307.41819024123384,308.2501220703125,113788200,0.0,0.0,0.0,71.37
2020-02-24 00:00:00-05:00,298.6925062863302,308.3241540854473,296.9362302805282,298.0269775390625,161088400,0.0,0.0,0.0,47.65
2020-02-25 00:00:00-05:00,299.431943523171,300.0512380943985,288.10873156875266,288.99609375,218913200,0.0,0.0,0.0,29.98
2020-02-26 00:00:00-05:00,290.41037096404267,294.04303586144556,287.1936721212229,287.9331359863281,194773800,0.0,0.0,0.0,22.14
2020-02-27 00:00:00-05:00,282.3499793081975,287.9884807332223,275.00146484375,275.00146484375,284353500,0.0,0.0,0.0,14.39
2020-02-28 00:00:00-05:00,266.8580333291609,275.3527540569355,263.9371038974755,273.8460693359375,384975800,0.0,0.0,0.0,14.54
2020-03-02 00:00:00-05:00,275.64854904040135,285.7701246526575,272.1822598867154,285.7054138183594,238703600,0.0,0.0,0.0,29.03
2020-03-03 00:00:00-05:00,286.0843956820024,290.09604424286687,275.05698131967097,277.52496337890625,300139100,0.0,0.0,0.0,24.73
2020-03-04 00:00:00-05:00,282.9600875485208,289.41201669815035,280.3811607396725,289.1901550292969,176613400,0.0,0.0,0.0,34.6
2020-03-05 00:00:00-05:00,281.9063600959013,285.13231067725593,277.31237064305344,279.5769958496094,186366800,0.0,0.0,0.0,30.73
2020-03-06 00:00:00-05:00,270.9713121788443,276.1753709966238,268.27224474859145,274.9552307128906,228667200,0.0,0.0,0.0,28.71
2020-03-09 00:00:00-04:00,254.47181442612197,262.68924362399014,252.76180111383817,253.4827880859375,309417300,0.0,0.0,0.0,23.2
2020-03-10 00:00:00-04:00,263.10516459859605,266.691593917974,252.80796379452767,266.59918212890625,276444100,0.0,0.0,0.0,30.68
2020-03-11 00:00:00-04:00,259.46339361373384,260.6095712420466,250.3863280104225,253.60302734375,255316300,0.0,0.0,0.0,27.94
2020-03-12 00:00:00-04:00,236.63199984108374,246.48550759451427,228.9414530761527,229.33892822265625,392220700,0.0,0.0,0.0,24.08
2020-03-13 00:00:00-04:00,243.18564768511752,250.94090700614265,229.71796359785202,248.94432067871094,329566100,0.0,0.0,0.0,34.81
2020-03-16 00:00:00-04:00,222.93320687266757,237.46389097002017,219.4022212717218,221.70384216308594,297240000,0.0,0.0,0.0,31.29
2020-03-17 00:00:00-04:00,226.50124541917143,236.78921265996993,219.13423678463027,233.67416381835938,262070500,0.0,0.0,0.0,35.77
2020-03-18 00:00:00-04:00,218.37623977661133,229.5792829927057,210.76889365869576,221.842529296875,327597100,0.0,0.0,0.0,35.98
2020-03-19 00:00:00-04:00,221.14926615253347,228.66418616779154,214.65113001420656,222.31393432617188,289322000,0.0,0.0,0.0,36.36
2020-03-20 00:00:00-04:00,225.49937097985898,227.30314507971622,212.45456862343516,212.73350524902344,347158800,1.406,0.0,0.0,30.45
2020-03-23 00:00:00-04:00,212.1663137671841,213.55167566820614,202.93359911441289,207.2942657470703,326025200,0.0,0.0,0.0,30.9
2020-03-24 00:00:00-04:00,217.9588078395918,226.9590766126347,217.38234935625385,226.07577514648438,235494500,0.0,0.0,0.0,33.48
2020-03-25 00:00:00-04:00,227.6750306967431,238.3489062463398,222.91456567972472,229.460205078125,299430300,0.0,0.0,0.0,36.44
2020-03-26 00:00:00-04:00,231.998494436637,244.34594606435087,231.5614971068861,242.8583221435547,257632800,0.0,0.0,0.0,41.71
2020-03-27 00:00:00-04:00,235.48523358856258,242.49576405126626,233.4211221770044,235.62469482421875,224341200,0.0,0.0,0.0,45.02
2020-03-30 00:00:00-04:00,237.74454973681014,244.0019600734176,235.7269304807957,243.2767333984375,171369500,0.0,0.0,0.0,43.29
2020-03-31 00:00:00-04:00,242.26326627335234,244.8387444445269,238.22802794711876,239.6505889892578,194881100,0.0,0.0,0.0,45.76
2020-04-01 00:00:00-04:00,230.56664044897477,239.5669104201281,226.77313963673376,228.86514282226562,189554600,0.0,0.0,0.0,49.84
2020-04-02 00:00:00-04:00,227.97256785328346,234.93660508940417,227.41469464971027,234.14630126953125,177660400,0.0,0.0,0.0,44.59
2020-04-03 00:00:00-04:00,233.15141160463023,235.5316581159312,228.0004414210397,230.7618865966797,135561200,0.0,0.0,0.0,54.01
2020-04-06 00:00:00-04:00,239.73426695457957,248.25104788238923,230.74330373936812,246.2613067626953,188061200,0.0,0.0,0.0,55.41
2020-04-07 00:00:00-04:00,254.95475790725996,255.71718369531743,246.28923693980968,246.5123748779297,201427200,0.0,0.0,0.0,61.77
2020-04-08 00:00:00-04:00,249.14367736200134,256.6191116013682,246.62398316037292,254.78744506835938,153774500,0.0,0.0,0.0,64.42
2020-04-09 00:00:00-04:00,258.0880639183732,261.45388801451463,256.12624368412116,258.66455078125,189999200,0.0,0.0,0.0,71.49
2020-04-13 00:00:00-04:00,257.6790314843199,258.02304526223554,252.35138623892095,256.3029479980469,114839100,0.0,0.0,0.0,73.61
2020-04-14 00:00:00-04:00,261.24944356263046,264.89416316548926,256.1635487682669,263.86212158203125,134143400,0.0,0.0,0.0,70.41
2020-04-15 00:00:00-04:00,258.07889383026935,264.0015845035009,256.11704439732233,258.25555419921875,121775000,0.0,0.0,0.0,65.19
2020-04-16 00:00:00-04:00,259.5479119459874,260.36612235197066,256.3959745577285,259.5014343261719,131798300,0.0,0.0,0.0,60.07
2020-04-17 00:00:00-04:00,265.3404014622022,267.12556169580233,262.56964913917665,266.5119323730469,146684800,0.0,0.0,0.0,68.74
2020-04-20 00:00:00-04:00,262.7649235421949,266.651422716813,261.59342087796335,261.8165588378906,100109300,0.0,0.0,0.0,61.67
2020-04-21 00:00:00-04:00,257.2977847883875,258.51579315944565,252.91850472566617,253.8668975830078,126385700,0.0,0.0,0.0,58.48
2020-04-22 00:00:00-04:00,258.8040997812474,261.268009498391,257.46521518502306,259.5014343261719,92951600,0.0,0.0,0.0,69.48
2020-04-23 00:00:00-04:00,260.79371892766017,264.0014680279603,259.1759124464332,259.48272705078125,104709700,0.0,0.0,0.0,67.27
2020-04-24 00:00:00-04:00,261.01691314174025,263.7783583749429,258.9434954053234,263.099609375,85063200,0.0,0.0,0.0,71.97
2020-04-27 00:00:00-04:00,265.09859963988185,268.0273979884122,264.63371011234995,266.89306640625,77896600,0.0,0.0,0.0,66.67
2020-04-28 00:00:00-04:00,270.5843442705127,270.9376649217295,265.35898948048066,265.66583251953125,105270000,0.0,0.0,0.0,65.23
2020-04-29 00:00:00-04:00,271.05855256949116,274.1733188347815,270.01720431503736,272.6205749511719,118745600,0.0,0.0,0.0,64.49
2020-04-30 00:00:00-04:00,271.2258856602544,272.7228449445646,268.3249790622534,270.082275390625,122901700,0.0,0.0,0.0,59.48
2020-05-01 00:00:00-04:00,265.27537656335676,270.24970236992056,261.75150445044204,262.9323425292969,125180000,0.0,0.0,0.0,55.1
2020-05-04 00:00:00-04:00,261.0261799153736,263.96428532654204,259.5292491586003,263.657470703125,80873200,0.0,0.0,0.0,49.82
2020-05-05 00:00:00-04:00,266.511917840321,268.9386278809035,263.7876432775508,266.093505859375,79569900,0.0,0.0,0.0,57.13
2020-05-06 00:00:00-04:00,267.8136049500988,268.20409631883115,263.8527365338742,264.28973388671875,73632600,0.0,0.0,0.0,54.31
2020-05-07 00:00:00-04:00,267.5440647668993,269.4315161131545,266.967605987445,267.4789733886719,75250400,0.0,0.0,0.0,50.93
2020-05-08 00:00:00-04:00,270.6493945918903,272.37879847126607,269.50575608497076,271.90460205078125,76452400,0.0,0.0,0.0,59.8
2020-05-11 00:00:00-04:00,269.95206191205443,273.3550568409455,269.5243714686897,271.96038818359375,79514200,0.0,0.0,0.0,70.76
2020-05-12 00:00:00-04:00,273.15984904420077,273.57823267464636,266.4003358546942,266.5398254394531,95870800,0.0,0.0,0.0,58.12
2020-05-13 00:00:00-04:00,265.97267459299303,267.0233297826381,259.3712356323015,261.82586669921875,144721100,0.0,0.0,0.0,52.44
2020-05-14 00:00:00-04:00,259.36187729781716,265.0892912750713,253.82037373115983,264.9591369628906,121977900,0.0,0.0,0.0,51.95
2020-05-15 00:00:00-04:00,262.5417149243361,266.22363214528747,261.58404360456876,266.1771545410156,111146300,0.0,0.0,0.0,49.2
2020-05-18 00:00:00-04:00,272.47180068566763,275.911995296155,272.14640064448497,274.2848815917969,119703800,0.0,0.0,0.0,58.31
2020-05-19 00:00:00-04:00,273.6804690107116,275.4098444237009,271.4490049658911,271.46759033203125,95189300,0.0,0.0,0.0,48.79
2020-05-20 00:00:00-04:00,275.0473043561465,276.95334046749406,274.81485954380605,276.079345703125,85861700,0.0,0.0,0.0,56.02
2020-05-21 00:00:00-04:00,275.94922181093335,276.76743218058994,273.0669001449572,274.17333984375,78293900,0.0,0.0,0.0,62.61
2020-05-22 00:00:00-04:00,273.8850967884195,274.87066058212713,272.62988905126736,274.6940002441406,63958200,0.0,0.0,0.0,62.44
2020-05-26 00:00:00-04:00,280.7282457117374,280.96999739968646,274.7125727527704,278.078369140625,88951400,0.0,0.0,0.0,63.23
2020-05-27 00:00:00-04:00,280.9049196376593,282.2531109823988,276.02357827683454,282.2159118652344,104817400,0.0,0.0,0.0,68.81
2020-05-28 00:00:00-04:00,283.2571819061966,285.29340029565503,281.016410990755,281.6951599121094,90405200,0.0,0.0,0.0,65.81
2020-05-29 00:00:00-04:00,281.22103522436385,283.5454834420559,278.44100423588,282.950439453125,119090800,0.0,0.0,0.0,63.21
2020-06-01 00:00:00-04:00,282.29955760296286,284.7076823382841,281.7788835182777,284.0940246582031,55758300,0.0,0.0,0.0,64.14
2020-06-02 00:00:00-04:00,285.02375875693684,286.49282555772106,283.67559614818225,286.4463195800781,74267200,0.0,0.0,0.0,74.99
2020-06-03 00:00:00-04:00,288.45464918834904,291.22540102788236,288.1757268175862,290.2584228515625,92567600,0.0,0.0,0.0,86.53
2020-06-04 00:00:00-04:00,289.2636793983854,291.020976229299,287.37622819552513,289.4961242675781,75794400,0.0,0.0,0.0,83.57
2020-06-05 00:00:00-04:00,294.9538897976216,298.71017764112366,294.8887984384263,296.91571044921875,150524700,0.0,0.0,0.0,85.95
2020-06-08 00:00:00-04:00,297.7339167705026,300.6999148898166,297.1853504102166,300.5046691894531,73641200,0.0,0.0,0.0,84.29
2020-06-09 00:00:00-04:00,297.80821344119244,300.57896517923854,296.9342188786747,298.2638244628906,77479200,0.0,0.0,0.0,85.58
2020-06-10 00:00:00-04:00,298.8496571128931,299.7515441146227,295.87435218203393,296.5995788574219,95000800,0.0,0.0,0.0,79.56
2020-06-11 00:00:00-04:00,289.58902566068906,290.2305755874608,278.94307069937685,279.50091552734375,209243600,0.0,0.0,0.0,55.34
2020-06-12 00:00:00-04:00,286.5950920205788,287.3761030359622,277.63203652294584,282.84808349609375,194678900,0.0,0.0,0.0,57.73
2020-06-15 00:00:00-04:00,277.09274373006485,286.6322859133372,275.9026276747615,285.4886474609375,135782700,0.0,0.0,0.0,57.13
2020-06-16 00:00:00-04:00,293.326796226038,293.4755643253044,286.0652218548657,290.9837341308594,137627500,0.0,0.0,0.0,58.22
2020-06-17 00:00:00-04:00,292.01573445868814,292.3132705864134,289.0311230595931,289.77496337890625,83398900,0.0,0.0,0.0,57.48
2020-06-18 00:00:00-04:00,288.2408064570726,290.3699800081768,287.77591694160986,289.8865051269531,80828700,0.0,0.0,0.0,56.56
2020-06-19 00:00:00-04:00,293.3941931481743,293.5902980305546,286.25940676623287,288.2298889160156,135549600,1.366,0.0,0.0,53.87
2020-06-22 00:00:00-04:00,287.62289442213944,290.48053714636455,286.4649036056369,290.0789794921875,74649400,0.0,0.0,0.0,53.43
2020-06-23 00:00:00-04:00,292.75911323057716,293.7023317464779,291.0034317750071,291.4143371582031,68471200,0.0,0.0,0.0,51.15
2020-06-24 00:00:00-04:00,289.35053113495576,289.97623712344625,282.12238011582957,283.98077392578125,132813500,0.0,0.0,0.0,45.17
2020-06-25 00:00:00-04:00,283.4017238465558,287.2959769494308,281.35654486798745,287.025146484375,89468000,0.0,0.0,0.0,40.62
2020-06-26 00:00:00-04:00,285.9138815477473,286.1286820870505,279.6196016076711,280.2079162597656,127961000,0.0,0.0,0.0,31.86
2020-06-29 00:00:00-04:00,281.4779389998389,284.46630779928404,279.16192966820716,284.32623291015625,79773300,0.0,0.0,0.0,37.95
2020-06-30 00:00:00-04:00,283.88734290217144,289.6867004264842,283.72860084403385,287.9683532714844,113394800,0.0,0.0,0.0,42.78
2020-07-01 00:00:00-04:00,289.09837455626104,291.26496153342845,288.6314391818443,289.98553466796875,72396500,0.0,0.0,0.0,61.72
2020-07-02 00:00:00-04:00,293.4595499347535,294.82302181709093,290.91010090029897,291.5824890136719,69344200,0.0,0.0,0.0,60.16
2020-07-06 00:00:00-04:00,295.4486539949115,296.6720222706539,294.69222104577216,296.08367919921875,61713800,0.0,0.0,0.0,61.82
2020-07-07 00:00:00-04:00,294.5241978626802,296.5226666933672,292.64710830484086,293.0299987792969,82910000,0.0,0.0,0.0,52.41
2020-07-08 00:00:00-04:00,293.80505635007563,295.3833001619314,292.02138833734847,295.271240234375,54638600,0.0,0.0,0.0,56.33
2020-07-09 00:00:00-04:00,295.8875849051437,296.1304004034764,290.1349380560867,293.59027099609375,83354200,0.0,0.0,0.0,54.12
2020-07-10 00:00:00-04:00,293.5248875251493,296.858812651441,292.07739938881764,296.5879821777344,57550400,0.0,0.0,0.0,59.02
2020-07-13 00:00:00-04:00,298.9600822787399,301.3694565521852,293.35685713172796,294.0198974609375,102997500,0.0,0.0,0.0,54.19
2020-07-14 00:00:00-04:00,292.5817004647939,298.61452615085386,291.3676798651455,297.830078125,93657000,0.0,0.0,0.0,56.48
2020-07-15 00:00:00-04:00,301.0893411927717,301.6776844605353,298.15697268343564,300.5663757324219,87196500,0.0,0.0,0.0,68.5
2020-07-16 00:00:00-04:00,298.6424843891142,300.0339424504025,297.9887635753786,299.57635498046875,54622500,0.0,0.0,0.0,64.67
2020-07-17 00:00:00-04:00,300.59430798709116,301.23868105543204,298.5958109926491,300.44488525390625,62774900,0.0,0.0,0.0,77.48
2020-07-20 00:00:00-04:00,300.17405529226573,303.6293883169463,299.41762229758507,302.8729553222656,56308800,0.0,0.0,0.0,76.4
2020-07-21 00:00:00-04:00,304.86214076348176,305.31038051767416,302.51811588410635,303.5173645019531,57292200,0.0,0.0,0.0,74.19
2020-07-22 00:00:00-04:00,303.1531942680049,305.5625973664487,303.04113430984114,305.24505615234375,57792900,0.0,0.0,0.0,73.96
2020-07-23 00:00:00-04:00,304.8808317471,305.59058274600727,300.2208251082735,301.6029357910156,75738000,0.0,0.0,0.0,64.78
2020-07-24 00:00:00-04:00,299.7258392204688,300.69704431522166,298.13824748948986,299.66046142578125,73766600,0.0,0.0,0.0,55.71
2020-07-27 00:00:00-04:00,300.36082169398406,302.02311031086447,299.5576781153274,301.8456726074219,48293000,0.0,0.0,0.0,64.47
2020-07-28 00:00:00-04:00,301.1079321523386,302.23793625345144,299.6324289410671,299.9312744140625,57495000,0.0,0.0,0.0,57.73
2020-07-29 00:00:00-04:00,300.8184741155127,304.1897627090463,300.78111130160045,303.6200866699219,48454200,0.0,0.0,0.0,65.6
2020-07-30 00:00:00-04:00,300.6129718072859,302.956996377701,298.5024434107037,302.5367431640625,61861700,0.0,0.0,0.0,59.84
2020-07-31 00:00:00-04:00,304.34849488523076,305.0302308444196,300.08069839308894,304.927490234375,84986800,0.0,0.0,0.0,68.15
2020-08-03 00:00:00-04:00,306.60844290105194,307.8224634422945,306.05746259390503,307.04736328125,53077900,0.0,0.0,0.0,66.25
2020-08-04 00:00:00-04:00,306.17887124791883,308.2333984375,306.17887124791883,308.2333984375,41917900,0.0,0.0,0.0,64.3
2020-08-05 00:00:00-04:00,309.55010372043307,310.4092772532734,309.27927325363436,310.14776611328125,42697700,0.0,0.0,0.0,69.06
2020-08-06 00:00:00-04:00,309.5595901244003,312.34250765158424,309.2327295525578,312.2210998535156,43679400,0.0,0.0,0.0,70.35
2020-08-07 00:00:00-04:00,311.2405498018542,312.73474921726614,310.32534589128704,312.44525146484375,57308300,0.0,0.0,0.0,67.9
2020-08-10 00:00:00-04:00,312.9027450968508,313.56578537891374,310.94161073495115,313.3790283203125,44282100,0.0,0.0,0.0,68.24
2020-08-11 00:00:00-04:00,314.57433805448863,315.2187110909393,310.0544074723582,310.7921447753906,69601100,0.0,0.0,0.0,59.95
2020-08-12 00:00:00-04:00,313.2575335938465,315.90972248529687,313.22951861785987,315.1252746582031,53774400,0.0,0.0,0.0,73.66
2020-08-13 00:00:00-04:00,314.3502418604703,315.88180367926964,313.6218237635836,314.5556945800781,41816100,0.0,0.0,0.0,77.38
2020-08-14 00:00:00-04:00,314.1634753598281,315.1066939759868,313.4257094571057,314.5650329589844,47260400,0.0,0.0,0.0,75.41
2020-08-17 00:00:00-04:00,315.59231552246996,315.9658581604364,314.5743997217338,315.5643005371094,35481000,0.0,0.0,0.0,82.42
2020-08-18 00:00:00-04:00,315.96588485566804,316.67563587740307,314.35027789810545,316.2460632324219,38733900,0.0,0.0,0.0,79.91
2020-08-19 00:00:00-04:00,316.6288527686227,317.15181808617064,314.35955378360524,314.9292297363281,68054200,0.0,0.0,0.0,79.04
2020-08-20 00:00:00-04:00,313.18293547052053,316.3954536888046,313.0522083625268,315.90985107421875,42207800,0.0,0.0,0.0,77.55
2020-08-21 00:00:00-04:00,315.57365081155143,317.2546069451687,315.2280946567905,317.0304870605469,55106600,0.0,0.0,0.0,76.37
2020-08-24 00:00:00-04:00,319.49586723208756,320.3176780797883,317.0024482049914,320.24298095703125,48588700,0.0,0.0,0.0,78.65
2020-08-25 00:00:00-04:00,320.8126365881978,321.447661895895,319.6359502537484,321.3636169433594,38463400,0.0,0.0,0.0,77.81
2020-08-26 00:00:00-04:00,321.9613050768522,324.85628174782204,321.4103247265878,324.5854797363281,50790200,0.0,0.0,0.0,79.01
2020-08-27 00:00:00-04:00,325.4634370667468,326.76150311943195,323.61436196708564,325.2953186035156,58034100,0.0,0.0,0.0,79.48
2020-08-28 00:00:00-04:00,326.3318254124016,327.52717893591137,325.127124060751,327.39642333984375,48588900,0.0,0.0,0.0,80.52
2020-08-31 00:00:00-04:00,327.18162173981716,328.068781849318,325.97692049696616,326.21038818359375,66099200,0.0,0.0,0.0,85.75
2020-09-01 00:00:00-04:00,327.0508417988004,329.3855184912039,326.14498610216896,329.2828063964844,54908700,0.0,0.0,0.0,84.87
2020-09-02 00:00:00-04:00,331.21602642377576,335.0262074065656,330.05800705197845,334.045654296875,69540000,0.0,0.0,0.0,89.78
2020-09-03 00:00:00-04:00,332.3365999291427,332.8128831611209,319.9347967371615,322.5496520996094,148011100,0.0,0.0,0.0,61.1
2020-09-04 00:00:00-04:00,323.2407772460572,324.82834086334293,312.72538055379096,319.91619873046875,139156300,0.0,0.0,0.0,55.78
2020-09-08 00:00:00-04:00,314.44365796343124,319.9815339755741,310.8669450107516,311.17510986328125,114465300,0.0,0.0,0.0,44.45
2020-09-09 00:00:00-04:00,315.22805645469094,319.8133652017363,314.35021568033756,317.3199462890625,91462300,0.0,0.0,0.0,52.37
2020-09-10 00:00:00-04:00,319.21573910816505,319.8787794283248,310.8389164877385,311.8101501464844,90569500,0.0,0.0,0.0,46.28
2020-09-11 00:00:00-04:00,313.6124937712869,314.68643947384305,309.1112297489658,311.9688720703125,84680200,0.0,0.0,0.0,45.32
2020-09-14 00:00:00-04:00,315.17208596704944,317.87098659100815,312.11833833497127,316.07794189453125,65605700,0.0,0.0,0.0,46.21
2020-09-15 00:00:00-04:00,318.5619953448092,319.4024733454134,316.08724348212337,317.6748352050781,52920900,0.0,0.0,0.0,46.67
2020-09-16 00:00:00-04:00,318.926269124153,320.37375765996126,316.133975675189,316.4141540527344,82096000,0.0,0.0,0.0,42.36
2020-09-17 00:00:00-04:00,311.5019705873484,315.3682097367903,310.9696573422262,313.6311950683594,91523300,0.0,0.0,0.0,39.5
2020-09-18 00:00:00-04:00,314.4459629250625,314.5584714401941,307.5076612275402,310.02044677734375,105877900,1.339,0.0,0.0,34.78
2020-09-21 00:00:00-04:00,305.3792542283093,306.72002819366134,301.65694545758333,306.57000732421875,99450800,0.0,0.0,0.0,33.45
2020-09-22 00:00:00-04:00,308.0701546673166,310.25477075426926,305.5292140164427,309.69219970703125,63612100,0.0,0.0,0.0,33.5
2020-09-23 00:00:00-04:00,310.2547927462648,310.5360925965994,302.0038455137566,302.5101623535156,93112200,0.0,0.0,0.0,24.49
2020-09-24 00:00:00-04:00,301.1787808263067,306.4106267464723,299.8473633825088,303.3165283203125,76681300,0.0,0.0,0.0,31.18
2020-09-25 00:00:00-04:00,302.4538966408297,309.01715959766386,301.5725705110975,308.22021484375,71069400,0.0,0.0,0.0,39.04
2020-09-28 00:00:00-04:00,312.4301176024469,314.06154834358307,311.42686895915875,313.339599609375,64584600,0.0,0.0,0.0,52.18
2020-09-29 00:00:00-04:00,313.133297889591,313.8833736897171,310.92991088307895,311.63311767578125,51304000,0.0,0.0,0.0,43.73
2020-09-30 00:00:00-04:00,312.30825788190606,317.1838373685237,312.1113679535787,313.9959716796875,104081100,0.0,0.0,0.0,52.59
2020-10-01 00:00:00-04:00,316.62118940238014,317.60566741909435,314.108404118656,316.0117492675781,88698700,0.0,0.0,0.0,54.59
2020-10-02 00:00:00-04:00,311.00497533286523,315.98367777167397,310.5267854964455,313.0114440917969,89431100,0.0,0.0,0.0,46.43
2020-10-05 00:00:00-04:00,315.09290768442173,318.7495774032879,315.046038675466,318.56207275390625,45713100,0.0,0.0,0.0,50.95
2020-10-06 00:00:00-04:00,318.7027204821956,320.8217262568447,313.5177431757404,314.0334167480469,90128900,0.0,0.0,0.0,47.63
2020-10-07 00:00:00-04:00,317.02436271676055,320.3153795899011,316.99623559021904,319.4996643066406,56999600,0.0,0.0,0.0,55.55
2020-10-08 00:00:00-04:00,321.45926824445695,322.3968772936673,320.53101582851974,322.33123779296875,45242500,0.0,0.0,0.0,61.83
2020-10-09 00:00:00-04:00,324.0001930656447,325.67852133929125,323.37201100239963,325.209716796875,59528600,0.0,0.0,0.0,68.11
2020-10-12 00:00:00-04:00,327.7787222316718,331.9323231755609,327.2817906132557,330.4415283203125,80388500,0.0,0.0,0.0,69.36
2020-10-13 00:00:00-04:00,330.3009491581667,330.47909718518025,327.3099736901741,328.28509521484375,73255500,0.0,0.0,0.0,76.54
2020-10-14 00:00:00-04:00,328.86638503127364,329.972756879164,325.4816299847043,326.2223205566406,57727900,0.0,0.0,0.0,72.99
2020-10-15 00:00:00-04:00,322.2655460644755,326.3066381225697,321.7217454940295,325.819091796875,60357700,0.0,0.0,0.0,69.42
2020-10-16 00:00:00-04:00,327.1880751646604,328.86640352516724,325.44413591112414,325.6222839355469,89501900,0.0,0.0,0.0,65.2
2020-10-19 00:00:00-04:00,326.89733911154633,327.53490629990034,319.762149076688,320.671630859375,68425600,0.0,0.0,0.0,60.36
2020-10-20 00:00:00-04:00,322.03120341108115,325.2378390228432,321.26238571941064,321.9562072753906,60051900,0.0,0.0,0.0,59.35
2020-10-21 00:00:00-04:00,321.9093137990524,324.1033442326765,321.03734421932603,321.3467712402344,63575000,0.0,0.0,0.0,56.48
2020-10-22 00:00:00-04:00,321.56238684907237,323.70013430577444,319.3965122658435,323.10943603515625,55399300,0.0,0.0,0.0,62.65
2020-10-23 00:00:00-04:00,324.3470870487443,324.4033413018358,321.7217931926183,324.2064514160156,49143900,0.0,0.0,0.0,57.96
2020-10-26 00:00:00-04:00,320.7842808559811,321.5812544997655,314.68043503355244,318.2152404785156,91473000,0.0,0.0,0.0,55.66
2020-10-27 00:00:00-04:00,318.562028834951,318.89955432543974,316.9024426660506,317.11810302734375,65994100,0.0,0.0,0.0,46.34
2020-10-28 00:00:00-04:00,311.3799531348689,317.14624273460515,305.7824262870729,306.27935791015625,127094300,0.0,0.0,0.0,30.21
2020-10-29 00:00:00-04:00,306.5137153339368,312.5987876686315,304.80726034439215,309.3921813964844,90597700,0.0,0.0,0.0,30.61
2020-10-30 00:00:00-04:00,307.7983620837861,309.1203945540652,302.4727484346014,306.16693115234375,120287300,0.0,0.0,0.0,18.71
2020-11-02 00:00:00-05:00,309.5985107421875,311.6237210512977,306.8231674332238,309.5985107421875,86068300,0.0,0.0,0.0,26.68
2020-11-03 00:00:00-05:00,312.8707263193772,317.14622075353344,309.68286167826824,315.0647277832031,93294200,0.0,0.0,0.0,37.17
2020-11-04 00:00:00-05:00,319.59338732663514,326.23167501458374,318.40263420749625,322.106201171875,126959700,0.0,0.0,0.0,46.29
2020-11-05 00:00:00-05:00,327.45057454638226,330.2165326815401,327.09427853021333,328.38818359375,82039700,0.0,0.0,0.0,52.46
2020-11-06 00:00:00-05:00,328.0975720105654,329.57901053187913,325.9598242343482,328.313232421875,74973000,0.0,0.0,0.0,57.45
2020-11-09 00:00:00-05:00,341.2616268425193,341.64605005397516,331.9699160960173,332.438720703125,172304200,0.0,0.0,0.0,59.68
2020-11-10 00:00:00-05:00,331.4354087023405,333.0199702609409,328.6413520900718,331.95111083984375,85552000,0.0,0.0,0.0,59.81
2020-11-11 00:00:00-05:00,334.16384995628147,335.2514798562035,332.90745729953267,334.4170227050781,58649000,0.0,0.0,0.0,60.33
2020-11-12 00:00:00-05:00,333.3949802115646,334.4638681566387,329.34453126518764,331.1728515625,67546200,0.0,0.0,0.0,56.12
2020-11-13 00:00:00-05:00,333.1043325413079,336.5078577221652,332.57927380077643,335.7577819824219,62892200,0.0,0.0,0.0,65.81
2020-11-16 00:00:00-05:00,338.45808826332853,340.14577292387503,337.1547980914359,339.9488830566406,74541100,0.0,0.0,0.0,69.49
2020-11-17 00:00:00-05:00,337.51110432174863,339.3394532708392,335.98279711230816,338.12054443359375,66111000,0.0,0.0,0.0,82.12
2020-11-18 00:00:00-05:00,338.392495692237,338.94568161449536,334.0138487090772,334.0513610839844,70591300,0.0,0.0,0.0,74.41
2020-11-19 00:00:00-05:00,333.41384348004834,335.83286267133485,332.0542986691899,335.45782470703125,59940900,0.0,0.0,0.0,80.07
2020-11-20 00:00:00-05:00,335.1952996675471,335.4015748426542,333.08567890040865,333.1606750488281,70417300,0.0,0.0,0.0,74.77
2020-11-23 00:00:00-05:00,334.9889215838998,336.43284736607615,332.7292806005209,335.1576843261719,63230600,0.0,0.0,0.0,72.78
2020-11-24 00:00:00-05:00,337.73613730101016,341.1115354979063,336.8735530256435,340.558349609375,62415900,0.0,0.0,0.0,71.73
2020-11-25 00:00:00-05:00,340.47397206692654,340.50209919331934,338.92692288820746,340.0332946777344,45330900,0.0,0.0,0.0,65.87
2020-11-27 00:00:00-05:00,341.139693686533,341.4584773489395,339.95829705665795,340.9803161621094,28514100,0.0,0.0,0.0,66.86
2020-11-30 00:00:00-05:00,340.1926517347119,340.4645663491977,336.76102806689266,339.470703125,83872700,0.0,0.0,0.0,60.06
2020-12-01 00:00:00-05:00,342.76174788004687,344.74008924452716,342.16166435248135,343.18365478515625,74231400,0.0,0.0,0.0,64.71
2020-12-02 00:00:00-05:00,342.0585789850932,344.06504769886055,341.4772658868388,343.9056701660156,45927000,0.0,0.0,0.0,63.02
2020-12-03 00:00:00-05:00,343.80244336743164,345.2182420401167,342.69607167224075,343.81182861328125,62882000,0.0,0.0,0.0,68.99
2020-12-04 00:00:00-05:00,344.40256944272784,346.77471923828125,344.30880281329314,346.77471923828125,50749900,0.0,0.0,0.0,67.4
2020-12-07 00:00:00-05:00,345.99646377406117,346.5590348982275,344.7775835163308,346.0621032714844,48944300,0.0,0.0,0.0,60.84
2020-12-08 00:00:00-05:00,344.7776446751368,347.646726442409,344.730775662124,347.0747985839844,42458900,0.0,0.0,0.0,66.36
2020-12-09 00:00:00-05:00,347.74044684803806,347.89982436194026,343.1180411279578,343.9618835449219,74098300,0.0,0.0,0.0,68.76
2020-12-10 00:00:00-05:00,342.57423249613083,344.90887000020473,341.6928776525128,343.8493957519531,57735400,0.0,0.0,0.0,66.7
2020-12-11 00:00:00-05:00,342.1334897073172,343.85868668912315,340.59582595521886,343.4461364746094,57698600,0.0,0.0,0.0,72.14
2020-12-14 00:00:00-05:00,345.6402333479228,346.7278347271042,341.73039079976473,341.9085388183594,69216200,0.0,0.0,0.0,64.83
2020-12-15 00:00:00-05:00,344.4776089370211,346.5309753417969,343.089965655535,346.5309753417969,63865300,0.0,0.0,0.0,63.58
2020-12-16 00:00:00-05:00,346.7466296522117,348.0030225047015,345.85588949648036,347.0747985839844,58420500,0.0,0.0,0.0,66.0
2020-12-17 00:00:00-05:00,348.73432320408733,349.2218696243866,347.8998373890977,349.0155944824219,64119500,0.0,0.0,0.0,67.47
2020-12-18 00:00:00-05:00,349.3075529730115,349.4770351438699,345.5881980556021,347.6220703125,136542300,1.58,0.0,0.0,67.81
2020-12-21 00:00:00-05:00,343.6578333087078,356.36008500006665,340.88951025323286,346.3790588378906,96386700,0.0,0.0,0.0,57.83
2020-12-22 00:00:00-05:00,346.7085856208501,346.8215736937622,344.6558923348882,345.79522705078125,47949000,0.0,0.0,0.0,54.66
2020-12-23 00:00:00-05:00,346.7745806517511,348.0363289673998,345.77648080899115,346.1060485839844,46201400,0.0,0.0,0.0,55.6
2020-12-24 00:00:00-05:00,346.58622473251165,347.4807616709391,345.9930372599785,347.4525146484375,26457900,0.0,0.0,0.0,51.8
2020-12-28 00:00:00-05:00,350.03249615445316,350.8328667521187,349.4016364229646,350.4374084472656,39000400,0.0,0.0,0.0,60.34
2020-12-29 00:00:00-05:00,351.98163909767106,352.1605464869745,349.17564364985685,349.76885986328125,53680500,0.0,0.0,0.0,56.47
2020-12-30 00:00:00-05:00,350.59751212432394,351.31314175218836,349.87248597829733,350.2679443359375,49455300,0.0,0.0,0.0,67.33
2020-12-31 00:00:00-05:00,350.070199000767,352.78202827011904,349.5523273111529,352.0475769042969,78520700,0.0,0.0,0.0,70.64
2021-01-04 00:00:00-05:00,353.39411249570725,353.52595111642836,343.51667567526437,347.2548522949219,110210800,0.0,0.0,0.0,57.85
2021-01-05 00:00:00-05:00,346.6051158986123,350.7481758528555,346.55801836523364,349.646484375,66426200,0.0,0.0,0.0,65.41
2021-01-06 00:00:00-05:00,348.1210839785024,354.96657676543765,347.5655399860843,351.7368469238281,107997700,0.0,0.0,0.0,61.53
2021-01-07 00:00:00-05:00,354.1379208467374,357.716011126998,353.95901345917173,356.9627380371094,68766800,0.0,0.0,0.0,68.14
2021-01-08 00:00:00-05:00,358.36572406129244,359.2131634776402,355.0795292339374,358.9966125488281,71677200,0.0,0.0,0.0,68.25
2021-01-11 00:00:00-05:00,355.78577572665455,358.35634130321495,355.66336236862213,356.57672119140625,51034700,0.0,0.0,0.0,65.78
2021-01-12 00:00:00-05:00,356.7650554144172,357.6783855056624,354.3827650203638,356.65203857421875,52547700,0.0,0.0,0.0,68.88
2021-01-13 00:00:00-05:00,356.5767156283117,358.6199841964932,355.7857701758999,357.61248779296875,45303600,0.0,0.0,0.0,71.42
2021-01-14 00:00:00-05:00,358.3657322857605,358.87420744144924,356.02114314176737,356.360107421875,49989100,0.0,0.0,0.0,67.98
2021-01-15 00:00:00-05:00,354.72171902339625,355.53148617473596,351.87808000531857,353.76129150390625,107160000,0.0,0.0,0.0,60.59
2021-01-19 00:00:00-05:00,356.24716697458103,357.0852100050318,354.75001706614887,356.5390625,51233300,0.0,0.0,0.0,60.32
2021-01-20 00:00:00-05:00,358.85542194395,362.32055360298614,358.4599635455185,361.4731140136719,61836100,0.0,0.0,0.0,67.3
2021-01-21 00:00:00-05:00,362.0379832230494,362.47114255475856,360.8704012961552,361.8025817871094,47840100,0.0,0.0,0.0,67.13
2021-01-22 00:00:00-05:00,359.9288783738072,361.6991021770982,359.5428164817675,360.5220947265625,52860500,0.0,0.0,0.0,62.78
2021-01-25 00:00:00-05:00,361.2658903675394,362.30163370303234,356.360103725601,361.94384765625,70402000,0.0,0.0,0.0,74.65
2021-01-26 00:00:00-05:00,362.90427243662685,363.31858126190804,361.1434742969451,361.3788757324219,42665300,0.0,0.0,0.0,70.98
2021-01-27 00:00:00-05:00,358.017296273659,358.11146258441744,350.2867220436338,352.54656982421875,123351100,0.0,0.0,0.0,51.17
2021-01-28 00:00:00-05:00,354.38275548943574,359.6275068457977,353.9402283365633,355.57861328125,94198100,0.0,0.0,0.0,47.87
2021-01-29 00:00:00-05:00,353.69540922297756,354.67468735068275,346.76517524037695,348.4600830078125,126765100,0.0,0.0,0.0,35.99
2021-02-01 00:00:00-05:00,351.89693611980033,355.30554466723163,348.7519760584817,354.2603759765625,75817600,0.0,0.0,0.0,47.17
2021-02-02 00:00:00-05:00,357.48060818772285,360.8421475266233,354.3450737632576,359.2696533203125,64450700,0.0,0.0,0.0,52.85
2021-02-03 00:00:00-05:00,360.1076679099475,361.29410022703365,358.2621288776656,359.5521240234375,52427100,0.0,0.0,0.0,52.14
2021-02-04 00:00:00-05:00,360.59733594252646,363.6858017042245,359.665155429966,363.63873291015625,47142600,0.0,0.0,0.0,57.57
2021-02-05 00:00:00-05:00,365.5313220766725,365.785545255473,363.5916167510943,365.0699157714844,48669800,0.0,0.0,0.0,62.06
2021-02-08 00:00:00-05:00,366.53877996551637,367.7534591638764,365.6725189564614,367.7063903808594,38365200,0.0,0.0,0.0,61.94
2021-02-09 00:00:00-05:00,366.85896747114947,368.06425030228803,366.44468741735096,367.46160888671875,35551100,0.0,0.0,0.0,57.12
2021-02-10 00:00:00-05:00,369.2224278915209,369.3730882539895,364.87221409152033,367.3015441894531,59154400,0.0,0.0,0.0,56.56
2021-02-11 00:00:00-05:00,368.3937641719119,368.81749818430734,365.4371375430379,367.89471435546875,42913300,0.0,0.0,0.0,58.94
2021-02-12 00:00:00-05:00,367.08500906747753,369.9568951239326,367.009664515237,369.71209716796875,50593300,0.0,0.0,0.0,59.33
2021-02-16 00:00:00-05:00,370.9550063042377,371.1527642082903,368.6669111475841,369.3919372558594,50972400,0.0,0.0,0.0,59.69
2021-02-17 00:00:00-05:00,367.6217505052759,369.73093831008623,366.59537489203046,369.4767150878906,52290600,0.0,0.0,0.0,75.95
2021-02-18 00:00:00-05:00,366.8401253524438,368.65741727925916,365.0981492306343,367.9041442871094,59712800,0.0,0.0,0.0,69.78
2021-02-19 00:00:00-05:00,369.1754005191411,369.467296024321,366.8025354634472,367.2545166015625,83241000,0.0,0.0,0.0,88.06
2021-02-22 00:00:00-05:00,364.4579040043156,366.8684123243339,364.15658328043185,364.4296569824219,67414200,0.0,0.0,0.0,73.42
2021-02-23 00:00:00-05:00,362.19800546911694,366.23750144900333,357.99845263269157,364.8721618652344,107284100,0.0,0.0,0.0,66.34
2021-02-24 00:00:00-05:00,363.77051550359107,369.32601209247883,362.7724157657389,368.8928527832031,72433900,0.0,0.0,0.0,72.36
2021-02-25 00:00:00-05:00,367.61237287931255,368.9965347394319,358.5447032176664,360.0041809082031,146670500,0.0,0.0,0.0,42.93
2021-02-26 00:00:00-05:00,361.90610410796785,363.06426056043404,356.1434826565593,358.1490783691406,152701600,0.0,0.0,0.0,36.75
2021-03-01 00:00:00-05:00,363.0737518253175,368.0925264835865,358.3469013815146,366.83074951171875,105348800,0.0,0.0,0.0,48.64
2021-03-02 00:00:00-05:00,367.05675792641773,367.292159362356,363.4598170887539,363.9682922363281,79595300,0.0,0.0,0.0,44.98
2021-03-03 00:00:00-05:00,363.26212122933833,364.2413706030317,359.04371676582616,359.1473083496094,119940200,0.0,0.0,0.0,39.66
2021-03-04 00:00:00-05:00,358.9589283046854,361.57659101731684,350.1643344610169,354.702880859375,183433000,0.0,0.0,0.0,34.76
2021-03-05 00:00:00-05:00,358.24333790977084,362.2922601282463,350.88000232519676,361.2282409667969,152039600,0.0,0.0,0.0,41.16
2021-03-08 00:00:00-05:00,362.1980717428166,365.0417107669488,359.1472783039775,359.42974853515625,123149200,0.0,0.0,0.0,39.93
2021-03-09 00:00:00-05:00,363.3185969081301,367.1415140860631,362.8101217396554,364.5615234375,113633600,0.0,0.0,0.0,45.49
2021-03-10 00:00:00-05:00,366.9343410850183,368.5444788455436,365.5031107129432,366.83074951171875,109899400,0.0,0.0,0.0,49.03
2021-03-11 00:00:00-05:00,369.32603388178114,372.54630945675626,368.86462752385484,370.55010986328125,86245000,0.0,0.0,0.0,52.83
2021-03-12 00:00:00-05:00,369.17537754965355,371.19039893538013,368.35618513540584,371.0491638183594,64653600,0.0,0.0,0.0,55.91
2021-03-15 00:00:00-04:00,371.3033156400086,373.5255197508145,369.13763430067087,373.2618713378906,73427200,0.0,0.0,0.0,57.27
2021-03-16 00:00:00-04:00,373.8834038187458,374.5990046519746,372.009588827218,372.7911376953125,73722500,0.0,0.0,0.0,53.6
2021-03-17 00:00:00-04:00,371.4917228010157,374.872084062615,370.3335373606462,374.06231689453125,97959300,0.0,0.0,0.0,65.1
2021-03-18 00:00:00-04:00,371.4446291288149,373.55381671421173,367.93242950176943,368.61981201171875,115349100,0.0,0.0,0.0,60.44
2021-03-19 00:00:00-04:00,368.3156447927361,369.91217277855816,365.73663139341363,367.9377746582031,113624500,1.278,0.0,0.0,51.31
2021-03-22 00:00:00-04:00,368.45735937205956,372.2739142138957,368.40068029076474,370.8757629394531,73778600,0.0,0.0,0.0,58.18
2021-03-23 00:00:00-04:00,370.2333094291867,371.6975667964481,367.1630681891028,367.95660400390625,90686600,0.0,0.0,0.0,60.92
2021-03-24 00:00:00-04:00,369.37371252979244,371.0269196830588,366.0389586823896,366.086181640625,97588600,0.0,0.0,0.0,65.08
2021-03-25 00:00:00-04:00,364.63138264221186,368.94859315627457,362.6664116960454,368.1456298828125,116128600,0.0,0.0,0.0,60.39
2021-03-26 00:00:00-04:00,369.3074864123439,374.4843956308477,368.70290007939536,374.07818603515625,114409100,0.0,0.0,0.0,69.57
2021-03-29 00:00:00-04:00,372.58557543787185,374.8056017814592,371.08352242148015,373.8892517089844,108107600,0.0,0.0,0.0,64.36
2021-03-30 00:00:00-04:00,372.60454838267634,373.57757768374887,371.28195965297925,372.89739990234375,76262200,0.0,0.0,0.0,59.72
2021-03-31 00:00:00-04:00,373.473610446905,375.98648842710537,373.44527091000816,374.4088439941406,112734200,0.0,0.0,0.0,56.66
2021-04-01 00:00:00-04:00,376.3644225030954,378.5088868681517,376.1565895873112,378.4521789550781,99682900,0.0,0.0,0.0,61.38
2021-04-05 00:00:00-04:00,381.14449986290174,384.43203041114225,381.0689373716322,383.88409423828125,91684800,0.0,0.0,0.0,64.85
2021-04-06 00:00:00-04:00,383.3173351846648,384.7154576111067,382.9772318717166,383.65740966796875,62021000,0.0,0.0,0.0,65.3
2021-04-07 00:00:00-04:00,383.4873673278781,384.45094051407284,383.02447856632034,384.1014099121094,55836300,0.0,0.0,0.0,64.47
2021-04-08 00:00:00-04:00,385.3673190717819,385.98136170115106,384.4226292328612,385.9246826171875,57863100,0.0,0.0,0.0,77.85
2021-04-09 00:00:00-04:00,385.80186202697575,388.9004432633174,385.6790477463552,388.7303771972656,61104600,0.0,0.0,0.0,81.33
2021-04-12 00:00:00-04:00,388.12575739952746,389.14600955996264,387.51171487882584,388.8720703125,56704900,0.0,0.0,0.0,79.61
2021-04-13 00:00:00-04:00,388.76817248286636,390.65755198684445,388.38084622499366,390.02459716796875,56551000,0.0,0.0,0.0,88.55
2021-04-14 00:00:00-04:00,389.9962134110063,391.0637173224638,388.1446297793396,388.69256591796875,61659900,0.0,0.0,0.0,90.25
2021-04-15 00:00:00-04:00,390.85600042665885,393.14216273068763,390.8087774622583,392.8681945800781,60229800,0.0,0.0,0.0,90.93
2021-04-16 00:00:00-04:00,394.17178777374835,394.79528645183314,392.7358697703559,394.1812438964844,82037300,0.0,0.0,0.0,89.29
2021-04-19 00:00:00-04:00,393.23650926690135,393.6899418321718,390.90312475931637,392.24456787109375,78498500,0.0,0.0,0.0,83.58
2021-04-20 00:00:00-04:00,391.0165230941458,392.1312500378734,387.8801463236465,389.3727722167969,81851800,0.0,0.0,0.0,78.2
2021-04-21 00:00:00-04:00,388.7492547708517,393.26487023380383,388.6075282568419,393.0570373535156,66793000,0.0,0.0,0.0,79.71
2021-04-22 00:00:00-04:00,392.8870559418587,393.72781487497207,388.3903232548482,389.4672546386719,97582800,0.0,0.0,0.0,67.81
2021-04-23 00:00:00-04:00,390.03405767287825,395.11649320842173,389.95849517691323,393.69000244140625,73209200,0.0,0.0,0.0,66.5
2021-04-26 00:00:00-04:00,394.351320730685,395.08817763703104,393.75616153139686,394.51190185546875,52182400,0.0,0.0,0.0,67.9
2021-04-27 00:00:00-04:00,394.81414507015336,395.0125506572933,393.2742963023071,394.42681884765625,51303100,0.0,0.0,0.0,67.23
2021-04-28 00:00:00-04:00,394.70080280057795,395.83444197688635,393.84113171064513,394.3134765625,51238900,0.0,0.0,0.0,64.85
2021-04-29 00:00:00-04:00,397.07195299266516,397.4498230794909,393.4065526082123,396.8263244628906,78544300,0.0,0.0,0.0,64.48
2021-04-30 00:00:00-04:00,394.53075788137056,395.39042895454355,393.31210011504396,394.218994140625,85527000,0.0,0.0,0.0,58.79
2021-05-03 00:00:00-04:00,396.2312554803838,396.6185817770865,394.5686209543591,395.0693054199219,68128300,0.0,0.0,0.0,58.38
2021-05-04 00:00:00-04:00,393.0570493859964,393.55773377252143,388.90042048262796,392.6319274902344,101591200,0.0,0.0,0.0,56.31
2021-05-05 00:00:00-04:00,394.2946402735995,394.5308127277545,392.1879716038646,392.7547912597656,60162200,0.0,0.0,0.0,49.79
2021-05-06 00:00:00-04:00,392.830299097159,396.0233548457596,390.79922203998234,395.89111328125,74321400,0.0,0.0,0.0,52.95
2021-05-07 00:00:00-04:00,396.66576038385347,399.4336942048827,395.976126544328,398.77239990234375,67733800,0.0,0.0,0.0,60.9
2021-05-10 00:00:00-04:00,399.13145274740714,399.3581690808776,394.700855143082,394.82366943359375,81852400,0.0,0.0,0.0,58.79
2021-05-11 00:00:00-04:00,390.2513654268045,392.3013261654376,387.37950033835995,391.2999572753906,116888000,0.0,0.0,0.0,47.15
2021-05-12 00:00:00-04:00,388.48479587753445,389.76956016414624,381.654678261655,382.9866943359375,134811000,0.0,0.0,0.0,40.89
2021-05-13 00:00:00-04:00,384.5548647555335,389.54282549926063,384.5076129700874,387.5873107910156,106394000,0.0,0.0,0.0,41.51
2021-05-14 00:00:00-04:00,390.3552489876463,394.39852002104016,390.3269094479354,393.5388488769531,82201600,0.0,0.0,0.0,48.82
2021-05-17 00:00:00-04:00,392.4146901350111,393.35937988752505,390.4969422609501,392.5374755859375,65129200,0.0,0.0,0.0,47.75
2021-05-18 00:00:00-04:00,392.80197555554935,393.04760410918004,388.9948771224863,389.1554870605469,59810200,0.0,0.0,0.0,44.3
2021-05-19 00:00:00-04:00,384.41317223420964,388.31471675056866,382.9110901363064,388.1352233886719,106467100,0.0,0.0,0.0,40.07
2021-05-20 00:00:00-04:00,389.0232297703426,393.5860974338589,388.9004443190321,392.3107604980469,78022200,0.0,0.0,0.0,47.9
2021-05-21 00:00:00-04:00,393.812776607687,395.06923000856034,391.52664375966594,391.9895324707031,76578700,0.0,0.0,0.0,46.56
2021-05-24 00:00:00-04:00,394.2567974011119,397.0719830962271,394.01116885271523,395.985595703125,51376700,0.0,0.0,0.0,53.62
2021-05-25 00:00:00-04:00,397.08145390118443,397.4404406405966,394.5213525964511,395.1070556640625,57451400,0.0,0.0,0.0,52.5
2021-05-26 00:00:00-04:00,395.7021638123605,396.40122495389744,394.653572100055,395.89111328125,43088600,0.0,0.0,0.0,50.0
2021-05-27 00:00:00-04:00,396.93030008843584,397.4498679127247,395.8155442865395,396.0989685058594,56707700,0.0,0.0,0.0,46.83
2021-05-28 00:00:00-04:00,397.6860496754365,397.9505616552204,396.571322677036,396.8074951171875,58520200,0.0,0.0,0.0,52.55
2021-06-01 00:00:00-04:00,399.19763337995744,399.3393311045005,396.0140329067438,396.4580383300781,54216600,0.0,0.0,0.0,57.23
2021-06-02 00:00:00-04:00,397.11927760084353,397.9317258836549,396.099025222276,397.08148193359375,49097100,0.0,0.0,0.0,75.17
2021-06-03 00:00:00-04:00,394.73862860160705,396.76024973049454,393.25545873442013,395.60772705078125,58138800,0.0,0.0,0.0,66.12
2021-06-04 00:00:00-04:00,397.47823970697925,399.528229290809,395.6738787005642,399.2259216308594,55938800,0.0,0.0,0.0,62.62
2021-06-07 00:00:00-04:00,399.21643214025033,399.39592549649035,397.8938722755683,398.83856201171875,51555000,0.0,0.0,0.0,64.37
2021-06-08 00:00:00-04:00,399.70763320937306,399.8021079424841,397.0719697823113,398.9235534667969,47134300,0.0,0.0,0.0,76.22
2021-06-09 00:00:00-04:00,399.77380435045234,399.84939567559417,398.1017138596426,398.32843017578125,48436300,0.0,0.0,0.0,78.0
2021-06-10 00:00:00-04:00,399.56595013257123,401.14359462724616,398.23393418703716,400.17999267578125,51020100,0.0,0.0,0.0,74.78
2021-06-11 00:00:00-04:00,400.73737604901333,400.95463622566893,399.4336996705148,400.8412780761719,45570800,0.0,0.0,0.0,77.29
2021-06-14 00:00:00-04:00,400.9545999835457,401.8426105138606,399.6981755006661,401.73870849609375,42358500,0.0,0.0,0.0,71.92
2021-06-15 00:00:00-04:00,401.88990270946545,401.9276695399214,400.1138814702221,401.00189208984375,51508500,0.0,0.0,0.0,72.71
2021-06-16 00:00:00-04:00,401.1436065524899,401.3703228632724,396.69412597552775,398.7629699707031,80386100,0.0,0.0,0.0,59.95
2021-06-17 00:00:00-04:00,398.3473114139959,399.62261942264774,396.12728489246956,398.6307067871094,90949700,0.0,0.0,0.0,58.82
2021-06-18 00:00:00-04:00,395.3096883274855,396.01103650529984,393.04450841386256,393.2530212402344,118676300,1.376,0.0,0.0,40.66
2021-06-21 00:00:00-04:00,395.0348267059545,399.07238013401565,394.2102624535105,398.8828125,72822000,0.0,0.0,0.0,54.99
2021-06-22 00:00:00-04:00,398.87335595589127,401.85885819780464,398.14354659358435,401.01531982421875,57700300,0.0,0.0,0.0,57.62
2021-06-23 00:00:00-04:00,401.0911999186988,401.90627719978005,400.4467161721746,400.5320129394531,49445400,0.0,0.0,0.0,59.92
2021-06-24 00:00:00-04:00,402.7024024500127,403.3279120211782,402.446483246939,402.90142822265625,45110300,0.0,0.0,0.0,57.79
2021-06-25 00:00:00-04:00,403.65960365085675,404.7874644649575,403.3278747777757,404.33251953125,58129500,0.0,0.0,0.0,61.16
2021-06-28 00:00:00-04:00,404.8633520200861,405.3182680848234,403.65019430751784,405.1476745605469,53159600,0.0,0.0,0.0,62.28
2021-06-29 00:00:00-04:00,405.53622460954705,406.1807082483046,404.8253894104579,405.3656311035156,35970500,0.0,0.0,0.0,64.09
2021-06-30 00:00:00-04:00,404.90122907447613,406.38925114312417,404.8727968213665,405.70684814453125,64827900,0.0,0.0,0.0,61.78
2021-07-01 00:00:00-04:00,406.4745290238891,408.11419934095505,406.40817746172803,407.95306396484375,53441000,0.0,0.0,0.0,64.2
2021-07-02 00:00:00-04:00,409.1283509405635,411.431450218518,408.0383804134689,411.0712890625,57697700,0.0,0.0,0.0,67.11
2021-07-06 00:00:00-04:00,411.12809821109175,411.3460980719495,407.554977233109,410.3224792480469,68710400,0.0,0.0,0.0,67.08
2021-07-07 00:00:00-04:00,411.01446179157983,412.0570260418818,408.97673966651337,411.7726745605469,63549500,0.0,0.0,0.0,74.55
2021-07-08 00:00:00-04:00,406.38930793634034,409.18527188669304,405.19509529092045,408.4175720214844,97595200,0.0,0.0,0.0,66.47
2021-07-09 00:00:00-04:00,409.9434590657472,413.0806099049922,408.2184917799615,412.7773132324219,76238600,0.0,0.0,0.0,84.02
2021-07-12 00:00:00-04:00,412.69196663891324,414.5117175306595,412.2559958022083,414.25579833984375,52889600,0.0,0.0,0.0,81.31
2021-07-13 00:00:00-04:00,413.45967935559906,414.97613365904596,412.5782505958813,412.8436279296875,52911300,0.0,0.0,0.0,74.82
2021-07-14 00:00:00-04:00,414.559145543335,415.0520098678641,412.19918157813646,413.459716796875,64130400,0.0,0.0,0.0,76.98
2021-07-15 00:00:00-04:00,412.104410899215,412.7868139731337,410.1235532500257,412.04754638671875,55126400,0.0,0.0,0.0,69.88
2021-07-16 00:00:00-04:00,413.2416984921396,413.2890759376285,408.41750022861953,408.8155517578125,75874700,0.0,0.0,0.0,59.04
2021-07-19 00:00:00-04:00,403.9344913737417,408.88190573347885,399.9348573210503,402.7781982421875,147987000,0.0,0.0,0.0,46.05
2021-07-20 00:00:00-04:00,403.4511384295611,409.83919775159154,402.64551933532135,408.5502014160156,99608200,0.0,0.0,0.0,54.48
2021-07-21 00:00:00-04:00,409.76344528030853,412.0002224502363,408.5029098576219,411.8580322265625,64724400,0.0,0.0,0.0,57.98
2021-07-22 00:00:00-04:00,412.03802544898514,412.96686061666145,411.0428676381586,412.7204284667969,47878500,0.0,0.0,0.0,56.41
2021-07-23 00:00:00-04:00,414.6728808632472,417.3077092860723,413.98101966478436,416.9665222167969,63766600,0.0,0.0,0.0,57.7
2021-07-26 00:00:00-04:00,416.36941587787317,417.9995993645985,416.32203842624426,417.9901123046875,43719200,0.0,0.0,0.0,59.94
2021-07-27 00:00:00-04:00,416.9380184234522,416.9664506743468,413.22270707079593,416.08502197265625,67397100,0.0,0.0,0.0,55.53
2021-07-28 00:00:00-04:00,416.72004777472563,417.30766695039506,414.4738130246525,415.9144287109375,52472400,0.0,0.0,0.0,60.46
2021-07-29 00:00:00-04:00,416.85275933507603,418.7293459115925,416.84327227593457,417.639404296875,47435300,0.0,0.0,0.0,57.32
2021-07-30 00:00:00-04:00,415.0425015354718,417.08022352770877,414.9097984013731,415.6111755371094,68951200,0.0,0.0,0.0,52.01
2021-08-02 00:00:00-04:00,417.34559272031,417.90477965174387,414.3790356192093,414.73919677734375,58783300,0.0,0.0,0.0,52.85
2021-08-03 00:00:00-04:00,415.5448350185782,418.23652784567116,413.3270323847896,418.1133117675781,58053900,0.0,0.0,0.0,56.47
2021-08-04 00:00:00-04:00,416.8148227844002,418.08484492651655,415.81966503037125,416.0566101074219,46732200,0.0,0.0,0.0,55.47
2021-08-05 00:00:00-04:00,417.2318774104478,418.7767640479432,416.90963555415453,418.69146728515625,38969700,0.0,0.0,0.0,63.71
2021-08-06 00:00:00-04:00,419.01374248158646,419.80987458823915,418.7293909923765,419.38336181640625,46930000,0.0,0.0,0.0,77.07
2021-08-09 00:00:00-04:00,419.3549301151535,419.6771719975136,418.26498838164866,419.04217529296875,41222600,0.0,0.0,0.0,70.78
2021-08-10 00:00:00-04:00,419.49706395838393,420.2837378784225,418.8052027859697,419.56341552734375,43339300,0.0,0.0,0.0,67.16
2021-08-11 00:00:00-04:00,420.6439068637895,420.70077137425017,419.50655880664993,420.6059875488281,44034300,0.0,0.0,0.0,67.42
2021-08-12 00:00:00-04:00,420.4543325858276,422.00870631115447,419.5444715088346,421.86651611328125,38909400,0.0,0.0,0.0,62.47
2021-08-13 00:00:00-04:00,422.3213716131578,422.6531004646233,421.82853632672294,422.6341552734375,39470300,0.0,0.0,0.0,61.97
2021-08-16 00:00:00-04:00,421.31680810691563,423.76206874302704,419.7434892166579,423.62939453125,73740000,0.0,0.0,0.0,70.41
2021-08-17 00:00:00-04:00,421.041955717845,421.7243587629291,417.82899520171395,420.8524169921875,92673900,0.0,0.0,0.0,61.71
2021-08-18 00:00:00-04:00,419.82879402483263,421.4116000048217,415.99978206929455,416.2461853027344,89351900,0.0,0.0,0.0,47.09
2021-08-19 00:00:00-04:00,413.48809722549754,418.1038115397259,413.3459359666106,416.890625,92812200,0.0,0.0,0.0,52.83
2021-08-20 00:00:00-04:00,417.24135751704904,420.53961465236085,416.7484932194333,420.2078857421875,72008700,0.0,0.0,0.0,60.92
2021-08-23 00:00:00-04:00,421.9139217542382,424.82361449239914,420.28373832697827,423.9042663574219,54973000,0.0,0.0,0.0,61.42
2021-08-24 00:00:00-04:00,424.5771484375,425.1173901582532,424.05588083436186,424.5771484375,38744700,0.0,0.0,0.0,67.77
2021-08-25 00:00:00-04:00,424.7667913474214,425.9894073439551,424.38765601544685,425.4681396484375,40529700,0.0,0.0,0.0,65.25
2021-08-26 00:00:00-04:00,425.1837426889995,425.42068778416706,422.8616981107343,422.95648193359375,57829600,0.0,0.0,0.0,57.43
2021-08-27 00:00:00-04:00,423.7716016629416,427.1172655851708,423.71473714831734,426.7381591796875,77235100,0.0,0.0,0.0,64.0
2021-08-30 00:00:00-04:00,427.42050308651716,429.41084759462143,427.1740709412968,428.6147155761719,48357400,0.0,0.0,0.0,65.69
2021-08-31 00:00:00-04:00,428.51991701245834,428.861104041214,427.37311093386097,427.97967529296875,59300200,0.0,0.0,0.0,62.97
2021-09-01 00:00:00-04:00,428.9274450777084,429.4487126668339,427.9701777305939,428.2071228027344,48721400,0.0,0.0,0.0,61.57
2021-09-02 00:00:00-04:00,429.64784377280944,430.3397049951851,428.31146985736524,429.5246276855469,42501000,0.0,0.0,0.0,62.33
2021-09-03 00:00:00-04:00,428.3776920020868,429.94152349908387,427.970124546445,429.42022705078125,47170500,0.0,0.0,0.0,60.7
2021-09-07 00:00:00-04:00,429.0696436766958,429.16442749859254,427.20251518878035,427.8849182128906,51671500,0.0,0.0,0.0,63.62
2021-09-08 00:00:00-04:00,427.34473278250624,428.0840003623598,425.42071073892623,427.3636779785156,56181900,0.0,0.0,0.0,75.58
2021-09-09 00:00:00-04:00,427.16460715594775,428.9369517487631,425.2879916861643,425.534423828125,57970400,0.0,0.0,0.0,68.86
2021-09-10 00:00:00-04:00,427.4868357326276,427.91331951437127,422.0560441867494,422.17926025390625,89948200,0.0,0.0,0.0,54.29
2021-09-13 00:00:00-04:00,425.2121892344571,425.4775665749538,420.91871649077,423.2597351074219,83738600,0.0,0.0,0.0,48.42
2021-09-14 00:00:00-04:00,424.71933153361607,424.9278443703824,420.07521354086856,420.9756164550781,78197100,0.0,0.0,0.0,41.8
2021-09-15 00:00:00-04:00,421.4020787262818,424.99417421627317,420.2837048971315,424.4918518066406,78792200,0.0,0.0,0.0,48.01
2021-09-16 00:00:00-04:00,423.9610394168275,424.94670998426034,420.83334745106225,423.8188781738281,77786700,0.0,0.0,0.0,51.9
2021-09-17 00:00:00-04:00,423.0374148792782,423.4652650206614,419.3292062208717,419.6905212402344,118425000,1.428,0.0,0.0,34.73
2021-09-20 00:00:00-04:00,413.49115688370534,415.0885219206473,407.7672219763972,412.6924743652344,166445500,0.0,0.0,0.0,21.77
2021-09-21 00:00:00-04:00,415.0600361208461,416.37216788294455,411.7702182793726,412.30267333984375,92526100,0.0,0.0,0.0,21.97
2021-09-22 00:00:00-04:00,414.60357866951676,418.38783929162486,412.416712033681,416.3245544433594,102350100,0.0,0.0,0.0,31.29
2021-09-23 00:00:00-04:00,418.21678833001124,423.0089132761616,417.9790841225958,421.38299560546875,76396000,0.0,0.0,0.0,38.53
2021-09-24 00:00:00-04:00,419.72853840774184,422.79968688281105,419.50984011448503,422.0770568847656,62094800,0.0,0.0,0.0,39.83
2021-09-27 00:00:00-04:00,421.03112942133527,422.2101328126967,420.1658827653251,420.8695068359375,61371100,0.0,0.0,0.0,40.19
2021-09-28 00:00:00-04:00,418.06462182366096,418.397413491631,411.64660871979066,412.38824462890625,130436300,0.0,0.0,0.0,32.87
2021-09-29 00:00:00-04:00,413.7859620842083,415.54497895295617,412.51187106476203,413.0823669433594,82329200,0.0,0.0,0.0,35.38
2021-09-30 00:00:00-04:00,414.5751650887505,415.28827774791995,407.69126017088945,408.0335693359375,140506000,0.0,0.0,0.0,34.03
2021-10-01 00:00:00-04:00,409.78301701080636,414.5846300344232,406.21745416654886,412.8826599121094,129240100,0.0,0.0,0.0,39.2
2021-10-04 00:00:00-04:00,411.70365256894723,412.616428523891,405.3902154237439,407.55810546875,128570000,0.0,0.0,0.0,36.87
2021-10-05 00:00:00-04:00,409.0793552867115,414.0711428099617,408.2711843295782,411.7987060546875,90682500,0.0,0.0,0.0,37.75
2021-10-06 00:00:00-04:00,408.1571201248322,413.71940424678974,406.51222562004835,413.5102233886719,113032200,0.0,0.0,0.0,40.25
2021-10-07 00:00:00-04:00,416.8285560447204,419.9567221633221,416.64789854648825,417.08526611328125,72437500,0.0,0.0,0.0,47.51
2021-10-08 00:00:00-04:00,417.8649017533313,418.25474005246423,415.6875235524651,416.3245544433594,74557400,0.0,0.0,0.0,53.94
2021-10-11 00:00:00-04:00,415.65909616447414,418.6066341924215,413.2440132493219,413.3105773925781,65233300,0.0,0.0,0.0,51.04
2021-10-12 00:00:00-04:00,414.24234359047716,414.65118782637245,411.4944692725718,412.29315185546875,71181200,0.0,0.0,0.0,45.59
2021-10-13 00:00:00-04:00,413.3295431874159,414.60363415633805,410.31547032522775,413.77642822265625,72974000,0.0,0.0,0.0,40.97
2021-10-14 00:00:00-04:00,417.48464384682603,420.8885843711637,417.00923542852627,420.7364501953125,70236800,0.0,0.0,0.0,48.61
2021-10-15 00:00:00-04:00,422.87573323432537,424.311475756708,422.24819072156123,423.9406433105469,66260200,0.0,0.0,0.0,53.05
2021-10-18 00:00:00-04:00,422.1341086864871,425.5380198440828,421.4685253626762,425.19573974609375,62213200,0.0,0.0,0.0,64.84
2021-10-19 00:00:00-04:00,426.8406682478149,428.5426093386264,426.22261414691326,428.47607421875,46996800,0.0,0.0,0.0,66.83
2021-10-20 00:00:00-04:00,428.94198277005415,430.46329543615457,428.8278893980061,430.1590270996094,49571600,0.0,0.0,0.0,76.12
2021-10-21 00:00:00-04:00,429.5505122510553,431.50919261506476,429.11314463044084,431.281005859375,41305400,0.0,0.0,0.0,73.81
2021-10-22 00:00:00-04:00,430.8436544169441,432.3079205263999,428.8659390712791,430.8341369628906,58845100,0.0,0.0,0.0,84.48
2021-10-25 00:00:00-04:00,431.93697406794405,433.47729235358963,430.13994574023104,433.1445007324219,45214500,0.0,0.0,0.0,83.54
2021-10-26 00:00:00-04:00,434.71342580125923,435.9399585057707,433.1540724172885,433.5343933105469,56075100,0.0,0.0,0.0,82.82
2021-10-27 00:00:00-04:00,434.00029823752453,434.6753699759611,431.53765742767655,431.6137390136719,72438000,0.0,0.0,0.0,75.18
2021-10-28 00:00:00-04:00,433.05899976775305,435.85440340468415,433.049511331318,435.7783508300781,51437900,0.0,0.0,0.0,80.16
2021-10-29 00:00:00-04:00,433.44886265315466,436.95737906912046,433.1541117578623,436.6626281738281,70162400,0.0,0.0,0.0,88.76
2021-11-01 00:00:00-04:00,437.6609499544298,438.0412998777548,435.66425794009956,437.41375732421875,48433600,0.0,0.0,0.0,92.07
2021-11-02 00:00:00-04:00,437.5848553941349,439.4960062139577,437.45172713041956,439.1822204589844,48908400,0.0,0.0,0.0,92.15
2021-11-03 00:00:00-04:00,438.61174989498437,442.2724001417978,438.1648648671922,441.8635559082031,52509800,0.0,0.0,0.0,90.85
2021-11-04 00:00:00-04:00,442.47210882835674,444.03146236722046,442.12031124173257,443.9458923339844,52847100,0.0,0.0,0.0,90.43
2021-11-05 00:00:00-04:00,446.19925754089627,447.50187177059667,443.9553440683133,445.48614501953125,66390600,0.0,0.0,0.0,90.54
2021-11-08 00:00:00-05:00,446.5986024862707,447.10253416181234,445.172377478139,445.866455078125,50405200,0.0,0.0,0.0,89.3
2021-11-09 00:00:00-05:00,446.23731750205457,446.47502168605376,442.9665056088953,444.3927307128906,51149100,0.0,0.0,0.0,82.47
2021-11-10 00:00:00-05:00,442.68128082466427,444.39276850498163,439.31541018496387,440.81768798828125,69429700,0.0,0.0,0.0,69.57
2021-11-11 00:00:00-05:00,442.3294445310498,442.40552611905025,440.9412602245931,440.96026611328125,34848500,0.0,0.0,0.0,71.04
2021-11-12 00:00:00-05:00,442.2438663189304,444.84909483554316,441.2835321504168,444.2881164550781,53466700,0.0,0.0,0.0,72.21
2021-11-15 00:00:00-05:00,445.5908168831257,445.7524394962726,443.29934482157705,444.4403076171875,46980500,0.0,0.0,0.0,71.95
2021-11-16 00:00:00-05:00,444.1739747227309,447.34969872646275,444.0979221610444,446.19921875,48857500,0.0,0.0,0.0,79.55
2021-11-17 00:00:00-05:00,445.9330449024421,446.11370240187745,444.48781392358285,445.1153564453125,47858300,0.0,0.0,0.0,71.61
2021-11-18 00:00:00-05:00,446.161155347504,446.89330267265217,443.4037931143535,446.6270751953125,50625600,0.0,0.0,0.0,72.41
2021-11-19 00:00:00-05:00,446.513081996882,447.7776846425223,445.45768923319,445.8285217285156,57315600,0.0,0.0,0.0,68.89
2021-11-22 00:00:00-05:00,447.73005188093936,450.2497101192712,444.36415292328115,444.5733337402344,72762000,0.0,0.0,0.0,62.39
2021-11-23 00:00:00-05:00,444.240518047701,446.02805783814404,441.6067666004064,445.1628112792969,73206500,0.0,0.0,0.0,58.39
2021-11-24 00:00:00-05:00,443.13764470866045,446.47502073018416,442.310438792774,446.3514099121094,61858800,0.0,0.0,0.0,56.41
2021-11-26 00:00:00-05:00,439.60067157371947,441.0839435809935,435.2554314804199,436.39642333984375,112669600,0.0,0.0,0.0,33.29
2021-11-29 00:00:00-05:00,441.24554946911013,443.6130739628271,439.0206416888775,441.7494812011719,86268800,0.0,0.0,0.0,43.6
2021-11-30 00:00:00-05:00,439.2772526944712,441.2074091592821,432.9067701071896,433.15399169921875,148559600,0.0,0.0,0.0,35.7
2021-12-01 00:00:00-05:00,438.935038057527,441.81601151585636,428.14326264179795,428.3429260253906,131939200,0.0,0.0,0.0,34.61
2021-12-02 00:00:00-05:00,428.56169328828145,436.4915024100727,428.162337440199,434.90362548828125,127637800,0.0,0.0,0.0,43.55
2021-12-03 00:00:00-05:00,436.58655069618374,437.6609492763742,426.8406787668963,431.1193542480469,137331600,0.0,0.0,0.0,36.11
2021-12-06 00:00:00-05:00,433.6960437193141,438.1268532041968,431.2524377365643,436.2252197265625,98977500,0.0,0.0,0.0,42.15
2021-12-07 00:00:00-05:00,441.5687573477684,445.8189088707855,436.09204423982123,445.2484130859375,95484700,0.0,0.0,0.0,49.2
2021-12-08 00:00:00-05:00,445.64784251669647,446.883892741032,443.86979073969735,446.427490234375,72238800,0.0,0.0,0.0,51.1
2021-12-09 00:00:00-05:00,445.1248496332703,446.5320688500467,443.2137277231615,443.41339111328125,61272600,0.0,0.0,0.0,47.38
2021-12-10 00:00:00-05:00,446.15168899190627,447.73953648356115,443.5654666483569,447.58740234375,77159800,0.0,0.0,0.0,51.36
2021-12-13 00:00:00-05:00,447.06457194414503,447.4163695319882,443.33735716717035,443.62261962890625,87724700,0.0,0.0,0.0,49.29
2021-12-14 00:00:00-05:00,440.3136634946603,442.8333217252997,437.6133477855392,440.57037353515625,97264100,0.0,0.0,0.0,46.71
2021-12-15 00:00:00-05:00,440.6274286437547,447.7014772454328,438.0792181777004,447.45428466796875,116899300,0.0,0.0,0.0,50.73
2021-12-16 00:00:00-05:00,449.327508662101,449.61274209959083,441.93964344822353,443.5085144042969,116568600,0.0,0.0,0.0,55.12
2021-12-17 00:00:00-05:00,440.39127678738765,443.4350408113961,437.06127722950373,438.7882995605469,135511600,1.633,0.0,0.0,47.85
2021-12-20 00:00:00-05:00,433.64538842595744,434.5231967712665,430.45850677159706,434.1224670410156,107134800,0.0,0.0,0.0,50.75
2021-12-21 00:00:00-05:00,437.58595960870423,441.97508795153726,435.39140999656917,441.83197021484375,69806300,0.0,0.0,0.0,59.95
2021-12-22 00:00:00-05:00,441.5744218873552,446.3642805827982,441.37402790855924,446.2497863769531,58890200,0.0,0.0,0.0,58.64
2021-12-23 00:00:00-05:00,447.2611098152273,450.5434123426096,447.156166518367,449.02630615234375,56439700,0.0,0.0,0.0,63.85
2021-12-27 00:00:00-05:00,450.41941374289246,455.4287386896789,450.37171753368233,455.38104248046875,56808600,0.0,0.0,0.0,64.54
2021-12-28 00:00:00-05:00,455.81998109828453,456.8600089574174,454.2360766438922,455.0089416503906,47274600,0.0,0.0,0.0,58.53
2021-12-29 00:00:00-05:00,455.11389431865143,456.6214498247785,454.10249005484945,455.5909729003906,54503000,0.0,0.0,0.0,58.09
2021-12-30 00:00:00-05:00,456.02026838115637,457.0412234051928,453.8638932655036,454.3314208984375,55329000,0.0,0.0,0.0,59.95
2021-12-31 00:00:00-05:00,453.8352808197113,454.99932448633547,452.9097473010088,453.1864318847656,65237400,0.0,0.0,0.0,55.4
2022-01-03 00:00:00-05:00,454.4650292399712,455.9439902621818,452.127361743287,455.8103942871094,72668200,0.0,0.0,0.0,62.06
2022-01-04 00:00:00-05:00,457.2512312733586,457.97640008982404,453.7780849614112,455.65777587890625,71178700,0.0,0.0,0.0,65.84
2022-01-05 00:00:00-05:00,455.28567200757817,456.0680879326196,446.81275105973447,446.9081726074219,104538900,0.0,0.0,0.0,49.45
2022-01-06 00:00:00-05:00,446.440585041833,449.236258391107,444.0933375813083,446.48828125,86858900,0.0,0.0,0.0,53.24
2022-01-07 00:00:00-05:00,446.4978308607126,447.6905272471142,443.349094929474,444.72308349609375,85111600,0.0,0.0,0.0,56.9
2022-01-10 00:00:00-05:00,441.4885289655664,444.389145762566,435.66816447394604,444.1697082519531,119362000,0.0,0.0,0.0,62.92
2022-01-11 00:00:00-05:00,443.90252186789985,448.3107230481912,440.8682801341435,448.2153015136719,74303100,0.0,0.0,0.0,59.06
2022-01-12 00:00:00-05:00,449.97097007368217,451.507178237759,447.44245943191686,449.4270935058594,67605400,0.0,0.0,0.0,54.96
2022-01-13 00:00:00-05:00,450.5434663942206,451.2018371563382,442.19459134272347,443.234619140625,91173100,0.0,0.0,0.0,41.83
2022-01-14 00:00:00-05:00,440.0477504051449,443.7689575684762,438.8168794946931,443.4159240722656,95890900,0.0,0.0,0.0,29.55
2022-01-18 00:00:00-05:00,438.66421274017995,438.8741284845824,434.43730342003215,435.5632019042969,109709100,0.0,0.0,0.0,23.53
2022-01-19 00:00:00-05:00,437.12802416306374,438.540158123314,430.76378309670434,431.0404968261719,109357600,0.0,0.0,0.0,19.82
2022-01-20 00:00:00-05:00,432.9488145244408,437.71004946980986,424.1228607297277,426.26971435546875,122379700,0.0,0.0,0.0,18.25
2022-01-21 00:00:00-05:00,425.1343244767132,427.51971772793746,417.8732013969,417.9018249511719,202271200,0.0,0.0,0.0,15.68
2022-01-24 00:00:00-05:00,412.2245779908159,420.1917972856983,401.4712356806785,419.6765441894531,251783900,0.0,0.0,0.0,14.27
2022-01-25 00:00:00-05:00,413.2073386332775,419.5620294475353,407.56826576046444,414.5527038574219,167997300,0.0,0.0,0.0,12.99
2022-01-26 00:00:00-05:00,420.51617536548184,423.6839843559949,409.19985548153954,413.5126647949219,186391100,0.0,0.0,0.0,15.08
2022-01-27 00:00:00-05:00,418.16893569276084,421.34626629506744,409.76281325301744,411.4707336425781,149878300,0.0,0.0,0.0,14.59
2022-01-28 00:00:00-05:00,412.8446731283645,421.7374239891704,408.2074837555295,421.6897277832031,164457400,0.0,0.0,0.0,30.11
2022-01-31 00:00:00-05:00,421.0123256196486,429.6379151068966,419.64788777318336,429.2848815917969,152251400,0.0,0.0,0.0,38.54
2022-02-01 00:00:00-05:00,430.0195608726778,432.83433626642204,426.45102225461,432.1855163574219,123155400,0.0,0.0,0.0,37.44
2022-02-02 00:00:00-05:00,434.61862286219315,437.1185101722649,432.2809259765389,436.3838195800781,117361000,0.0,0.0,0.0,40.23
2022-02-03 00:00:00-05:00,430.2771763198244,432.20456327064403,425.2773730778354,426.1265869140625,118024400,0.0,0.0,0.0,37.93
2022-02-04 00:00:00-05:00,425.8880653676078,432.02328907897765,423.4835706254172,428.1303405761719,118454400,0.0,0.0,0.0,39.48
2022-02-07 00:00:00-05:00,428.9032013012466,430.3153352851843,425.4109825444908,426.75634765625,84472900,0.0,0.0,0.0,43.35
2022-02-08 00:00:00-05:00,426.25064560346624,431.2027236750706,424.8098589501494,430.26763916015625,81012000,0.0,0.0,0.0,49.41
2022-02-09 00:00:00-05:00,434.3513815732101,436.88944286781225,434.1510167421676,436.5650329589844,92589900,0.0,0.0,0.0,57.72
2022-02-10 00:00:00-05:00,430.6492802514605,436.72725657680354,426.6990848318808,428.7218933105469,140103700,0.0,0.0,0.0,58.17
2022-02-11 00:00:00-05:00,428.8077848767867,430.90691321691406,418.81775796478564,420.26806640625,153214600,0.0,0.0,0.0,50.41
2022-02-14 00:00:00-05:00,419.75283824073216,421.3558153101049,415.3827820623974,418.8940734863281,123006300,0.0,0.0,0.0,53.14
2022-02-15 00:00:00-05:00,423.388188209778,425.8212774417239,422.86338427445924,425.6495361328125,88482700,0.0,0.0,0.0,58.11
2022-02-16 00:00:00-05:00,423.57897452394656,427.51964819300014,421.68021112274323,426.1265869140625,84863600,0.0,0.0,0.0,60.0
2022-02-17 00:00:00-05:00,422.9015373777113,426.09796968559357,416.41328034085393,417.02392578125,102259100,0.0,0.0,0.0,46.77
2022-02-18 00:00:00-05:00,417.28153330164554,418.5505786166429,412.02414720949537,414.32366943359375,132642900,0.0,0.0,0.0,38.88
2022-02-22 00:00:00-05:00,412.09097104969135,415.53546459791914,406.3373751245111,409.8773193359375,124391800,0.0,0.0,0.0,33.79
2022-02-23 00:00:00-05:00,412.82567481945114,413.3981749869801,402.03415876801796,402.6066589355469,132578000,0.0,0.0,0.0,26.5
2022-02-24 00:00:00-05:00,392.1777209660399,409.1044911824631,391.81516565348505,408.6655578613281,213942900,0.0,0.0,0.0,37.1
2022-02-25 00:00:00-05:00,409.91545846935753,417.7681826650203,408.2456833785054,417.68231201171875,121804500,0.0,0.0,0.0,43.0
2022-02-28 00:00:00-05:00,412.2245186798255,418.1116811978968,410.9555024630074,416.6136474609375,145615000,0.0,0.0,0.0,43.18
2022-03-01 00:00:00-05:00,415.09649552880154,417.1288547255383,407.53000791301787,410.2684631347656,137785900,0.0,0.0,0.0,37.05
2022-03-02 00:00:00-05:00,412.5489213591301,419.56198221957794,411.7856072882721,417.8158874511719,117726500,0.0,0.0,0.0,38.05
2022-03-03 00:00:00-05:00,420.2776375908429,420.8882830783172,413.9133960344633,415.73583984375,105501700,0.0,0.0,0.0,41.07
2022-03-04 00:00:00-05:00,411.95736494911114,413.5030949310613,408.2647812992154,412.3581237792969,113978200,0.0,0.0,0.0,44.15
2022-03-07 00:00:00-05:00,411.76656047171593,412.4821784281274,400.1353809573564,400.2021789550781,137896600,0.0,0.0,0.0,38.08
2022-03-08 00:00:00-05:00,400.38338183836714,407.6254304472681,396.08967505785614,397.1678771972656,164772700,0.0,0.0,0.0,30.93
2022-03-09 00:00:00-05:00,405.6503884296839,409.82005055426384,403.4367368330275,407.8163146972656,116990800,0.0,0.0,0.0,39.21
2022-03-10 00:00:00-05:00,403.15049667156745,406.8812548826684,401.1658624732267,405.9748229980469,93972700,0.0,0.0,0.0,42.88
2022-03-11 00:00:00-05:00,408.49378976848914,409.1139861459758,400.2975826345479,400.8128356933594,95636300,0.0,0.0,0.0,41.56
2022-03-14 00:00:00-04:00,401.59523033702686,405.08741999905317,396.7290228847727,397.883544921875,95729200,0.0,0.0,0.0,42.36
2022-03-15 00:00:00-04:00,400.5264893380447,407.2723865848138,399.23840063166034,406.63311767578125,106219100,0.0,0.0,0.0,52.52
2022-03-16 00:00:00-04:00,410.1826611460115,415.70721048260174,405.3259752734907,415.64996337890625,144954800,0.0,0.0,0.0,54.21
2022-03-17 00:00:00-04:00,413.71302175066603,420.8501281738281,413.33136468986197,420.8501281738281,102676900,0.0,0.0,0.0,52.0
2022-03-18 00:00:00-04:00,419.2191737062759,425.78501249787223,418.4726201817354,425.4595947265625,106345500,1.366,0.0,0.0,55.35
2022-03-21 00:00:00-04:00,425.28730096720227,427.31639357395176,421.7842332897094,425.3351745605469,88349800,0.0,0.0,0.0,59.85
2022-03-22 00:00:00-04:00,426.7421215856696,431.25973563713376,426.7421215856696,430.31219482421875,74650400,0.0,0.0,0.0,58.45
2022-03-23 00:00:00-04:00,427.7471401193155,429.2593791208495,424.684339871641,424.7704772949219,79426100,0.0,0.0,0.0,55.84
2022-03-24 00:00:00-04:00,426.81872377149887,431.1831950629387,425.6893275182375,431.1736145019531,64736900,0.0,0.0,0.0,61.7
2022-03-25 00:00:00-04:00,431.81493268885146,433.5569008017636,429.2019805194832,433.2793273925781,77101300,0.0,0.0,0.0,73.51
2022-03-28 00:00:00-04:00,432.6762526890461,436.3611755371094,430.76201008839234,436.3611755371094,68529800,0.0,0.0,0.0,77.84
2022-03-29 00:00:00-04:00,440.2949134952859,442.257029612547,437.5766926097119,441.7593078613281,86581500,0.0,0.0,0.0,76.05
2022-03-30 00:00:00-04:00,440.60124955715315,441.42438912702926,436.8971945152764,439.0315856933594,79666900,0.0,0.0,0.0,75.03
2022-03-31 00:00:00-04:00,438.25630031147745,439.08899119607855,431.81486323801704,432.2742919921875,121699900,0.0,0.0,0.0,73.26
2022-04-01 00:00:00-04:00,433.8727128523891,434.0162752250027,429.88153284859106,433.49945068359375,89048800,0.0,0.0,0.0,77.02
2022-04-04 00:00:00-04:00,433.7003937645586,437.3183112305066,432.86770287931245,437.2130126953125,59601000,0.0,0.0,0.0,75.11
2022-04-05 00:00:00-04:00,435.7008319748018,438.19890496383664,430.5323819351552,431.69049072265625,74214500,0.0,0.0,0.0,63.98
2022-04-06 00:00:00-04:00,427.727969245497,429.6804757467389,424.45460141384393,427.3738098144531,106898000,0.0,0.0,0.0,55.77
2022-04-07 00:00:00-04:00,426.4836745231376,431.3649989716075,424.5120069912849,429.5273132324219,78097200,0.0,0.0,0.0,53.76
2022-04-08 00:00:00-04:00,428.7616573999894,431.30760372619034,426.8187022048659,428.3788146972656,79272700,0.0,0.0,0.0,52.76
2022-04-11 00:00:00-04:00,425.0671968033889,425.91904892156595,420.5496115611133,421.056884765625,89770500,0.0,0.0,0.0,41.94
2022-04-12 00:00:00-04:00,424.08135581497214,426.63688291796194,417.92707195096625,419.49676513671875,84363600,0.0,0.0,0.0,45.07
2022-04-13 00:00:00-04:00,419.2478833585638,425.06716858645797,419.06602795684586,424.3014831542969,74070400,0.0,0.0,0.0,43.37
2022-04-14 00:00:00-04:00,424.53112607433485,425.6605513676673,418.9128289133988,419.01812744140625,97869500,0.0,0.0,0.0,37.04
2022-04-18 00:00:00-04:00,418.08019587737556,420.8941351265984,416.931638515193,419.1904602050781,66002500,0.0,0.0,0.0,33.52
2022-04-19 00:00:00-04:00,419.08518224593973,426.6847288624643,418.9129073958592,425.95733642578125,77821000,0.0,0.0,0.0,35.22
2022-04-20 00:00:00-04:00,427.75670829592406,428.378831363182,424.4642083481592,425.6414489746094,65224400,0.0,0.0,0.0,36.89
2022-04-21 00:00:00-04:00,429.30725443070924,430.7142241013014,418.3577829337673,419.276611328125,85417300,0.0,0.0,0.0,37.17
2022-04-22 00:00:00-04:00,418.1759392548525,419.2957550024111,407.19775497543907,407.77203369140625,132471800,0.0,0.0,0.0,28.89
2022-04-25 00:00:00-04:00,405.5036744107504,410.30841377400196,400.8807612582423,410.1361389160156,119647700,0.0,0.0,0.0,27.28
2022-04-26 00:00:00-04:00,407.5709814959325,407.7719980148025,398.22949675568077,398.2582092285156,103996300,0.0,0.0,0.0,24.66
2022-04-27 00:00:00-04:00,399.34936979842934,404.78584217835237,397.2150075232364,399.3780822753906,122030000,0.0,0.0,0.0,27.7
2022-04-28 00:00:00-04:00,404.18279547184125,411.21764345200137,399.69389386588324,409.4660949707031,105449100,0.0,0.0,0.0,35.81
2022-04-29 00:00:00-04:00,405.42704835983704,407.60928397292037,393.577880811708,394.3340148925781,145491100,0.0,0.0,0.0,29.9
2022-05-02 00:00:00-04:00,394.4010061346487,398.0859292153435,387.6532830159417,396.7076721191406,158312500,0.0,0.0,0.0,34.73
2022-05-03 00:00:00-04:00,397.21496295046654,400.96686249453666,395.63568926772007,398.5262145996094,100028200,0.0,0.0,0.0,36.89
2022-05-04 00:00:00-04:00,399.1961812007349,411.2367847860989,395.9706867518103,410.6625061035156,144247900,0.0,0.0,0.0,42.19
2022-05-05 00:00:00-04:00,406.3458807923875,406.7765971082307,391.88379038376684,396.06640625,172929100,0.0,0.0,0.0,38.12
2022-05-06 00:00:00-04:00,393.4726317431385,397.0139635629779,388.3328942587379,393.70233154296875,151770800,0.0,0.0,0.0,37.1
2022-05-09 00:00:00-04:00,387.72992132964686,388.98374814446504,379.49867067620073,381.0970764160156,155586100,0.0,0.0,0.0,28.57
2022-05-10 00:00:00-04:00,387.14605014162754,388.66786975846736,377.8907019773014,381.97760009765625,132497200,0.0,0.0,0.0,29.25
2022-05-11 00:00:00-04:00,381.0013475356769,386.71536383438524,375.1533202119029,375.9094543457031,142361000,0.0,0.0,0.0,29.34
2022-05-12 00:00:00-04:00,372.67437691389415,378.8286608701771,368.6353231983451,375.51702880859375,125090800,0.0,0.0,0.0,32.81
2022-05-13 00:00:00-04:00,379.69959428846505,385.89217045609865,378.64675498465084,384.4947814941406,104174400,0.0,0.0,0.0,37.23
2022-05-16 00:00:00-04:00,382.8294230505305,386.64832803939817,380.5514694750562,382.9346923828125,78622400,0.0,0.0,0.0,41.5
2022-05-17 00:00:00-04:00,389.0985730780979,391.05110897035604,385.317931752705,390.81182861328125,83029700,0.0,0.0,0.0,45.58
2022-05-18 00:00:00-04:00,386.19846262612856,386.4855873459579,373.80372952737997,375.05755615234375,117674500,0.0,0.0,0.0,33.22
2022-05-19 00:00:00-04:00,371.95651956348877,377.23984846720896,370.51125688018453,372.760498046875,98510700,0.0,0.0,0.0,37.97
2022-05-20 00:00:00-04:00,376.38799258674203,380.0059103299585,364.22298770544137,372.9232177734375,131432200,0.0,0.0,0.0,36.41
2022-05-23 00:00:00-04:00,375.9859825786953,380.6759007543842,373.64105269987766,379.900634765625,76414900,0.0,0.0,0.0,39.95
2022-05-24 00:00:00-04:00,375.7276223701418,378.20656360723956,370.36773600469985,377.0006103515625,91448800,0.0,0.0,0.0,29.82
2022-05-25 00:00:00-04:00,375.48823709843765,382.3220968773957,375.08626252851224,380.3312683105469,91472900,0.0,0.0,0.0,39.1
2022-05-26 00:00:00-04:00,381.5755766723433,389.5866775979574,381.36500880962234,387.93084716796875,82168300,0.0,0.0,0.0,46.27
2022-05-27 00:00:00-04:00,390.4193758245248,397.56907352208646,390.21838851829534,397.4542236328125,84768700,0.0,0.0,0.0,61.01
2022-05-31 00:00:00-04:00,395.8175927976894,398.602819925166,392.4485355635167,395.22418212890625,95937000,0.0,0.0,0.0,58.76
2022-06-01 00:00:00-04:00,397.3680664907555,398.39216409196325,389.4813670468005,392.0273132324219,86585800,0.0,0.0,0.0,61.07
2022-06-02 00:00:00-04:00,391.8646611047075,399.54076430883373,389.5867074721466,399.492919921875,79609600,0.0,0.0,0.0,65.01
2022-06-03 00:00:00-04:00,394.71684671616225,396.28653978158474,391.95078114856943,392.9366149902344,71874300,0.0,0.0,0.0,55.45
2022-06-06 00:00:00-04:00,396.99484047691567,398.7463599076249,392.9462061607116,394.133056640625,57508900,0.0,0.0,0.0,57.27
2022-06-07 00:00:00-04:00,390.60124306118365,398.3730640339569,390.1322337203945,397.91363525390625,59272400,0.0,0.0,0.0,54.87
2022-06-08 00:00:00-04:00,396.18122347636165,397.99019680290365,392.78345445253996,393.5874328613281,64350000,0.0,0.0,0.0,65.05
2022-06-09 00:00:00-04:00,391.78809077008833,394.08517640788494,384.2268371582031,384.2268371582031,86289800,0.0,0.0,0.0,58.36
2022-06-10 00:00:00-04:00,377.9481618422655,378.8095653943306,373.0381236237535,373.0859680175781,132893900,0.0,0.0,0.0,50.1
2022-06-13 00:00:00-04:00,363.5625769518316,365.4385267550747,357.293414130191,358.9205322265625,170004900,0.0,0.0,0.0,37.91
2022-06-14 00:00:00-04:00,360.6911293910213,361.7343879919987,354.69954134327725,357.8388977050781,104011800,0.0,0.0,0.0,38.72
2022-06-15 00:00:00-04:00,361.1792703199507,367.43885163708615,356.16396418575096,362.9403991699219,125666800,0.0,0.0,0.0,39.97
2022-06-16 00:00:00-04:00,354.6230313337775,355.0345864932004,348.46871901757845,350.92852783203125,134473300,0.0,0.0,0.0,29.7
2022-06-17 00:00:00-04:00,351.3486120189523,355.06866722021977,348.1380212112785,351.6850280761719,111113900,1.577,0.0,0.0,22.22
2022-06-21 00:00:00-04:00,357.48148222315666,361.9416944882253,357.404565320971,360.53826904296875,76811900,0.0,0.0,0.0,30.51
2022-06-22 00:00:00-04:00,356.2606594938497,364.04683820617265,355.8377045480305,359.8846130371094,90059400,0.0,0.0,0.0,31.41
2022-06-23 00:00:00-04:00,362.0474475578882,364.15257105621185,358.4427378203703,363.41241455078125,79292100,0.0,0.0,0.0,28.14
2022-06-24 00:00:00-04:00,366.6230107778234,374.9763272689603,366.5941742729428,374.9667053222656,98050300,0.0,0.0,0.0,39.73
2022-06-27 00:00:00-04:00,375.89907439956477,376.19706135514343,372.428954991284,373.5343933105469,66009600,0.0,0.0,0.0,38.26
2022-06-28 00:00:00-04:00,375.1108548886309,377.92732729333335,365.78666205627303,365.9020080566406,86548900,0.0,0.0,0.0,32.53
2022-06-29 00:00:00-04:00,366.4595967720294,367.45928178519546,363.7584700438674,365.60406494140625,65676000,0.0,0.0,0.0,34.02
2022-06-30 00:00:00-04:00,361.66291121412695,365.91167520884255,358.12549653489356,362.6337890625,112508300,0.0,0.0,0.0,36.7
2022-07-01 00:00:00-04:00,361.9705068302307,366.91137606613574,359.3174312507828,366.46917724609375,74839700,0.0,0.0,0.0,45.52
2022-07-05 00:00:00-04:00,361.31686259425834,367.18052929239843,358.4523095292125,367.1612854003906,81438000,0.0,0.0,0.0,56.82
2022-07-06 00:00:00-04:00,367.3054908243702,370.9198225231262,364.89275837820134,368.4013366699219,70426200,0.0,0.0,0.0,58.72
2022-07-07 00:00:00-04:00,370.1988592387146,374.72636621264735,368.42052999642806,373.9189147949219,64525900,0.0,0.0,0.0,59.0
2022-07-08 00:00:00-04:00,372.2655768600894,375.5050340154308,370.717968879512,373.6113586425781,72397800,0.0,0.0,0.0,73.02
2022-07-11 00:00:00-04:00,370.90055244008096,371.8810227852135,368.64159546653184,369.34332275390625,58366900,0.0,0.0,0.0,66.73
2022-07-12 00:00:00-04:00,368.785760446499,371.19852175203914,364.3063051576813,366.07501220703125,62219200,0.0,0.0,0.0,55.87
2022-07-13 00:00:00-04:00,360.56715209758505,367.12292543313544,360.14419708656845,364.1526184082031,84224600,0.0,0.0,0.0,54.4
2022-07-14 00:00:00-04:00,359.13477087197043,364.36400485108635,356.66436572278616,363.2681884765625,89704800,0.0,0.0,0.0,49.84
2022-07-15 00:00:00-04:00,367.72846971273947,370.3238726372709,365.79636510778874,370.2085266113281,79060400,0.0,0.0,0.0,44.23
2022-07-18 00:00:00-04:00,373.33254024846696,374.01502366714607,365.9116441410167,367.15167236328125,63203600,0.0,0.0,0.0,42.55
2022-07-19 00:00:00-04:00,371.1216920937071,377.64862834568623,370.4584524626098,377.0718688964844,78506000,0.0,0.0,0.0,62.38
2022-07-20 00:00:00-04:00,377.26412912181934,380.90729743689303,375.8799181877334,379.4750061035156,71843800,0.0,0.0,0.0,64.69
2022-07-21 00:00:00-04:00,378.88864422727045,383.38731497885783,376.45666787635133,383.3392639160156,64903900,0.0,0.0,0.0,71.51
2022-07-22 00:00:00-04:00,383.4641885115153,384.6753509090649,377.53322713446744,379.7825622558594,72197300,0.0,0.0,0.0,63.91
2022-07-25 00:00:00-04:00,380.41700705166886,381.1091124451077,377.97540895048166,380.2439880371094,53631500,0.0,0.0,0.0,63.74
2022-07-26 00:00:00-04:00,378.5809873512817,378.79246480437615,374.8417174784014,375.74530029296875,52946400,0.0,0.0,0.0,57.22
2022-07-27 00:00:00-04:00,379.0808934837309,387.27081319256195,378.7829064773039,385.5021057128906,82342100,0.0,0.0,0.0,60.51
2022-07-28 00:00:00-04:00,386.3191763193958,391.0389173226774,382.72405903942087,390.33721923828125,73966600,0.0,0.0,0.0,64.02
2022-07-29 00:00:00-04:00,391.7886897439301,397.0275464396148,391.01007476617787,396.02783203125,87003700,0.0,0.0,0.0,71.85
2022-08-01 00:00:00-04:00,393.2978117735427,397.39277094242425,392.5768699105818,394.85504150390625,69997500,0.0,0.0,0.0,74.4
2022-08-02 00:00:00-04:00,393.26905108624214,396.9987290699266,391.05817401436576,392.2501220703125,63435400,0.0,0.0,0.0,73.55
2022-08-03 00:00:00-04:00,394.4032816607065,399.57484306519416,394.11491662652395,398.39251708984375,67820600,0.0,0.0,0.0,77.06
2022-08-04 00:00:00-04:00,398.31561615378456,399.0077215987619,396.46039924405466,398.1233825683594,45656600,0.0,0.0,0.0,73.97
2022-08-05 00:00:00-04:00,393.78808741385586,398.1041169288089,393.7304144078584,397.4504699707031,56814900,0.0,0.0,0.0,77.13
2022-08-08 00:00:00-04:00,399.16149179818365,401.43966346954056,395.8739838829897,396.9890441894531,53886100,0.0,0.0,0.0,71.47
2022-08-09 00:00:00-04:00,396.2488855476589,396.7583499720345,394.3263738579095,395.41259765625,44931800,0.0,0.0,0.0,67.49
2022-08-10 00:00:00-04:00,402.554692680031,403.86201578962965,400.5745081283844,403.7178039550781,68665700,0.0,0.0,0.0,70.38
2022-08-11 00:00:00-04:00,406.601571282936,408.4856537251459,402.968025623243,403.7178039550781,59489700,0.0,0.0,0.0,75.77
2022-08-12 00:00:00-04:00,405.6787940975179,410.6580922237723,404.71753827383014,410.5523681640625,61694500,0.0,0.0,0.0,78.69
2022-08-15 00:00:00-04:00,408.3126079964874,412.772848906267,408.25493499637804,412.244140625,54048300,0.0,0.0,0.0,86.49
2022-08-16 00:00:00-04:00,411.1580213671769,415.00304519815904,410.3409479360524,413.05169677734375,59289000,0.0,0.0,0.0,83.54
2022-08-17 00:00:00-04:00,409.4084920535471,412.8593971145599,408.09157620225045,410.11981201171875,63563400,0.0,0.0,0.0,75.26
2022-08-18 00:00:00-04:00,410.321676364218,412.0038741768005,409.01438243076507,411.3117980957031,49023200,0.0,0.0,0.0,72.05
2022-08-19 00:00:00-04:00,408.5145396296516,408.78369010606076,404.9002080876989,405.7845764160156,68016900,0.0,0.0,0.0,64.01
2022-08-22 00:00:00-04:00,400.89177337846473,401.0648217404057,396.42193917651275,397.33514404296875,77695600,0.0,0.0,0.0,55.67
2022-08-23 00:00:00-04:00,396.9025498533495,399.32493346298486,395.81632600746724,396.3738708496094,49105200,0.0,0.0,0.0,47.46
2022-08-24 00:00:00-04:00,396.14311415703696,399.02688156067626,395.4510381419546,397.6427001953125,49177800,0.0,0.0,0.0,49.41
2022-08-25 00:00:00-04:00,399.15185807518327,403.3044902659967,398.0464197471028,403.2564392089844,50942300,0.0,0.0,0.0,56.36
2022-08-26 00:00:00-04:00,403.14109640720415,403.6889899352568,389.5489248974377,389.6065979003906,103087000,0.0,0.0,0.0,43.72
2022-08-29 00:00:00-04:00,386.61712355834385,390.1160796790773,385.6558676860806,387.03045654296875,65370800,0.0,0.0,0.0,42.99
2022-08-30 00:00:00-04:00,388.2032051777682,388.44351915530365,380.65734041611535,382.7817077636719,85652400,0.0,0.0,0.0,31.22
2022-08-31 00:00:00-04:00,384.4350757596623,385.69431867693766,379.7345495319771,379.8691101074219,76029700,0.0,0.0,0.0,29.67
2022-09-01 00:00:00-04:00,377.66783361918215,381.40710370684076,374.92824851702744,381.0610656738281,78740100,0.0,0.0,0.0,22.19
2022-09-02 00:00:00-04:00,384.77153594656147,386.0019424065938,375.2070273744073,377.04302978515625,99632100,0.0,0.0,0.0,18.2
2022-09-06 00:00:00-04:00,377.8984716906632,378.85010548078947,373.3709653939086,375.62030029296875,76637400,0.0,0.0,0.0,16.56
2022-09-07 00:00:00-04:00,375.303200732334,383.147053791339,375.082130610553,382.3684387207031,70964200,0.0,0.0,0.0,26.79
2022-09-08 00:00:00-04:00,380.0709273939919,385.32896821680635,378.85011380951164,384.8675842285156,80821700,0.0,0.0,0.0,28.36
2022-09-09 00:00:00-04:00,387.13615596726964,391.7213649606509,386.86700551357507,390.84661865234375,76706900,0.0,0.0,0.0,37.86
2022-09-12 00:00:00-04:00,392.9421496709176,395.77786605050534,392.63454077061806,395.04730224609375,69256300,0.0,0.0,0.0,48.0
2022-09-13 00:00:00-04:00,386.26146614232147,387.4822799754418,376.73544547649124,377.8697204589844,122947100,0.0,0.0,0.0,37.41
2022-09-14 00:00:00-04:00,379.1866165118705,380.84959978158463,375.96640337587723,379.31158447265625,85023700,0.0,0.0,0.0,37.56
2022-09-15 00:00:00-04:00,377.73518226207904,380.61895051184445,373.7171388745224,375.0052185058594,87633800,0.0,0.0,0.0,30.48
2022-09-16 00:00:00-04:00,370.7736826530603,372.8102500746001,368.8142891777807,372.1442565917969,103084800,1.596,0.0,0.0,35.82
2022-09-19 00:00:00-04:00,368.95912707468705,375.0302429199219,368.88189420997304,375.0302429199219,73278500,0.0,0.0,0.0,40.31
2022-09-20 00:00:00-04:00,371.6616524004172,372.6847668414529,367.93597706904285,370.72540283203125,77274900,0.0,0.0,0.0,40.27
2022-09-21 00:00:00-04:00,372.67509998902653,375.7637662097036,364.2488834509297,364.258544921875,106746600,0.0,0.0,0.0,38.08
2022-09-22 00:00:00-04:00,363.4767518777453,365.136905043657,360.44602461254743,361.1988830566406,89472600,0.0,0.0,0.0,35.26
2022-09-23 00:00:00-04:00,357.68543549899886,357.724051922801,350.6491165935792,355.14697265625,122346900,0.0,0.0,0.0,34.23
2022-09-26 00:00:00-04:00,353.6606638238027,357.3284299654252,350.39826716804566,351.63372802734375,92581200,0.0,0.0,0.0,33.23
2022-09-27 00:00:00-04:00,355.2145875092273,357.5117791780384,348.3133804866412,350.7360534667969,108294100,0.0,0.0,0.0,25.91
2022-09-28 00:00:00-04:00,351.701235510324,359.34563898306243,349.9831726048501,357.6372375488281,110802200,0.0,0.0,0.0,30.56
2022-09-29 00:00:00-04:00,354.0466457504471,354.33619530627595,347.1840561759811,350.1665344238281,112952300,0.0,0.0,0.0,21.57
2022-09-30 00:00:00-04:00,349.21101053353664,353.17801673419126,344.61665669325873,344.75177001953125,153711200,0.0,0.0,0.0,15.43
2022-10-03 00:00:00-04:00,348.516057534673,355.72613694099203,346.7111296791081,353.8536376953125,89756500,0.0,0.0,0.0,31.43
2022-10-04 00:00:00-04:00,359.4421630441656,364.84731433282997,353.81503356403977,364.818359375,103602800,0.0,0.0,0.0,40.23
2022-10-05 00:00:00-04:00,360.3977246243655,366.2564935892926,358.0426232733326,363.9689636230469,88065700,0.0,0.0,0.0,42.2
2022-10-06 00:00:00-04:00,362.55007259010597,365.5422121259918,359.71236929314927,360.21429443359375,82333500,0.0,0.0,0.0,41.67
2022-10-07 00:00:00-04:00,356.13149091952226,360.30118125767257,348.38090028101027,350.1665344238281,107789500,0.0,0.0,0.0,34.22
2022-10-10 00:00:00-04:00,351.2958280787651,351.5371292082342,345.22471286942846,347.492919921875,76042800,0.0,0.0,0.0,34.95
2022-10-11 00:00:00-04:00,345.7748385612468,350.3981762021499,343.3328724398788,345.292236328125,92482800,0.0,0.0,0.0,36.99
2022-10-12 00:00:00-04:00,345.707314902231,347.29989646454476,343.90235771219085,344.1533203125,76991800,0.0,0.0,0.0,37.99
2022-10-13 00:00:00-04:00,337.05906362844115,354.722324093684,335.9973327607428,353.23590087890625,147254500,0.0,0.0,0.0,48.71
2022-10-14 00:00:00-04:00,355.72608157438833,357.3766023609494,344.5393657439829,345.1860656738281,123737000,0.0,0.0,0.0,45.9
2022-10-17 00:00:00-04:00,351.34414333960547,355.1760068612795,344.8483056394827,354.0563659667969,93168200,0.0,0.0,0.0,51.92
2022-10-18 00:00:00-04:00,362.0771878318647,362.3860603574706,354.7319658837695,358.21636962890625,97162900,0.0,0.0,0.0,50.35
2022-10-19 00:00:00-04:00,356.15082778024464,358.9113281900581,352.8305216757492,355.6778869628906,79746900,0.0,0.0,0.0,53.49
2022-10-20 00:00:00-04:00,355.2242045667533,359.70276750492764,351.92319227562456,352.69537353515625,88283100,0.0,0.0,0.0,55.2
2022-10-21 00:00:00-04:00,352.41547979286736,361.7586527465479,350.8904695677972,361.26641845703125,131038400,0.0,0.0,0.0,54.88
2022-10-24 00:00:00-04:00,362.8107818136751,366.8356686178602,360.12748466994145,365.68707275390625,85436900,0.0,0.0,0.0,50.63
2022-10-25 00:00:00-04:00,365.6098416575578,371.84505483562714,365.4940218238639,371.52655029296875,78846300,0.0,0.0,0.0,55.08
2022-10-26 00:00:00-04:00,368.3413715642347,374.0939826830532,368.0807769285353,368.7274475097656,104087300,0.0,0.0,0.0,55.8
2022-10-27 00:00:00-04:00,369.7408705076677,371.6037080004835,366.1309858857858,366.7583923339844,81971800,0.0,0.0,0.0,62.71
2022-10-28 00:00:00-04:00,366.652300229574,375.96651958047545,366.46890898234125,375.4839172363281,100302000,0.0,0.0,0.0,69.62
2022-10-31 00:00:00-04:00,372.99364461103545,374.88543726090984,371.8547103237635,372.7716369628906,96631300,0.0,0.0,0.0,69.12
2022-11-01 00:00:00-04:00,376.56491619272265,376.80621732952864,369.953259153097,371.14044189453125,85407600,0.0,0.0,0.0,68.65
2022-11-02 00:00:00-04:00,370.54202901028134,375.10745723633005,361.720074546058,361.82623291015625,126990400,0.0,0.0,0.0,55.92
2022-11-03 00:00:00-04:00,358.5445412726377,361.17956034159533,355.9578001053984,358.1005554199219,87100100,0.0,0.0,0.0,59.46
2022-11-04 00:00:00-04:00,363.88213784733455,365.687065754513,357.1257055796122,363.2547607421875,103505200,0.0,0.0,0.0,57.13
2022-11-07 00:00:00-05:00,364.56741389703893,367.32791431456917,362.4632749806646,366.7294921875,68286900,0.0,0.0,0.0,56.67
2022-11-08 00:00:00-05:00,367.8490532672433,371.7195325319543,364.5770255034541,368.7080993652344,84641100,0.0,0.0,0.0,60.29
2022-11-09 00:00:00-05:00,366.7101433846629,367.8780620529582,360.6100437959627,361.1119689941406,78495500,0.0,0.0,0.0,56.2
2022-11-10 00:00:00-05:00,374.54760134940835,381.2944009586985,372.22148438253384,380.9565734863281,141455800,0.0,0.0,0.0,62.43
2022-11-11 00:00:00-05:00,381.82523620186475,385.45441446767416,379.91412072994757,384.6436462402344,93839900,0.0,0.0,0.0,62.08
2022-11-14 00:00:00-05:00,382.85809705879814,386.25560697409145,381.0917559754166,381.3716735839844,71903500,0.0,0.0,0.0,56.49
2022-11-15 00:00:00-05:00,387.191806818122,388.3114476524272,380.7635408563061,384.6243591308594,93194500,0.0,0.0,0.0,60.41
2022-11-16 00:00:00-05:00,382.9738947537852,383.93909939094436,381.053146951665,381.690185546875,68508500,0.0,0.0,0.0,59.66
2022-11-17 00:00:00-05:00,376.87377515035627,381.2075637799826,376.5649320685598,380.5222473144531,74496300,0.0,0.0,0.0,53.61
2022-11-18 00:00:00-05:00,383.9003997715693,383.9679711508985,379.363956633335,382.2499084472656,92922500,0.0,0.0,0.0,56.89
2022-11-21 00:00:00-05:00,380.90835480738184,382.0472891580128,378.99723910875036,380.8600769042969,51243200,0.0,0.0,0.0,57.09
2022-11-22 00:00:00-05:00,382.82911254649855,386.1494187905772,381.4005991070716,385.9853210449219,60429000,0.0,0.0,0.0,68.78
2022-11-23 00:00:00-05:00,385.6474409191522,388.9098367974529,385.41580126814495,388.4176025390625,68261600,0.0,0.0,0.0,74.05
2022-11-25 00:00:00-05:00,387.84811673734316,388.89055410722,387.5682286365076,388.3307189941406,30545400,0.0,0.0,0.0,71.63
2022-11-28 00:00:00-05:00,385.20349882044343,386.86365190438426,381.36197392293786,382.1341552734375,67881600,0.0,0.0,0.0,62.69
2022-11-29 00:00:00-05:00,382.2692896645585,383.47579547647257,379.6149768783477,381.47784423828125,52310000,0.0,0.0,0.0,60.75
2022-11-30 00:00:00-05:00,381.7287225286576,393.49456787109375,379.78868149193926,393.49456787109375,144566700,0.0,0.0,0.0,75.38
2022-12-01 00:00:00-05:00,394.5466360386834,395.73384818729875,390.66652452148577,393.20501708984375,76398200,0.0,0.0,0.0,63.84
2022-12-02 00:00:00-05:00,388.25354687813,393.66833049697027,388.1473885118186,392.75140380859375,85342700,0.0,0.0,0.0,59.89
2022-12-05 00:00:00-05:00,389.8944343452361,390.8403160607609,384.315552586433,385.6861267089844,77289800,0.0,0.0,0.0,54.82
2022-12-06 00:00:00-05:00,385.5220147224602,386.07215893019634,378.0127244938786,380.1264953613281,77972200,0.0,0.0,0.0,45.23
2022-12-07 00:00:00-05:00,379.26748169969045,381.8735457907901,378.3312320994056,379.4798278808594,65927900,0.0,0.0,0.0,47.53
2022-12-08 00:00:00-05:00,381.3908744257726,383.53359988074266,379.58591748493626,382.45257568359375,60737900,0.0,0.0,0.0,52.07
2022-12-09 00:00:00-05:00,381.19785452203797,383.78459542401623,379.4701302786535,379.5956115722656,81447700,0.0,0.0,0.0,47.22
2022-12-12 00:00:00-05:00,380.3967736718847,385.0683898925781,379.72114812014985,385.0683898925781,75405800,0.0,0.0,0.0,54.06
2022-12-13 00:00:00-05:00,395.9462139503626,396.2068085763035,385.1841890472731,387.9832763671875,123782500,0.0,0.0,0.0,52.01
2022-12-14 00:00:00-05:00,387.63581000894794,391.3904700876154,382.5202373486553,385.5027160644531,108111300,0.0,0.0,0.0,47.07
2022-12-15 00:00:00-05:00,380.5801512125836,381.497107338881,374.3932158229351,376.0726623535156,117705900,0.0,0.0,0.0,39.61
2022-12-16 00:00:00-05:00,373.4847309619178,374.8422166925355,369.4704496163077,371.6327209472656,119858000,1.781,0.0,0.0,40.83
2022-12-19 00:00:00-05:00,371.82661244427356,372.1659912311167,366.7941952533003,368.4813537597656,79878100,0.0,0.0,0.0,39.12
2022-12-20 00:00:00-05:00,367.71534345144414,370.62425360727593,366.3772400452072,368.9855651855469,74427200,0.0,0.0,0.0,24.6
2022-12-21 00:00:00-05:00,371.61327948792604,375.64697186511654,371.0702852824355,374.5028076171875,78167400,0.0,0.0,0.0,32.51
2022-12-22 00:00:00-05:00,371.4193357646153,374.48339136727145,363.39074486331384,369.16009521484375,100120900,0.0,0.0,0.0,29.79
2022-12-23 00:00:00-05:00,368.12260493626457,371.4290699727955,366.5517980559523,371.28363037109375,59857300,0.0,0.0,0.0,36.52
2022-12-27 00:00:00-05:00,371.1672979500218,371.5163530122188,368.12262403856244,369.8194885253906,51638200,0.0,0.0,0.0,39.55
2022-12-28 00:00:00-05:00,369.75157580856137,371.7490547748007,364.9906853166092,365.223388671875,70911500,0.0,0.0,0.0,36.62
2022-12-29 00:00:00-05:00,368.1032928810107,372.67998062801723,367.56997478535686,371.797607421875,66970900,0.0,0.0,0.0,40.63
2022-12-30 00:00:00-05:00,369.08254778752337,370.9636158642574,366.93962925835154,370.81817626953125,84022200,0.0,0.0,0.0,42.02
2023-01-03 00:00:00-05:00,372.6992479566295,374.69669716086906,366.3578157499372,369.2570495605469,74850700,0.0,0.0,0.0,34.52
2023-01-04 00:00:00-05:00,371.5454127025299,374.16344383395204,368.4619748568753,372.1078186035156,85934100,0.0,0.0,0.0,34.44
2023-01-05 00:00:00-05:00,370.1297558589303,370.24610753892307,367.2596392522316,367.8608093261719,76970500,0.0,0.0,0.0,33.29
2023-01-06 00:00:00-05:00,370.9927465441918,377.43114952851016,367.88992633219317,376.2966613769531,104189600,0.0,0.0,0.0,50.22
2023-01-09 00:00:00-05:00,378.5171415271556,381.7460488864567,375.8991397236085,376.0833435058594,73978100,0.0,0.0,0.0,54.68
2023-01-10 00:00:00-05:00,375.4918560732584,378.78861532136347,374.5416013431654,378.7207336425781,65358100,0.0,0.0,0.0,60.88
2023-01-11 00:00:00-05:00,380.32065837354753,383.58832970359543,379.49646116309526,383.5107421875,68881100,0.0,0.0,0.0,64.15
2023-01-12 00:00:00-05:00,384.62577858449964,386.3904947782217,380.50482286904594,384.9069519042969,90157700,0.0,0.0,0.0,61.02
2023-01-13 00:00:00-05:00,381.66843619015316,386.98205655853417,381.39693906715365,386.4002685546875,63903900,0.0,0.0,0.0,69.88
2023-01-17 00:00:00-05:00,386.38090732499995,388.0777718330717,385.0040099612812,385.69244384765625,62677300,0.0,0.0,0.0,67.18
2023-01-18 00:00:00-05:00,386.89477580371937,387.971058411242,379.39947294334144,379.60308837890625,99632300,0.0,0.0,0.0,60.5
2023-01-19 00:00:00-05:00,377.5377707341088,379.20554721591105,375.50155712424066,376.83966064453125,86958900,0.0,0.0,0.0,62.98
2023-01-20 00:00:00-05:00,378.2553030012775,384.01494767738205,376.58752660363507,383.85980224609375,91806400,0.0,0.0,0.0,63.35
2023-01-23 00:00:00-05:00,384.6742929256794,390.4242317555636,383.7046561749685,388.465576171875,84178800,0.0,0.0,0.0,68.08
2023-01-24 00:00:00-05:00,386.7687173884597,388.9697821912986,385.56637726949504,388.04864501953125,59524900,0.0,0.0,0.0,69.71
2023-01-25 00:00:00-05:00,383.9276656898367,388.5334400446893,381.61021975815345,388.1940612792969,84800300,0.0,0.0,0.0,67.89
2023-01-26 00:00:00-05:00,390.8897337060401,392.62539206681987,387.8838533557482,392.4605407714844,72287400,0.0,0.0,0.0,77.34
2023-01-27 00:00:00-05:00,391.4035880003109,395.766953530763,391.1902667240724,393.36224365234375,68346200,0.0,0.0,0.0,72.79
2023-01-30 00:00:00-05:00,390.56967729630395,392.8289475307978,388.1262033000586,388.4267883300781,74202000,0.0,0.0,0.0,64.64
2023-01-31 00:00:00-05:00,388.9504072665645,394.1864399734376,388.601322637591,394.1379699707031,86811800,0.0,0.0,0.0,67.04
2023-02-01 00:00:00-05:00,392.9064860091245,401.109633944594,390.1333392007626,398.3267517089844,101459200,0.0,0.0,0.0,66.59
2023-02-02 00:00:00-05:00,402.26346761931126,405.6087260745303,400.343605889328,404.12518310546875,101654500,0.0,0.0,0.0,69.59
2023-02-03 00:00:00-05:00,399.092839452114,404.3094905953678,398.60802101264386,399.82977294921875,94736800,0.0,0.0,0.0,62.95
2023-02-06 00:00:00-05:00,397.3474663028563,398.8019214799618,395.7087777693734,397.38623046875,60295300,0.0,0.0,0.0,60.91
2023-02-07 00:00:00-05:00,396.4553845569575,403.8440120683523,395.1948685823552,402.58349609375,90990700,0.0,0.0,0.0,71.81
2023-02-08 00:00:00-05:00,400.58604530223727,401.94353086806785,397.4831957880822,398.18133544921875,76227500,0.0,0.0,0.0,69.64
2023-02-09 00:00:00-05:00,401.8271483802855,401.98229380319435,393.48826684245864,394.7294006347656,78694900,0.0,0.0,0.0,60.71
2023-02-10 00:00:00-05:00,393.5367432012661,396.03842249852727,392.7125756657534,395.65057373046875,70769700,0.0,0.0,0.0,57.63
2023-02-13 00:00:00-05:00,396.30994256945445,400.4308988497679,395.84450626622424,400.2951354980469,64913500,0.0,0.0,0.0,61.94
2023-02-14 00:00:00-05:00,398.7534162442866,402.44772997458745,396.10632679762597,400.1109313964844,88389300,0.0,0.0,0.0,61.61
2023-02-15 00:00:00-05:00,397.8904615307759,401.4878057256822,397.0371764235173,401.4102478027344,61555700,0.0,0.0,0.0,59.25
2023-02-16 00:00:00-05:00,396.37782500494444,400.37272377802026,395.7475670202348,395.88330078125,76431500,0.0,0.0,0.0,52.38
2023-02-17 00:00:00-05:00,393.7306807016195,395.1366657696702,391.7817014424098,394.8942565917969,89257800,0.0,0.0,0.0,56.59
2023-02-21 00:00:00-05:00,390.82181039477337,391.8884168043037,386.7105597881842,386.97235107421875,82655900,0.0,0.0,0.0,43.01
2023-02-22 00:00:00-05:00,387.38928151695194,388.9504121435248,384.9651895305076,386.4390563964844,83742300,0.0,0.0,0.0,37.52
2023-02-23 00:00:00-05:00,389.3673571569208,389.98793892233294,384.21858803532103,388.49468994140625,96242400,0.0,0.0,0.0,32.18
2023-02-24 00:00:00-05:00,383.41379197815615,385.1882142813148,381.68783967804217,384.3446350097656,108194400,0.0,0.0,0.0,32.29
2023-02-27 00:00:00-05:00,387.7286326935627,389.1055298638057,384.70337084453803,385.65362548828125,80444700,0.0,0.0,0.0,36.22
2023-02-28 00:00:00-05:00,385.16875913942033,387.15650234267974,384.1215350354016,384.22821044921875,96438600,0.0,0.0,0.0,26.36
2023-03-01 00:00:00-05:00,383.4040947317888,384.6452286653994,381.4357331904151,382.7544250488281,99706800,0.0,0.0,0.0,28.51
2023-03-02 00:00:00-05:00,380.7569598063764,386.58448626417436,380.41758101862564,385.731201171875,85127800,0.0,0.0,0.0,37.29
2023-03-03 00:00:00-05:00,387.57352735400747,392.1696260301451,386.91418141429745,391.9175109863281,90120000,0.0,0.0,0.0,45.41
2023-03-06 00:00:00-05:00,392.751402243317,395.07855440341785,391.7430012043068,392.18902587890625,72795900,0.0,0.0,0.0,38.84
2023-03-07 00:00:00-05:00,392.14047423874524,392.38288340571194,385.55663297845956,386.17718505859375,108310600,0.0,0.0,0.0,33.46
2023-03-08 00:00:00-05:00,386.2936497909606,387.57354797999176,384.5482856570595,386.80755615234375,74746600,0.0,0.0,0.0,32.39
2023-03-09 00:00:00-05:00,387.60261205758303,389.2898002423228,378.67226525159236,379.6709899902344,111945300,0.0,0.0,0.0,31.18
2023-03-10 00:00:00-05:00,379.1182772501416,381.22240209446096,372.65081646253805,374.1925354003906,189253000,0.0,0.0,0.0,28.24
2023-03-13 00:00:00-04:00,370.2169812832957,378.5364806328997,369.0921991748916,373.6591796875,157790000,0.0,0.0,0.0,33.43
2023-03-14 00:00:00-04:00,378.64315157224377,381.5035918263972,375.2978929421976,379.8358154296875,149752400,0.0,0.0,0.0,42.79
2023-03-15 00:00:00-04:00,374.17318202831615,377.66385105078797,372.0593511848362,377.4602355957031,172996900,0.0,0.0,0.0,38.04
2023-03-16 00:00:00-04:00,375.07489019649023,384.43187880252935,374.5609839088498,384.0827941894531,143254200,0.0,0.0,0.0,49.73
2023-03-17 00:00:00-04:00,382.7357177577169,383.8842487131921,378.190219218341,379.5918273925781,140553400,1.506,0.0,0.0,44.15
2023-03-20 00:00:00-04:00,380.3802072336344,383.66037890552786,379.66969001087864,383.2418212890625,93055800,0.0,0.0,0.0,49.09
2023-03-21 00:00:00-04:00,386.64853084170437,388.7606860233749,385.03278722846005,388.2740173339844,91524200,0.0,0.0,0.0,54.79
2023-03-22 00:00:00-04:00,388.0988223305706,391.75855066289427,381.61639184687533,381.6553039550781,111746600,0.0,0.0,0.0,46.67
2023-03-23 00:00:00-04:00,384.5558945656442,388.64392379045967,379.9422844977912,382.6871032714844,119351300,0.0,0.0,0.0,41.77
2023-03-24 00:00:00-04:00,381.39255015572286,385.2859000303675,379.01760435587744,385.19830322265625,107682400,0.0,0.0,0.0,44.0
2023-03-27 00:00:00-04:00,387.5050627063962,388.28375041210535,385.0133214559245,385.91851806640625,74010400,0.0,0.0,0.0,49.76
2023-03-28 00:00:00-04:00,385.2176968024037,385.91850085433646,383.19316826565193,385.05224609375,62871700,0.0,0.0,0.0,48.35
2023-03-29 00:00:00-04:00,389.2668041746503,390.89229063940246,388.0501324717786,390.6489562988281,77497900,0.0,0.0,0.0,60.62
2023-03-30 00:00:00-04:00,393.31592649139174,393.5690037335665,391.0480633032695,392.93634033203125,69840000,0.0,0.0,0.0,69.32
2023-03-31 00:00:00-04:00,393.87074298003716,398.7763721310508,393.76366041263276,398.4746398925781,112062600,0.0,0.0,0.0,73.18
2023-04-03 00:00:00-04:00,397.94902738068726,400.40182709214633,397.5499554566975,399.9930419921875,67391100,0.0,0.0,0.0,70.63
2023-04-04 00:00:00-04:00,400.6451619231403,400.93718098449506,396.38193908091915,397.7738342285156,66601500,0.0,0.0,0.0,70.85
2023-04-05 00:00:00-04:00,397.0340930808493,397.8030380033646,395.05821919431185,396.73236083984375,65200200,0.0,0.0,0.0,64.67
2023-04-06 00:00:00-04:00,395.92447847594616,398.5622444497438,394.8635441807036,398.27996826171875,63743300,0.0,0.0,0.0,73.26
2023-04-10 00:00:00-04:00,395.76870848447066,398.7666043298066,395.14578799051924,398.688720703125,63681000,0.0,0.0,0.0,70.91
2023-04-11 00:00:00-04:00,399.32141740598786,400.21687119365475,398.01714883428133,398.7958068847656,59297900,0.0,0.0,0.0,66.43
2023-04-12 00:00:00-04:00,400.8884746417839,401.1804936873702,396.5765970407877,397.1703186035156,86420400,0.0,0.0,0.0,78.71
2023-04-13 00:00:00-04:00,398.2702053766501,402.8059613979246,397.1119314502093,402.4458312988281,85814800,0.0,0.0,0.0,81.6
2023-04-14 00:00:00-04:00,401.80341206988373,404.0226201667192,399.12673420421424,401.4627380371094,78161500,0.0,0.0,0.0,77.35
2023-04-17 00:00:00-04:00,401.37514293257703,402.92274584971403,400.1292722361705,402.9032897949219,66436400,0.0,0.0,0.0,77.88
2023-04-18 00:00:00-04:00,404.49951352874814,404.6357950124813,401.7741808930647,403.1660461425781,63560000,0.0,0.0,0.0,80.34
2023-04-19 00:00:00-04:00,401.2291709411652,404.0129018327114,401.1707730695874,403.0979919433594,55227300,0.0,0.0,0.0,75.59
2023-04-20 00:00:00-04:00,400.2460442637138,402.66967446923786,399.33110477637365,400.898193359375,75840400,0.0,0.0,0.0,66.43
2023-04-21 00:00:00-04:00,401.1999434000945,401.676869218609,399.23381255472265,401.2096862792969,73457400,0.0,0.0,0.0,57.19
2023-04-24 00:00:00-04:00,401.00528464032885,402.0565057155857,399.65236103720025,401.62823486328125,64332100,0.0,0.0,0.0,54.57
2023-04-25 00:00:00-04:00,399.63282557692713,400.1973778592541,395.19440975403614,395.2528076171875,97766700,0.0,0.0,0.0,44.29
2023-04-26 00:00:00-04:00,395.8757658951748,396.96589896825884,393.0141517263801,393.57867431640625,80447000,0.0,0.0,0.0,43.05
2023-04-27 00:00:00-04:00,396.14830384025987,401.68659577148844,395.8952266224853,401.4140625,92968400,0.0,0.0,0.0,55.41
2023-04-28 00:00:00-04:00,400.518589610738,404.8499528400004,400.4601917441596,404.8402099609375,89335600,0.0,0.0,0.0,59.61
2023-05-01 00:00:00-04:00,404.3924851893981,406.4851546297592,404.1978058305228,404.4314270019531,62122300,0.0,0.0,0.0,58.72
2023-05-02 00:00:00-04:00,403.71110325466196,403.75978794224466,396.94642680803423,399.8858947753906,103998500,0.0,0.0,0.0,53.85
2023-05-03 00:00:00-04:00,400.39205661662845,402.8351429837371,396.8977789324591,397.14111328125,91531800,0.0,0.0,0.0,41.89
2023-05-04 00:00:00-04:00,396.08018147546466,396.41111262734955,392.97523278984136,394.32818603515625,94901900,0.0,0.0,0.0,39.67
2023-05-05 00:00:00-04:00,398.00741837809966,402.6891691143394,397.74462796123623,401.62823486328125,87844000,0.0,0.0,0.0,48.42
2023-05-08 00:00:00-04:00,401.9591993693457,402.2219898080054,400.3142565738112,401.7353210449219,50046800,0.0,0.0,0.0,48.22
2023-05-09 00:00:00-04:00,400.1682206264883,401.102616238175,399.73994978281917,399.9735412597656,49220100,0.0,0.0,0.0,46.27
2023-05-10 00:00:00-04:00,402.8448825119293,403.4872887518615,397.9684526974755,401.84234619140625,96142900,0.0,0.0,0.0,51.14
2023-05-11 00:00:00-04:00,400.9663469272877,401.4335298607705,399.0391282149725,401.14154052734375,70157100,0.0,0.0,0.0,49.92
2023-05-12 00:00:00-04:00,402.39716035271437,402.6112957685378,398.1631367285106,400.6159362792969,70439400,0.0,0.0,0.0,48.8
2023-05-15 00:00:00-04:00,401.22919347024816,402.4069235517319,399.2922613117223,401.9981384277344,54289400,0.0,0.0,0.0,59.09
2023-05-16 00:00:00-04:00,400.8787350116399,401.81316032040905,399.30193314595533,399.3116760253906,57705500,0.0,0.0,0.0,57.52
2023-05-17 00:00:00-04:00,401.3556582189925,404.77205208484156,399.69125968414824,404.15887451171875,87287000,0.0,0.0,0.0,53.91
2023-05-18 00:00:00-04:00,403.83767854650284,408.48051692312157,403.6138299565358,408.05224609375,97177200,0.0,0.0,0.0,54.51
2023-05-19 00:00:00-04:00,408.9671868803819,409.50251056679645,406.222368293831,407.45849609375,103679700,0.0,0.0,0.0,54.23
2023-05-22 00:00:00-04:00,407.4779982453808,409.1813387574631,406.2223846365249,407.6239929199219,60745400,0.0,0.0,0.0,62.33
2023-05-23 00:00:00-04:00,405.95958598697865,407.55587372344837,402.65024447213256,403.04931640625,86383500,0.0,0.0,0.0,58.89
2023-05-24 00:00:00-04:00,401.4238278509022,401.81315687426667,398.95154251149256,400.1292724609375,89213700,0.0,0.0,0.0,58.7
2023-05-25 00:00:00-04:00,403.68198768020073,405.0641400082568,401.4141243612359,403.5943908691406,90961600,0.0,0.0,0.0,53.33
2023-05-26 00:00:00-04:00,404.25627253070303,409.55123119157537,404.1784185962364,408.82122802734375,93830000,0.0,0.0,0.0,60.24
2023-05-30 00:00:00-04:00,410.77754765718316,411.31287130121456,407.5752595597417,408.97686767578125,72216000,0.0,0.0,0.0,63.64
2023-05-31 00:00:00-04:00,407.127542821317,408.0424823004521,405.12247027016514,406.7090148925781,110811800,0.0,0.0,0.0,57.28
2023-06-01 00:00:00-04:00,406.9426220280753,411.6438582121454,405.6772953144276,410.57318115234375,88865000,0.0,0.0,0.0,62.9
2023-06-02 00:00:00-04:00,413.18170178424987,417.30864261013363,412.64637812757286,416.5105285644531,91366700,0.0,0.0,0.0,68.93
2023-06-05 00:00:00-04:00,416.8609639289879,418.1652325538747,415.00188582596144,415.7124328613281,65460200,0.0,0.0,0.0,66.56
2023-06-06 00:00:00-04:00,415.293890112602,417.15293844559983,414.6319980919554,416.61761474609375,64022200,0.0,0.0,0.0,71.84
2023-06-07 00:00:00-04:00,417.01665430992654,418.16518524765524,414.7487616627537,415.1770324707031,85373300,0.0,0.0,0.0,65.22
2023-06-08 00:00:00-04:00,415.2452070178747,418.1457632344052,414.4665489603408,417.68829345703125,61952800,0.0,0.0,0.0,63.83
2023-06-09 00:00:00-04:00,418.4961725304044,420.4720464169539,417.43523824687804,418.4377746582031,85742800,0.0,0.0,0.0,65.69
2023-06-12 00:00:00-04:00,419.4306081202979,422.31167880011793,418.7006049960801,422.2337951660156,76104300,0.0,0.0,0.0,68.92
2023-06-13 00:00:00-04:00,423.71318767682715,425.6695753916696,423.04158258394364,425.0174560546875,95899700,0.0,0.0,0.0,79.83
2023-06-14 00:00:00-04:00,425.358169888184,427.35349959785805,422.0293430418738,425.52362060546875,100612100,0.0,0.0,0.0,86.9
2023-06-15 00:00:00-04:00,424.69625879032725,432.0644294147375,424.59894882166896,430.7991027832031,110303100,0.0,0.0,0.0,87.56
2023-06-16 00:00:00-04:00,432.8097068830916,433.3861055747919,428.8530591628444,429.3317565917969,114121300,1.638,0.0,0.0,81.6
2023-06-20 00:00:00-04:00,427.36807493900125,428.266854946588,425.00383570919894,427.1042785644531,76160400,0.0,0.0,0.0,76.25
2023-06-21 00:00:00-04:00,426.1078078795827,426.9186657205313,424.3199672614879,424.9159240722656,76982300,0.0,0.0,0.0,76.42
2023-06-22 00:00:00-04:00,423.94874040657675,426.5571880614366,423.6068009145938,426.4497375488281,70637200,0.0,0.0,0.0,74.71
2023-06-23 00:00:00-04:00,422.9521929181988,425.0331072723741,422.5028029522913,423.2257385253906,92074500,0.0,0.0,0.0,61.42
2023-06-26 00:00:00-04:00,422.6493793538192,424.5935061786807,421.2523437943885,421.49658203125,72823600,0.0,0.0,0.0,59.53
2023-06-27 00:00:00-04:00,422.38558652832046,426.7427880550239,421.9264174790012,426.1175537109375,72813700,0.0,0.0,0.0,63.95
2023-06-28 00:00:00-04:00,425.0233763190897,427.3583082207874,424.39814192368516,426.33251953125,75636000,0.0,0.0,0.0,66.99
2023-06-29 00:00:00-04:00,425.912404994794,428.1789430222069,425.50210144669927,428.0128479003906,67882300,0.0,0.0,0.0,66.13
2023-06-30 00:00:00-04:00,431.26616116810976,434.0602326087221,430.9437499623521,433.0637512207031,104921500,0.0,0.0,0.0,70.15
2023-07-03 00:00:00-04:00,432.71200640177057,433.84524556804314,432.42868170308367,433.56195068359375,32793400,0.0,0.0,0.0,67.16
2023-07-05 00:00:00-04:00,431.72532190800695,433.6596996622329,431.71554283704035,432.9172058105469,58418400,0.0,0.0,0.0,62.8
2023-07-06 00:00:00-04:00,429.29270146449466,429.95702235075805,426.9870768752562,429.52716064453125,80658300,0.0,0.0,0.0,55.93
2023-07-07 00:00:00-04:00,428.5208609172789,432.43845163821334,428.1984497600781,428.44268798828125,86076100,0.0,0.0,0.0,46.01
2023-07-10 00:00:00-04:00,428.08125946774646,429.7030050295587,427.50486077399677,429.52716064453125,62443500,0.0,0.0,0.0,50.33
2023-07-11 00:00:00-04:00,430.2989485591981,432.76085931617644,429.3122165166555,432.2626037597656,64463800,0.0,0.0,0.0,58.69
2023-07-12 00:00:00-04:00,436.10203718252853,437.16691230938363,434.6561360982524,435.74053955078125,91924500,0.0,0.0,0.0,67.48
2023-07-13 00:00:00-04:00,437.5772291022,440.0000831998298,437.137618154442,439.198974609375,72425200,0.0,0.0,0.0,69.38
2023-07-14 00:00:00-04:00,440.0977704910173,440.9574640329814,438.15361386962167,438.9254150390625,69761800,0.0,0.0,0.0,76.22
2023-07-17 00:00:00-04:00,438.77891210166564,441.51436861612706,438.7300465624046,440.4494934082031,52680200,0.0,0.0,0.0,81.87
2023-07-18 00:00:00-04:00,440.1173310466819,444.3768318598502,439.67769026644436,443.7222900390625,80744400,0.0,0.0,0.0,81.0
2023-07-19 00:00:00-04:00,444.5233609336981,445.9106173943114,443.6440794478523,444.708984375,65891700,0.0,0.0,0.0,81.51
2023-07-20 00:00:00-04:00,443.70276272523813,444.61132187128146,441.0356702684686,441.75860595703125,70591600,0.0,0.0,0.0,72.58
2023-07-21 00:00:00-04:00,443.4975811263975,443.70276272523813,441.7488567005911,441.75860595703125,71245400,0.0,0.0,0.0,67.13
2023-07-24 00:00:00-04:00,442.92116799428237,444.5526925899651,441.87582114974117,443.7320556640625,54023400,0.0,0.0,0.0,68.93
2023-07-25 00:00:00-04:00,443.4584627711618,446.21344722377455,443.40959723880064,444.94342041015625,55191200,0.0,0.0,0.0,71.93
2023-07-26 00:00:00-04:00,443.9958014202504,446.4577120825388,442.93092629914895,445.0118408203125,71052900,0.0,0.0,0.0,82.12
2023-07-27 00:00:00-04:00,448.44093347127927,448.8512668295463,441.14309372438333,442.0614318847656,92194400,0.0,0.0,0.0,76.22
2023-07-28 00:00:00-04:00,445.3733038725234,447.22950846573076,442.0614191485181,446.38934326171875,80011800,0.0,0.0,0.0,78.86
2023-07-31 00:00:00-04:00,446.8680719401756,447.60078668465394,445.5394003667837,447.23931884765625,62040400,0.0,0.0,0.0,77.4
2023-08-01 00:00:00-04:00,445.75432158355653,446.7117462287747,444.9922994583383,445.9595031738281,55291500,0.0,0.0,0.0,70.33
2023-08-02 00:00:00-04:00,442.8038865114652,443.0676530521586,438.9937762969384,439.75579833984375,93933400,0.0,0.0,0.0,51.0
2023-08-03 00:00:00-04:00,437.7140244875459,440.4006452008389,437.05945286822384,438.4955749511719,64276100,0.0,0.0,0.0,49.26
2023-08-04 00:00:00-04:00,440.33224935749195,442.46199970340473,435.9847966607325,436.5123596191406,100052300,0.0,0.0,0.0,43.29
2023-08-07 00:00:00-04:00,438.3685732437601,440.47879530609856,437.6651658896473,440.3224792480469,58357500,0.0,0.0,0.0,44.31
2023-08-08 00:00:00-04:00,437.75308218770624,440.31272406281704,435.00784667378764,438.40765380859375,71361300,0.0,0.0,0.0,39.77
2023-08-09 00:00:00-04:00,438.6811805966212,438.847275715875,434.7049749469342,435.4767761230469,78789600,0.0,0.0,0.0,39.79
2023-08-10 00:00:00-04:00,437.86050798552606,441.2896220903451,434.4509520191639,435.633056640625,93005500,0.0,0.0,0.0,40.09
2023-08-11 00:00:00-04:00,433.7378155053105,436.40490787249684,433.13210942829295,435.37908935546875,68664600,0.0,0.0,0.0,35.7
2023-08-14 00:00:00-04:00,434.4509957738728,437.7823791503906,434.1383636694306,437.7823791503906,47867400,0.0,0.0,0.0,38.22
2023-08-15 00:00:00-04:00,435.9848154360973,436.3463130990624,432.10631073692446,432.6827392578125,75707500,0.0,0.0,0.0,32.6
2023-08-16 00:00:00-04:00,432.2626141839306,433.9429745293161,429.4001490615862,429.50762939453125,80107200,0.0,0.0,0.0,32.39
2023-08-17 00:00:00-04:00,430.99261996212766,431.2563865579149,425.7073002754339,426.23486328125,95711300,0.0,0.0,0.0,20.87
2023-08-18 00:00:00-04:00,423.3821043537296,427.48531875841724,423.03041559493624,426.4399719238281,98758400,0.0,0.0,0.0,19.37
2023-08-21 00:00:00-04:00,427.46578431087676,429.9667816706024,425.28719814548714,429.21453857421875,68719000,0.0,0.0,0.0,26.38
2023-08-22 00:00:00-04:00,431.0120765171459,431.0120765171459,427.4852908323814,428.0519104003906,65062900,0.0,0.0,0.0,30.75
2023-08-23 00:00:00-04:00,429.12660735980415,433.4447527592997,428.9800703719316,432.8194885253906,68441000,0.0,0.0,0.0,41.63
2023-08-24 00:00:00-04:00,434.44123594864834,434.9590198508384,426.79167719235727,426.8210144042969,88517300,0.0,0.0,0.0,37.22
2023-08-25 00:00:00-04:00,428.56970893060037,431.12932086531316,424.9745292637403,429.8299865722656,102325100,0.0,0.0,0.0,35.87
2023-08-28 00:00:00-04:00,432.04769045034504,433.18095952187946,429.83001784641607,432.55572509765625,61595400,0.0,0.0,0.0,42.29
2023-08-29 00:00:00-04:00,432.4482236833527,439.09152172911735,432.26260023499714,438.8081970214844,83081900,0.0,0.0,0.0,54.04
2023-08-30 00:00:00-04:00,439.1500797761158,441.2603014840297,438.4368934712088,440.6155090332031,69053900,0.0,0.0,0.0,55.81
2023-08-31 00:00:00-04:00,441.2407910612769,442.39358837943115,439.7851407157134,439.97076416015625,66084600,0.0,0.0,0.0,55.3
2023-09-01 00:00:00-04:00,442.725789964758,443.2142664491309,439.31620383015326,440.7914123535156,58875700,0.0,0.0,0.0,53.61
2023-09-05 00:00:00-04:00,440.34206338946865,440.66444478094576,438.81801900127607,438.8863830566406,55166200,0.0,0.0,0.0,58.05
2023-09-06 00:00:00-04:00,438.06569386474473,438.1731741919241,433.5814834321753,435.9359436035156,70758500,0.0,0.0,0.0,58.39
2023-09-07 00:00:00-04:00,432.89764613832205,435.2814139349752,432.5459573556555,434.5975646972656,70355400,0.0,0.0,0.0,61.5
2023-09-08 00:00:00-04:00,434.6463386508432,436.8053962088949,434.28487084861695,435.2520446777344,61659700,0.0,0.0,0.0,61.97
2023-09-11 00:00:00-04:00,437.90938140223244,438.4271652739135,436.1801854113515,438.11456298828125,60180100,0.0,0.0,0.0,62.06
2023-09-12 00:00:00-04:00,436.64910840377746,438.1926808598179,435.1250642725145,435.7112121582031,67565400,0.0,0.0,0.0,60.04
2023-09-13 00:00:00-04:00,435.9359135991734,437.391563844118,434.8221730095013,436.21923828125,60199300,0.0,0.0,0.0,55.02
2023-09-14 00:00:00-04:00,438.72025147697605,440.68390655699557,437.4013590825387,439.9804992675781,83430800,0.0,0.0,0.0,70.79
2023-09-15 00:00:00-04:00,438.3756585887244,438.70899068528865,434.23837327815903,434.6795349121094,111761400,1.583,0.0,0.0,57.15
2023-09-18 00:00:00-04:00,434.36580002145035,436.2481794178346,433.8854140469078,434.9344482421875,55752200,0.0,0.0,0.0,53.78
2023-09-19 00:00:00-04:00,434.00302941183014,434.6010883699413,431.3167456810257,434.0324401855469,66514600,0.0,0.0,0.0,40.86
2023-09-20 00:00:00-04:00,435.30697422741883,435.7285386212781,429.83633099394905,430.042236328125,82562600,0.0,0.0,0.0,31.32
2023-09-21 00:00:00-04:00,427.1598433404442,427.4245402914484,422.777458746294,422.934326171875,103976100,0.0,0.0,0.0,25.49
2023-09-22 00:00:00-04:00,423.97354611264154,425.5911984276143,421.5617431069273,421.98333740234375,100829700,0.0,0.0,0.0,23.05
2023-09-25 00:00:00-04:00,420.7578549675111,423.797067953463,420.3166634466325,423.75787353515625,70874500,0.0,0.0,0.0,28.24
2023-09-26 00:00:00-04:00,420.6793904313852,421.3950924504434,416.68915944297646,417.5323181152344,96168400,0.0,0.0,0.0,25.81
2023-09-27 00:00:00-04:00,418.71859792881037,419.28724609363877,414.01269477963615,417.698974609375,104705800,0.0,0.0,0.0,27.08
2023-09-28 00:00:00-04:00,417.14021378994175,421.8167066581407,416.5421547895231,420.12060546875,92258300,0.0,0.0,0.0,30.42
2023-09-29 00:00:00-04:00,423.2088877585555,423.38535241385364,417.5617794337687,419.10101318359375,115078500,0.0,0.0,0.0,24.16
2023-10-02 00:00:00-04:00,418.2578484168517,420.1990493555368,416.1401828253966,418.934326171875,83798600,0.0,0.0,0.0,25.72
2023-10-03 00:00:00-04:00,416.7284017851677,418.9931211100854,411.9440498179188,413.326416015625,103760600,0.0,0.0,0.0,21.13
2023-10-04 00:00:00-04:00,413.7970431891139,417.0911697072469,412.3166310172953,416.3362731933594,87453000,0.0,0.0,0.0,19.61
2023-10-05 00:00:00-04:00,416.0421426081668,417.03235526122285,412.9146970434068,416.1794128417969,70142700,0.0,0.0,0.0,22.6
2023-10-06 00:00:00-04:00,413.69897767073206,422.6794363277748,412.3558357939285,421.12060546875,113202700,0.0,0.0,0.0,32.03
2023-10-09 00:00:00-04:00,419.1990103831098,424.39514327184617,418.6402056663584,423.81671142578125,80374400,0.0,0.0,0.0,37.31
2023-10-10 00:00:00-04:00,424.45396905428936,428.6500758108276,424.05200185161056,426.0226135253906,78607300,0.0,0.0,0.0,44.77
2023-10-11 00:00:00-04:00,427.1010665239066,428.02261412667553,424.6892632623498,427.7677307128906,62451700,0.0,0.0,0.0,57.3
2023-10-12 00:00:00-04:00,428.38534154261254,428.7676815824962,422.77745824223615,425.1598205566406,81154200,0.0,0.0,0.0,54.57
2023-10-13 00:00:00-04:00,426.67944726394114,427.89516238865644,421.4539336745702,423.04217529296875,95143100,0.0,0.0,0.0,48.98
2023-10-16 00:00:00-04:00,425.3166772093143,428.5716088851418,425.07157747323214,427.4931640625,75433200,0.0,0.0,0.0,64.95
2023-10-17 00:00:00-04:00,424.3264992869723,429.5520428410279,423.97356999956037,427.47357177734375,75324700,0.0,0.0,0.0,64.74
2023-10-18 00:00:00-04:00,425.6794340001902,426.6500194127167,420.6793932361585,421.7774353027344,93559800,0.0,0.0,0.0,52.27
2023-10-19 00:00:00-04:00,422.50298661762525,424.3363280716047,417.3853023307637,418.0715637207031,121323000,0.0,0.0,0.0,48.68
2023-10-20 00:00:00-04:00,417.630384814372,418.1794058713674,412.826405686557,412.93426513671875,123845800,0.0,0.0,0.0,43.2
2023-10-23 00:00:00-04:00,411.3852217369332,416.1303793610577,409.61070188998167,412.21856689453125,92035100,0.0,0.0,0.0,48.59
2023-10-24 00:00:00-04:00,414.365675158254,416.4931543776335,412.493109280024,415.32647705078125,78564200,0.0,0.0,0.0,48.72
2023-10-25 00:00:00-04:00,413.62058951480907,413.65000029095137,408.8460207787309,409.3656311035156,94223200,0.0,0.0,0.0,42.45
2023-10-26 00:00:00-04:00,408.2871725369038,409.1498985183066,403.5322314377385,404.4635925292969,115156800,0.0,0.0,0.0,31.52
2023-10-27 00:00:00-04:00,406.0714898223282,406.4734570280164,401.1890917233159,402.6302795410156,107367700,0.0,0.0,0.0,26.04
2023-10-30 00:00:00-04:00,405.45379155188186,408.51263152033846,404.1400605356551,407.4440002441406,86562700,0.0,0.0,0.0,30.16
2023-10-31 00:00:00-04:00,408.02247391880456,410.32641769542846,406.0910865723673,410.0028991699219,79665200,0.0,0.0,0.0,31.35
2023-11-01 00:00:00-04:00,410.9832552282938,415.19895878061965,410.4440178496649,414.37542724609375,98068100,0.0,0.0,0.0,39.08
2023-11-02 00:00:00-04:00,418.218620589393,422.4735788667373,418.1990233790504,422.31671142578125,94938900,0.0,0.0,0.0,49.34
2023-11-03 00:00:00-04:00,424.6500407220308,427.738291613609,424.52258406387557,426.1696472167969,100110800,0.0,0.0,0.0,48.79
2023-11-06 00:00:00-05:00,426.93433544652163,427.60099955732,425.17941293423013,427.1500244140625,67831700,0.0,0.0,0.0,49.71
2023-11-07 00:00:00-05:00,427.15006791628076,429.01282014234994,425.9932042086531,428.3657531738281,64256100,0.0,0.0,0.0,56.45
2023-11-08 00:00:00-05:00,428.97358161682587,429.50300546800065,426.3461194092833,428.6794738769531,61746000,0.0,0.0,0.0,61.12
2023-11-09 00:00:00-05:00,429.8363315850034,429.87555592291034,424.904925752171,425.3363037109375,83174400,0.0,0.0,0.0,63.51
2023-11-10 00:00:00-05:00,427.4343195240249,432.28727608572865,425.32643797159824,431.9735412597656,89462200,0.0,0.0,0.0,69.06
2023-11-13 00:00:00-05:00,430.6206539716291,432.6794678903552,429.8265331928285,431.56182861328125,52236100,0.0,0.0,0.0,66.52
2023-11-14 00:00:00-05:00,437.5717438003563,441.2384269465209,437.346241231058,439.93450927734375,97176900,0.0,0.0,0.0,79.65
2023-11-15 00:00:00-05:00,441.2874091441976,442.532535106178,440.0030887615571,440.8658447265625,77327600,0.0,0.0,0.0,88.25
2023-11-16 00:00:00-05:00,440.41484723392745,441.7285783252467,439.33640233227624,441.4050598144531,66665800,0.0,0.0,0.0,91.89
2023-11-17 00:00:00-05:00,441.4148336463822,442.57172719847307,440.48347255338206,441.9540710449219,83133200,0.0,0.0,0.0,91.06
2023-11-20 00:00:00-05:00,441.6991798980999,446.2090214823546,441.68936633345487,445.3560791015625,69936200,0.0,0.0,0.0,91.24
2023-11-21 00:00:00-05:00,444.2972046934265,445.2285956966268,443.1011167353494,444.38543701171875,49244600,0.0,0.0,0.0,88.02
2023-11-22 00:00:00-05:00,446.0619408364875,447.4344934312076,444.9933095334768,446.10113525390625,59394900,0.0,0.0,0.0,85.78
2023-11-24 00:00:00-05:00,446.1501682535509,446.57173263169045,445.81683619273804,446.3756408691406,29737400,0.0,0.0,0.0,84.07
2023-11-27 00:00:00-05:00,445.7383979007583,446.56192946772256,445.17956329193873,445.5717468261719,50506000,0.0,0.0,0.0,81.24
2023-11-28 00:00:00-05:00,445.1795638034484,447.32664000240914,444.61094554920174,446.0129089355469,62115000,0.0,0.0,0.0,80.74
2023-11-29 00:00:00-05:00,448.189410143627,449.33649017214634,445.2972509595893,445.6991882324219,63146000,0.0,0.0,0.0,79.64
2023-11-30 00:00:00-05:00,446.5521512294108,447.80706076370257,444.4540829895932,447.4541015625,79752700,0.0,0.0,0.0,90.78
2023-12-01 00:00:00-05:00,446.8364810922008,450.64043433670565,446.2384520104707,450.1012268066406,89097900,0.0,0.0,0.0,89.19
2023-12-04 00:00:00-05:00,446.6698024892576,450.12079629179925,445.43449014156994,447.7384338378906,72430900,0.0,0.0,0.0,82.25
2023-12-05 00:00:00-05:00,446.33647639663644,448.6207929946436,445.954106409832,447.65020751953125,69793500,0.0,0.0,0.0,72.97
2023-12-06 00:00:00-05:00,449.8168563668903,449.8462671396938,445.4050609299513,445.84625244140625,69124700,0.0,0.0,0.0,64.1
2023-12-07 00:00:00-05:00,447.954096161756,449.9050805343139,447.3462535885612,449.24822998046875,66995400,0.0,0.0,0.0,69.1
2023-12-08 00:00:00-05:00,448.4933128912231,451.71883394074496,448.2482131441039,451.17962646484375,83080900,0.0,0.0,0.0,71.05
2023-12-11 00:00:00-05:00,450.67960362057033,453.1110038301833,450.4639146510127,452.93450927734375,65002200,0.0,0.0,0.0,68.7
2023-12-12 00:00:00-05:00,452.5816174993822,455.1012502344239,451.5718076763078,455.0032043457031,68327600,0.0,0.0,0.0,74.85
2023-12-13 00:00:00-05:00,455.3855327740707,461.5326537987916,455.02278992254185,461.2777404785156,93278000,0.0,0.0,0.0,79.27
2023-12-14 00:00:00-05:00,463.23853413603206,464.4444356942921,460.0522373403874,462.7581481933594,119026000,0.0,0.0,0.0,80.2
2023-12-15 00:00:00-05:00,462.15371925824917,463.3448333750126,460.12591131096633,461.9962158203125,141319300,1.906,0.0,0.0,80.32
2023-12-18 00:00:00-05:00,463.6204805669363,465.58922858066205,462.547516504341,464.5950012207031,70375300,0.0,0.0,0.0,81.77
2023-12-19 00:00:00-05:00,465.14620364597755,467.4988717162607,465.0674669508934,467.42010498046875,55761800,0.0,0.0,0.0,84.2
2023-12-20 00:00:00-05:00,466.553845335722,468.46353310540064,460.5098052095539,460.94293212890625,102921000,0.0,0.0,0.0,68.49
2023-12-21 00:00:00-05:00,463.9649201695842,465.58916107798865,461.51383886088905,465.31353759765625,86667500,0.0,0.0,0.0,69.91
2023-12-22 00:00:00-05:00,466.4554283810848,467.9516960202922,464.3292070719011,466.24871826171875,67126600,0.0,0.0,0.0,75.17
2023-12-26 00:00:00-05:00,466.66214020597357,469.13289825788524,466.58337347147733,468.2174377441406,55387000,0.0,0.0,0.0,76.6
2023-12-27 00:00:00-05:00,468.01073857552973,469.2116759586534,467.46934493622075,469.06402587890625,68000300,0.0,0.0,0.0,80.8
2023-12-28 00:00:00-05:00,469.42824438739393,470.08775809747596,468.81793735751205,469.2412109375,77158100,0.0,0.0,0.0,79.0
2023-12-29 00:00:00-05:00,469.04433603914117,469.5759063860518,465.90418072054433,467.8827819824219,122234100,0.0,0.0,0.0,74.64
2024-01-02 00:00:00-05:00,464.78200963737714,466.26842392066214,463.1380919165969,465.26434326171875,123623700,0.0,0.0,0.0,67.73
2024-01-03 00:00:00-05:00,463.0790182601264,463.8271520560434,460.85435361763393,461.46466064453125,103585900,0.0,0.0,0.0,58.85
2024-01-04 00:00:00-05:00,460.9822915436243,463.6007297576686,459.75182415210196,459.9782409667969,84232200,0.0,0.0,0.0,47.95
2024-01-05 00:00:00-05:00,460.1849727336451,463.0888879305801,459.1415387397865,460.6082763671875,86060800,0.0,0.0,0.0,46.52
2024-01-08 00:00:00-05:00,461.1102681043068,467.3315184880514,460.9822946882023,467.1838684082031,74879100,0.0,0.0,0.0,57.07
2024-01-09 00:00:00-05:00,464.4965573266513,467.50873938124835,463.9846936582732,466.47515869140625,65931400,0.0,0.0,0.0,52.7
2024-01-10 00:00:00-05:00,466.75072887892895,469.9893273994707,466.4652520384575,469.11322021484375,67310600,0.0,0.0,0.0,52.45
2024-01-11 00:00:00-05:00,470.12713871081326,470.6488556888523,464.88043891433455,468.9065246582031,77940700,0.0,0.0,0.0,64.06
2024-01-12 00:00:00-05:00,470.3732311137583,471.12136490723475,467.8040295978058,469.2313537597656,57944000,0.0,0.0,0.0,58.07
2024-01-16 00:00:00-05:00,467.8335577253936,469.1624384816832,465.66792309023396,467.5086975097656,85014900,0.0,0.0,0.0,52.51
2024-01-17 00:00:00-05:00,464.4473466816844,465.40219066082915,462.5278053703932,464.9100036621094,68843900,0.0,0.0,0.0,43.56
2024-01-18 00:00:00-05:00,466.60308346955065,469.60541185803214,465.03793256834524,469.0443115234375,91856200,0.0,0.0,0.0,49.97
2024-01-19 00:00:00-05:00,470.18620380449687,475.17698686216823,469.0935631567449,474.8915100097656,110733300,0.0,0.0,0.0,58.15
2024-01-22 00:00:00-05:00,476.44681582246477,477.6378998172432,475.2360251238459,475.89556884765625,75844900,0.0,0.0,0.0,61.68
2024-01-23 00:00:00-05:00,476.44684499370544,477.52963230577734,475.3443509765863,477.2835388183594,49945300,0.0,0.0,0.0,68.18
2024-01-24 00:00:00-05:00,480.1874353770752,481.1324259207397,477.3032270260809,477.8052673339844,81765000,0.0,0.0,0.0,77.43
2024-01-25 00:00:00-05:00,479.96104191877174,480.67964572380765,477.80529058508233,480.4040222167969,72525000,0.0,0.0,0.0,83.05
2024-01-26 00:00:00-05:00,479.9708812696327,481.4769721819895,478.9373006586713,479.793701171875,76641600,0.0,0.0,0.0,81.06
2024-01-29 00:00:00-05:00,480.1086913075253,483.74103338851074,479.55744432879595,483.5933532714844,61322800,0.0,0.0,0.0,79.19
2024-01-30 00:00:00-05:00,482.89446961636054,483.9379035722461,482.45148933440373,483.2193298339844,58618400,0.0,0.0,0.0,80.15
2024-01-31 00:00:00-05:00,480.9848000978878,481.4376037086251,475.3147964685509,475.3345031738281,126011100,0.0,0.0,0.0,59.42
2024-02-01 00:00:00-05:00,477.0571593861526,481.5852856325511,476.24011217253945,481.5557556152344,91891600,0.0,0.0,0.0,66.2
2024-02-02 00:00:00-05:00,481.9987050154295,488.29869237101855,481.65416812020857,486.6252746582031,99147700,0.0,0.0,0.0,69.87
2024-02-05 00:00:00-05:00,485.9854170794442,486.65478413631985,482.56963837008004,484.8533630371094,75757100,0.0,0.0,0.0,69.79
2024-02-06 00:00:00-05:00,485.8082137237433,486.59573089639076,484.3611828372563,486.26104736328125,55918600,0.0,0.0,0.0,75.04
2024-02-07 00:00:00-05:00,488.5349664241499,490.7399545059153,487.6194758002834,490.3166809082031,70556500,0.0,0.0,0.0,74.99
2024-02-08 00:00:00-05:00,490.316670172096,490.91712386165034,489.48979965953936,490.5332336425781,52343600,0.0,0.0,0.0,71.18
2024-02-09 00:00:00-05:00,491.04505663079715,493.8111447961844,490.70051976891017,493.3681945800781,63979400,0.0,0.0,0.0,72.54
2024-02-12 00:00:00-05:00,493.33870581706736,495.63228390301646,492.4232152124845,493.15167236328125,56502300,0.0,0.0,0.0,71.11
2024-02-13 00:00:00-05:00,486.8024468452015,489.3224417464559,483.05198451010375,486.3594665527344,113099200,0.0,0.0,0.0,59.75
2024-02-14 00:00:00-05:00,489.02717337207577,491.27154491569246,486.67450506607145,490.77935791015625,68387800,0.0,0.0,0.0,61.36
2024-02-15 00:00:00-05:00,491.4880899675745,494.3526218372526,491.00572629255566,494.16558837890625,61683000,0.0,0.0,0.0,64.83
2024-02-16 00:00:00-05:00,493.86043227431986,495.01213299527757,490.9565170494229,491.70465087890625,75461200,0.0,0.0,0.0,58.61
2024-02-20 00:00:00-05:00,489.9425796457356,490.62180004128993,486.7236878012401,488.9975891113281,71736700,0.0,0.0,0.0,55.84
2024-02-21 00:00:00-05:00,487.678574465774,489.5980857183923,485.84762322650084,489.4405822753906,59603800,0.0,0.0,0.0,66.79
2024-02-22 00:00:00-05:00,496.13433813189937,500.5443143261037,495.15978746625774,499.5697937011719,76402500,0.0,0.0,0.0,69.62
2024-02-23 00:00:00-05:00,501.3121007992168,502.15867800066263,499.17602619270855,499.914306640625,61321800,0.0,0.0,0.0,66.13
2024-02-26 00:00:00-05:00,500.3572754842892,500.8002557857889,497.9554006011949,498.0833740234375,50386700,0.0,0.0,0.0,66.04
2024-02-27 00:00:00-05:00,498.78228021530845,499.23508380977466,496.86273904372996,499.0086669921875,48854500,0.0,0.0,0.0,65.64
2024-02-28 00:00:00-05:00,497.433661032477,498.9397519322539,497.06944748767006,498.3491516113281,56506600,0.0,0.0,0.0,60.75
2024-02-29 00:00:00-05:00,500.13092375763483,501.77481157521055,497.4534251776723,500.1407470703125,83924800,0.0,0.0,0.0,62.34
2024-03-01 00:00:00-05:00,501.0266891095606,505.26930860368725,500.6132388118338,504.836181640625,76805900,0.0,0.0,0.0,64.05
2024-03-04 00:00:00-05:00,504.02899867093646,506.1650732188317,503.99943861475094,504.29473876953125,49799300,0.0,0.0,0.0,63.55
2024-03-05 00:00:00-05:00,502.26694255347593,502.71977618889395,497.02024274409166,499.2547607421875,72855600,0.0,0.0,0.0,66.37
2024-03-06 00:00:00-05:00,502.57209405521513,504.06836164328706,500.4754028347389,501.78460693359375,68382400,0.0,0.0,0.0,64.68
2024-03-07 00:00:00-05:00,505.12170666700604,507.8287352628679,501.84372430812766,506.7655944824219,58652100,0.0,0.0,0.0,66.12
2024-03-08 00:00:00-05:00,507.40542549133613,510.1222471656115,503.1430694012387,503.7238464355469,86425500,0.0,0.0,0.0,65.15
2024-03-11 00:00:00-04:00,502.50322330785735,503.8813408255942,500.5541520780311,503.29071044921875,62557200,0.0,0.0,0.0,69.12
2024-03-12 00:00:00-04:00,505.4268213599131,509.29540380974066,502.8772663697994,508.7048034667969,73114400,0.0,0.0,0.0,72.74
2024-03-13 00:00:00-04:00,509.02957983096877,509.2067599255734,506.45052498492004,507.9073791503906,55104100,0.0,0.0,0.0,62.62
2024-03-14 00:00:00-04:00,508.8918065234025,509.04934001165503,503.8223163867579,506.9034118652344,110171800,0.0,0.0,0.0,60.37
2024-03-15 00:00:00-04:00,503.79789760629797,505.26919243547775,501.7341674193777,503.42266845703125,107585800,1.595,0.0,0.0,57.56
2024-03-18 00:00:00-04:00,507.54029931814756,509.0016801159966,505.99990704611594,506.41461181640625,88893300,0.0,0.0,0.0,59.9
2024-03-19 00:00:00-04:00,505.7135636183011,509.5151545205673,504.69647924551435,509.22882080078125,60755300,0.0,0.0,0.0,63.75
2024-03-20 00:00:00-04:00,509.28813480299243,514.0771588378656,508.6068038936994,513.9389038085938,69594600,0.0,0.0,0.0,66.24
2024-03-21 00:00:00-04:00,516.8121928139245,517.5231151231584,515.3507520648052,515.6371459960938,60256100,0.0,0.0,0.0,63.68
2024-03-22 00:00:00-04:00,515.5483209766468,516.0420371815087,514.4226335652195,514.65966796875,79023000,0.0,0.0,0.0,62.98
2024-03-25 00:00:00-04:00,513.2673846033686,514.4029560483432,513.0797700238013,513.23779296875,48512100,0.0,0.0,0.0,69.26
2024-03-26 00:00:00-04:00,514.679364426303,515.0250019230342,511.8849741606643,512.289794921875,65463700,0.0,0.0,0.0,65.13
2024-03-27 00:00:00-04:00,515.1534188944993,516.6345676089135,512.9612874577568,516.5950317382812,82999800,0.0,0.0,0.0,64.44
2024-03-28 00:00:00-04:00,516.6345929084168,518.0169622820405,516.2100041549976,516.496337890625,96294900,0.0,0.0,0.0,70.54
2024-04-01 00:00:00-04:00,517.246711689566,517.7897874357077,514.4226093270697,515.59765625,62477500,0.0,0.0,0.0,69.5
2024-04-02 00:00:00-04:00,511.72696240109013,512.4576527414321,509.9890717169841,512.3194580078125,74230300,0.0,0.0,0.0,56.14
2024-04-03 00:00:00-04:00,511.21349992961393,514.4029477306854,511.1641403606512,512.8822631835938,59155800,0.0,0.0,0.0,58.52
2024-04-04 00:00:00-04:00,516.940660005626,517.286237258894,506.31587710832724,506.6219787597656,96858100,0.0,0.0,0.0,49.59
2024-04-05 00:00:00-04:00,507.99450352753723,513.8993301021636,507.55014688576046,511.9145812988281,74482100,0.0,0.0,0.0,61.71
2024-04-08 00:00:00-04:00,512.6256378064048,513.6426620041401,511.38146313748365,512.2009887695312,48401800,0.0,0.0,0.0,58.62
2024-04-09 00:00:00-04:00,513.9585589840982,514.2054170815929,507.8858256784909,512.7933959960938,68124400,0.0,0.0,0.0,55.69
2024-04-10 00:00:00-04:00,507.02675074681866,509.67306224894617,505.65426556523977,507.6587219238281,82652800,0.0,0.0,0.0,40.11
2024-04-11 00:00:00-04:00,509.1991398026987,512.9513709206839,505.6444072210478,511.489990234375,70099000,0.0,0.0,0.0,43.88
2024-04-12 00:00:00-04:00,507.9056219639592,509.33741106297106,502.68209589185415,504.42987060546875,92469100,0.0,0.0,0.0,37.2
2024-04-15 00:00:00-04:00,508.6560925817605,508.82393922642535,497.25122948428464,498.1103210449219,92101400,0.0,0.0,0.0,33.14
2024-04-16 00:00:00-04:00,498.594157187507,500.13454944041007,495.89845567790263,497.2018737792969,73484000,0.0,0.0,0.0,33.17
2024-04-17 00:00:00-04:00,499.6901864139846,499.8580631918657,492.8472866698088,494.2593078613281,75910300,0.0,0.0,0.0,24.31
2024-04-18 00:00:00-04:00,495.6713540683197,497.79432781744384,492.29432181692374,493.24224853515625,74548100,0.0,0.0,0.0,23.8
2024-04-19 00:00:00-04:00,493.16325180181735,494.17042202511874,487.6533620058756,488.9370422363281,102129100,0.0,0.0,0.0,22.11
2024-04-22 00:00:00-04:00,491.5734660539285,496.0663016240086,489.20363428399787,493.4397277832031,67961000,0.0,0.0,0.0,30.74
2024-04-23 00:00:00-04:00,495.473837893942,499.7296692081934,493.2521149516696,499.2951965332031,64633600,0.0,0.0,0.0,37.49
2024-04-24 00:00:00-04:00,500.1937688055625,500.99358666230006,496.80688280638515,499.0582275390625,55928100,0.0,0.0,0.0,42.17
2024-04-25 00:00:00-04:00,492.9065523325366,497.9325801844269,491.2377889825436,497.1623840332031,69122400,0.0,0.0,0.0,33.57
2024-04-26 00:00:00-04:00,499.98643689086055,503.47207230236467,499.34461181258143,501.8724365234375,64306100,0.0,0.0,0.0,39.53
2024-04-29 00:00:00-04:00,503.679402040825,504.33111105739584,500.87509756997366,503.6497802734375,46415400,0.0,0.0,0.0,40.95
2024-04-30 00:00:00-04:00,502.16864851695937,503.15608097513086,495.6713562011719,495.6713562011719,77483600,0.0,0.0,0.0,38.76
2024-05-01 00:00:00-04:00,495.07885224325616,501.80326435034846,493.587819704341,494.0617980957031,80242800,0.0,0.0,0.0,32.95
2024-05-02 00:00:00-04:00,497.81403806563185,499.5321909315141,493.27184300217647,498.6829833984375,62550200,0.0,0.0,0.0,44.1
2024-05-03 00:00:00-04:00,504.73597832437986,506.1084937698732,502.1686479094306,504.8643493652344,72756700,0.0,0.0,0.0,56.96
2024-05-06 00:00:00-04:00,507.2934664576038,510.11750905227456,506.8491097618313,510.0780334472656,47264700,0.0,0.0,0.0,62.18
2024-05-07 00:00:00-04:00,511.0554822979131,512.0527986097068,509.9594468588099,510.6407775878906,52561300,0.0,0.0,0.0,66.23
2024-05-08 00:00:00-04:00,508.7844481717399,511.23326133471676,508.66596110050506,510.690185546875,42047200,0.0,0.0,0.0,67.62
2024-05-09 00:00:00-04:00,510.87783646053344,513.6722873367964,510.216273554399,513.6327514648438,43643700,0.0,0.0,0.0,75.65
2024-05-10 00:00:00-04:00,515.2521531600112,516.0717390144458,513.0600819270163,514.2943725585938,52233200,0.0,0.0,0.0,73.54
2024-05-13 00:00:00-04:00,515.9926297171974,516.101232807844,513.2080633480845,514.3633422851562,36716400,0.0,0.0,0.0,69.56
2024-05-14 00:00:00-04:00,514.5608484174307,517.2466957017197,514.0177726880753,516.7233276367188,57535900,0.0,0.0,0.0,71.74
2024-05-15 00:00:00-04:00,519.2216389195659,523.4182269683442,518.579783698985,523.1220092773438,59504900,0.0,0.0,0.0,78.76
2024-05-16 00:00:00-04:00,523.2207013003554,524.8401049513539,521.8975153250047,522.045654296875,50244800,0.0,0.0,0.0,74.3
2024-05-17 00:00:00-04:00,522.1641103603855,522.8652090411972,520.6928457686228,522.7960815429688,59187600,0.0,0.0,0.0,73.65
2024-05-20 00:00:00-04:00,522.9146052465884,524.8795861621629,522.5196081627743,523.3984375,37764200,0.0,0.0,0.0,91.89
2024-05-21 00:00:00-04:00,522.628312659468,524.8401518594475,522.4209301339331,524.68212890625,33437000,0.0,0.0,0.0,96.72
2024-05-22 00:00:00-04:00,523.9810274842546,524.7018338509016,520.9693104479597,523.1713256835938,48390000,0.0,0.0,0.0,91.28
2024-05-23 00:00:00-04:00,526.2620025028626,526.370605604358,518.1255087640279,519.3499755859375,57211200,0.0,0.0,0.0,76.53
2024-05-24 00:00:00-04:00,521.2162107208669,523.6058407166882,520.2584301434748,522.7862548828125,41258400,0.0,0.0,0.0,74.89
2024-05-28 00:00:00-04:00,523.6057908872817,523.8427650171528,520.4854707957389,523.1515502929688,36269600,0.0,0.0,0.0,74.7
2024-05-29 00:00:00-04:00,519.0734544486314,520.6829740747881,518.7673528167415,519.4881591796875,45190300,0.0,0.0,0.0,65.2
2024-05-30 00:00:00-04:00,517.9280829339874,518.5995297613006,514.7781710383293,516.0420532226562,46468500,0.0,0.0,0.0,54.09
2024-05-31 00:00:00-04:00,517.0097851977956,520.8706195756462,511.84547248017293,520.7422485351562,90785800,0.0,0.0,0.0,59.63
2024-06-03 00:00:00-04:00,522.3715079503993,522.657841650115,516.032148544318,521.1668090820312,46835700,0.0,0.0,0.0,60.05
2024-06-04 00:00:00-04:00,519.8436524605672,522.4998478712439,518.3625039475822,521.7493896484375,34632700,0.0,0.0,0.0,57.84
2024-06-05 00:00:00-04:00,524.099489436186,527.9702073859787,522.0850888639186,527.950439453125,47610400,0.0,0.0,0.0,57.58
2024-06-06 00:00:00-04:00,528.2565984124882,528.6910711058155,525.985515807043,527.9406127929688,30808500,0.0,0.0,0.0,59.57
2024-06-07 00:00:00-04:00,526.9531905962492,530.1426384879702,525.8472710404382,527.298828125,43224500,0.0,0.0,0.0,57.34
2024-06-10 00:00:00-04:00,526.4792263610262,529.253909134287,525.8769070309806,528.9280395507812,35729300,0.0,0.0,0.0,58.72
2024-06-11 00:00:00-04:00,527.3580331066662,530.2610867954452,525.3634003577233,530.2018432617188,36383400,0.0,0.0,0.0,58.7
2024-06-12 00:00:00-04:00,534.8230835871974,537.2817809327009,533.5097814532659,534.5564575195312,63251300,0.0,0.0,0.0,66.48
2024-06-13 00:00:00-04:00,536.323966242378,536.5016968534992,532.808709085761,535.6327514648438,44760900,0.0,0.0,0.0,75.6
2024-06-14 00:00:00-04:00,534.0824723877374,535.9882097983759,533.0653880279153,535.9586181640625,40089900,0.0,0.0,0.0,72.95
2024-06-17 00:00:00-04:00,535.2673734870664,541.6363245352009,534.8032489186013,540.2242431640625,55839500,0.0,0.0,0.0,76.19
2024-06-18 00:00:00-04:00,540.2834997560115,541.725172794655,539.8589110449524,541.5968017578125,41376400,0.0,0.0,0.0,86.48
2024-06-20 00:00:00-04:00,542.5348869014116,543.206333734204,538.3284150280085,540.1255493164062,70328200,0.0,0.0,0.0,92.51
2024-06-21 00:00:00-04:00,539.2924747513658,540.5307472774641,537.9254170455512,539.4014282226562,64513900,1.759,0.0,0.0,88.31
2024-06-24 00:00:00-04:00,539.2230582828091,541.8184723430678,537.5290799077853,537.64794921875,45528700,0.0,0.0,0.0,82.09
2024-06-25 00:00:00-04:00,538.886299065316,540.0849686628054,537.3508531925171,539.7184448242188,38273300,0.0,0.0,0.0,83.07
2024-06-26 00:00:00-04:00,538.5890968132603,541.1151605924962,537.935315544085,540.3920288085938,38550600,0.0,0.0,0.0,78.74
2024-06-27 00:00:00-04:00,540.2533395091051,541.8284487491936,539.5004601471773,541.2439575195312,35041500,0.0,0.0,0.0,79.58
2024-06-28 00:00:00-04:00,542.0265552795133,545.1173392760371,537.85609191082,539.1141357421875,76144500,0.0,0.0,0.0,74.64
2024-07-01 00:00:00-04:00,540.5108902585941,540.758544752217,537.4300828689322,540.2236328125,40297800,0.0,0.0,0.0,74.08
2024-07-02 00:00:00-04:00,538.599012790672,543.8591918945312,538.5494939837195,543.8591918945312,40434800,0.0,0.0,0.0,76.45
2024-07-03 00:00:00-04:00,543.5422235199119,546.6527787264998,543.5026205641852,546.2862548828125,32789900,0.0,0.0,0.0,74.55
2024-07-05 00:00:00-04:00,546.5932717248053,549.8424670776978,545.9493458886657,549.4363403320312,41488400,0.0,0.0,0.0,76.59
2024-07-08 00:00:00-04:00,550.2288458063081,551.0312439407816,548.9905733480141,550.0703735351562,36110500,0.0,0.0,0.0,76.86
2024-07-09 00:00:00-04:00,551.0411599684893,551.9525115685751,550.3081123469514,550.6052856445312,27289700,0.0,0.0,0.0,73.03
2024-07-10 00:00:00-04:00,551.8436449505514,556.4004641306403,551.5464716062033,556.0537719726562,38701200,0.0,0.0,0.0,77.16
2024-07-11 00:00:00-04:00,556.1725813645302,557.0542459098444,550.6152288053468,551.2590942382812,53054200,0.0,0.0,0.0,68.59
2024-07-12 00:00:00-04:00,552.3983011311424,558.3816118783382,551.9228238555439,554.7361450195312,53084400,0.0,0.0,0.0,73.45
2024-07-15 00:00:00-04:00,556.7570888076156,559.5407230953358,554.3795813148,556.2617797851562,40584300,0.0,0.0,0.0,78.67
2024-07-16 00:00:00-04:00,557.5891048142814,559.8575980887277,556.8263096664786,559.5604248046875,36475300,0.0,0.0,0.0,79.45
2024-07-17 00:00:00-04:00,553.5573176550379,555.2512961750687,551.3878618504468,551.7147827148438,57119000,0.0,0.0,0.0,63.85
2024-07-18 00:00:00-04:00,553.2700660994436,554.2705999484662,545.2658557697873,547.4749145507812,56270400,0.0,0.0,0.0,57.04
2024-07-19 00:00:00-04:00,547.2371678865376,548.8816275932654,542.7694711202483,543.83935546875,65509100,0.0,0.0,0.0,55.16
2024-07-22 00:00:00-04:00,547.8118060573195,550.0605284790182,545.8504015789395,549.4463500976562,43346700,0.0,0.0,0.0,59.18
2024-07-23 00:00:00-04:00,549.3372304392366,551.5166019194357,548.0891026693448,548.5844116210938,34439600,0.0,0.0,0.0,54.98
2024-07-24 00:00:00-04:00,543.7105808194543,544.0176699808688,535.2209773062864,536.1521606445312,74515300,0.0,0.0,0.0,41.19
2024-07-25 00:00:00-04:00,536.2710007218393,542.3237223216066,532.4076270111065,533.3585815429688,61158300,0.0,0.0,0.0,35.93
2024-07-26 00:00:00-04:00,537.192383905728,542.0562919162144,536.4097569520611,539.3320922851562,53763800,0.0,0.0,0.0,41.41
2024-07-29 00:00:00-04:00,540.8972361512061,541.9175412062577,537.6281485235597,539.6490478515625,39515800,0.0,0.0,0.0,41.2
2024-07-30 00:00:00-04:00,541.1349590395979,542.2048433313759,533.46758595065,536.9149169921875,46853600,0.0,0.0,0.0,33.93
2024-07-31 00:00:00-04:00,543.8294859958498,548.3070989978249,542.4426569823155,545.642333984375,65663400,0.0,0.0,0.0,45.58
2024-08-01 00:00:00-04:00,547.3858336652771,549.6642431315648,534.3690977270766,537.91552734375,76428700,0.0,0.0,0.0,37.58
2024-08-02 00:00:00-04:00,530.7235665615322,531.9519231451793,523.6406240360384,527.9003295898438,82789100,0.0,0.0,0.0,31.39
2024-08-05 00:00:00-04:00,506.83980235904284,518.6677835651788,505.48263031997044,512.5259399414062,146267400,0.0,0.0,0.0,23.36
2024-08-06 00:00:00-04:00,514.348656712232,524.7798934319092,513.0113465770287,517.251220703125,84826300,0.0,0.0,0.0,29.77
2024-08-07 00:00:00-04:00,523.511906231245,526.6026902576085,513.1896827964204,513.7939453125,70698300,0.0,0.0,0.0,30.04
2024-08-08 00:00:00-04:00,518.994631875678,526.3053973005219,516.9441058934248,525.6714477539062,63276600,0.0,0.0,0.0,40.19
2024-08-09 00:00:00-04:00,524.8393438265869,529.4952607290277,523.6010712707529,527.989501953125,45619600,0.0,0.0,0.0,37.99
2024-08-12 00:00:00-04:00,529.1980901235476,530.7037884446491,525.9686656073576,528.2669067382812,42542100,0.0,0.0,0.0,38.55
2024-08-13 00:00:00-04:00,531.4962747235434,537.1923279037641,531.2486202374469,536.9545288085938,52333100,0.0,0.0,0.0,50.47
2024-08-14 00:00:00-04:00,537.7569791487715,539.847229165935,535.052611245972,538.6485595703125,42446900,0.0,0.0,0.0,53.15
2024-08-15 00:00:00-04:00,544.3445900065761,548.168360968592,543.730411684699,547.881103515625,60846800,0.0,0.0,0.0,54.9
2024-08-16 00:00:00-04:00,546.246535635152,549.8127965494804,546.0880633659141,549.1094360351562,44430700,0.0,0.0,0.0,55.37
2024-08-19 00:00:00-04:00,549.5255203879397,554.3597412109375,548.6636875389138,554.3597412109375,39121800,0.0,0.0,0.0,59.63
2024-08-20 00:00:00-04:00,553.9041032003555,555.5782501123483,552.1011711057072,553.4583129882812,33732300,0.0,0.0,0.0,54.72
2024-08-21 00:00:00-04:00,554.5182893635274,556.8363017589311,549.5255356579909,555.3602905273438,41514600,0.0,0.0,0.0,61.34
2024-08-22 00:00:00-04:00,557.2820707271261,557.8962490623195,549.7731692085193,551.0015258789062,56121500,0.0,0.0,0.0,66.2
2024-08-23 00:00:00-04:00,554.2804965886761,557.8070941103703,552.0614615681247,556.8560791015625,50639400,0.0,0.0,0.0,85.89
2024-08-26 00:00:00-04:00,557.896216929936,558.6193486946379,553.8049599073349,555.5286254882812,35788600,0.0,0.0,0.0,82.79
2024-08-27 00:00:00-04:00,554.240856351132,556.7867518721707,553.0818502181188,556.2914428710938,32693900,0.0,0.0,0.0,88.17
2024-08-28 00:00:00-04:00,555.944805281924,556.3806796641229,549.8326480761413,553.0620727539062,41066000,0.0,0.0,0.0,79.12
2024-08-29 00:00:00-04:00,555.0531441896234,558.3915218624276,551.9525051521193,553.1115112304688,38715200,0.0,0.0,0.0,78.07
2024-08-30 00:00:00-04:00,555.5088687841893,558.9066812293946,551.9129206487703,558.3915405273438,62700100,0.0,0.0,0.0,80.27
2024-09-03 00:00:00-04:00,555.2115675522936,555.5484042309791,544.35443441314,546.9003295898438,60600100,0.0,0.0,0.0,59.46
2024-09-04 00:00:00-04:00,545.0380423502995,549.2283371934773,544.304994695349,545.781005859375,47224900,0.0,0.0,0.0,56.86
2024-09-05 00:00:00-04:00,545.7215111489124,548.6041826434208,541.9670306001575,544.4534912109375,44264300,0.0,0.0,0.0,46.11
2024-09-06 00:00:00-04:00,544.7804818962255,546.4248812226937,534.3789925800891,535.2903442382812,68493800,0.0,0.0,0.0,36.72
2024-09-09 00:00:00-04:00,539.5401323975631,542.5714211405976,537.5885834445576,541.2835693359375,40445800,0.0,0.0,0.0,37.61
2024-09-10 00:00:00-04:00,543.2152768632277,543.9979037862945,538.2820185267881,543.6412353515625,36394600,0.0,0.0,0.0,40.95
2024-09-11 00:00:00-04:00,543.5520781692663,550.1495670752728,534.8940870094609,549.2183837890625,75248600,0.0,0.0,0.0,44.7
2024-09-12 00:00:00-04:00,549.8028664126241,554.1516936316567,547.5541443659336,553.8446044921875,51892700,0.0,0.0,0.0,52.44
2024-09-13 00:00:00-04:00,554.4588342965648,557.747693381765,554.2012639371025,556.7372436523438,39310500,0.0,0.0,0.0,49.89
2024-09-16 00:00:00-04:00,556.4697321910213,557.8268739812047,554.6470289741064,557.5594482421875,36656100,0.0,0.0,0.0,51.86
2024-09-17 00:00:00-04:00,559.7982156086712,561.2643713841238,555.5286543862046,557.7872924804688,49321000,0.0,0.0,0.0,51.38
2024-09-18 00:00:00-04:00,558.4510079757443,563.354579399442,555.5683360633434,556.1329956054688,59044900,0.0,0.0,0.0,52.92
2024-09-19 00:00:00-04:00,565.6528554754086,567.50530650021,562.750351674717,565.6231079101562,75315500,0.0,0.0,0.0,60.09
2024-09-20 00:00:00-04:00,564.237952213736,565.6985982057745,561.584845604879,564.6453247070312,77503100,1.746,0.0,0.0,55.42
2024-09-23 00:00:00-04:00,565.7284114396389,566.7121216588677,564.4962264504853,566.0562744140625,44116900,0.0,0.0,0.0,70.1
2024-09-24 00:00:00-04:00,566.8611587218248,567.7355813214435,563.999423059069,567.6759643554688,46805700,0.0,0.0,0.0,72.74
2024-09-25 00:00:00-04:00,567.5170087741786,568.2622511765038,565.301113457304,566.4239501953125,38428600,0.0,0.0,0.0,72.85
2024-09-26 00:00:00-04:00,570.7364392510955,571.064362885533,566.2848774298052,568.6696166992188,48336000,0.0,0.0,0.0,90.56
2024-09-27 00:00:00-04:00,569.7527127715928,570.5774039966909,566.8015214416548,567.8448486328125,42100900,0.0,0.0,0.0,86.91
2024-09-30 00:00:00-04:00,566.8015219435828,570.7364235043248,564.4763997038558,570.120361328125,63557400,0.0,0.0,0.0,86.88
2024-10-01 00:00:00-04:00,569.7627080586115,570.4184947172506,562.4096250967393,565.0130004882812,72668800,0.0,0.0,0.0,72.29
2024-10-02 00:00:00-04:00,564.1087352592257,566.2848453499787,561.6842110514825,565.2514038085938,38097800,0.0,0.0,0.0,68.37
2024-10-03 00:00:00-04:00,563.7609137739149,566.1854379587239,561.9027810482431,564.218017578125,40846500,0.0,0.0,0.0,62.82
2024-10-04 00:00:00-04:00,568.7193284068038,569.7229312723451,564.4962878742092,569.3453369140625,42939100,0.0,0.0,0.0,67.6
2024-10-07 00:00:00-04:00,567.6759176917978,568.3317649115912,563.0355590522512,564.1981201171875,49964700,0.0,0.0,0.0,58.35
2024-10-08 00:00:00-04:00,566.8015023453726,570.1402341517621,565.9171941862298,569.5340576171875,37398700,0.0,0.0,0.0,65.92
2024-10-09 00:00:00-04:00,569.5241486507804,574.0453343695604,568.9180327244846,573.4789428710938,37912200,0.0,0.0,0.0,60.75
2024-10-10 00:00:00-04:00,572.117640001393,573.9161558957669,570.8457305312595,572.475341796875,44138100,0.0,0.0,0.0,60.71
2024-10-11 00:00:00-04:00,572.3958058807981,576.6486847463361,572.2566794174254,575.9034423828125,42268000,0.0,0.0,0.0,62.76
2024-10-14 00:00:00-04:00,577.5329709112202,581.5573280392331,577.0460889559533,580.6133422851562,36217200,0.0,0.0,0.0,65.52
2024-10-15 00:00:00-04:00,580.8816580095407,581.1896890869497,574.8699878939491,576.1021728515625,54203600,0.0,0.0,0.0,60.77
2024-10-16 00:00:00-04:00,576.1022278881695,579.1328682582629,575.2874222334457,578.606201171875,30725400,0.0,0.0,0.0,60.99
2024-10-17 00:00:00-04:00,582.1932373716321,582.4019270642203,578.4670255981297,578.6558227539062,34393700,0.0,0.0,0.0,62.17
2024-10-18 00:00:00-04:00,580.3649320688628,581.6765658652295,578.8843936568359,580.8816528320312,37416800,0.0,0.0,0.0,62.13
2024-10-21 00:00:00-04:00,580.1463096888544,581.1399661656003,576.9169261394305,579.927734375,36439000,0.0,0.0,0.0,68.54
2024-10-22 00:00:00-04:00,577.3640703837991,580.7921972791999,576.6983375411487,579.6196899414062,34183800,0.0,0.0,0.0,67.83
2024-10-23 00:00:00-04:00,577.5727623524157,578.0199198880117,570.776125496096,574.323486328125,49314600,0.0,0.0,0.0,61.34
2024-10-24 00:00:00-04:00,576.3009089394529,576.3804184452299,572.9125667744971,575.5656127929688,34979900,0.0,0.0,0.0,57.65
2024-10-25 00:00:00-04:00,577.8212456055562,580.7525446363423,574.4130108253214,575.3668823242188,47268200,0.0,0.0,0.0,65.64
2024-10-28 00:00:00-04:00,578.8844066451263,579.0135868388169,576.8374767309253,577.1455078125,30174700,0.0,0.0,0.0,61.84
2024-10-29 00:00:00-04:00,576.1717256033711,579.2123122169955,574.76075028541,578.07958984375,42899700,0.0,0.0,0.0,57.89
2024-10-30 00:00:00-04:00,577.6025371982813,579.6196889070394,575.6152242941146,576.3306884765625,41435800,0.0,0.0,0.0,56.45
2024-10-31 00:00:00-04:00,571.9089227933508,571.9784860249016,564.8340934879141,565.0328369140625,60182500,0.0,0.0,0.0,35.61
2024-11-01 00:00:00-04:00,567.6958554782392,571.8990031889416,567.0002837782789,567.4176025390625,45667500,0.0,0.0,0.0,31.38
2024-11-04 00:00:00-05:00,567.5566780058409,568.8683117841309,564.2875701521782,566.1953735351562,38217000,0.0,0.0,0.0,34.59
2024-11-05 00:00:00-05:00,567.1195331390961,573.0814724758461,566.9009578077806,573.041748046875,39478300,0.0,0.0,0.0,42.37
2024-11-06 00:00:00-05:00,585.4624164691394,588.1750792814856,581.6765876653681,587.2907104492188,68182000,0.0,0.0,0.0,58.52
2024-11-07 00:00:00-05:00,589.3178674732238,592.8652287778515,589.2383579645752,591.831787109375,47233200,0.0,0.0,0.0,60.33
2024-11-08 00:00:00-05:00,592.3881801994943,595.8361998006164,592.3881801994943,594.3953857421875,46444900,0.0,0.0,0.0,63.25
2024-11-11 00:00:00-05:00,596.0051192162604,596.3628210105743,593.2129468004555,594.9617919921875,37586800,0.0,0.0,0.0,63.98
2024-11-12 00:00:00-05:00,594.8822634508298,595.4883793575724,590.5996063811249,593.1135864257812,43006100,0.0,0.0,0.0,68.27
2024-11-13 00:00:00-05:00,593.5805842924092,595.4287708447639,591.1858987893664,593.4017333984375,47388600,0.0,0.0,0.0,67.67
2024-11-14 00:00:00-05:00,593.5309074092812,594.0177893902365,588.8905485392219,589.5860595703125,38904100,0.0,0.0,0.0,63.15
2024-11-15 00:00:00-05:00,585.979088998431,586.456085364698,580.1562763950889,582.0343017578125,75988800,0.0,0.0,0.0,54.08
2024-11-18 00:00:00-05:00,582.5012570573457,585.75053306763,581.6268951744081,584.4190673828125,37084100,0.0,0.0,0.0,55.17
2024-11-19 00:00:00-05:00,581.0009140487828,587.2907160283254,580.3252349064234,586.555419921875,49412000,0.0,0.0,0.0,58.29
2024-11-20 00:00:00-05:00,586.6349774878298,587.0423500011664,580.9214521437177,586.7542114257812,50032600,0.0,0.0,0.0,71.47
2024-11-21 00:00:00-05:00,589.6358067130162,591.344866826489,583.7235382544677,589.904052734375,46750300,0.0,0.0,0.0,71.89
2024-11-22 00:00:00-05:00,589.8940600229174,592.3683155218499,589.3873461789195,591.7323608398438,38226400,0.0,0.0,0.0,74.57
2024-11-25 00:00:00-05:00,595.7169296044814,597.0483952740943,591.4243264966409,593.7395629882812,42441400,0.0,0.0,0.0,71.96
2024-11-26 00:00:00-05:00,595.0014818573266,597.5154618364036,594.2761320418831,596.8397827148438,45621300,0.0,0.0,0.0,63.27
2024-11-27 00:00:00-05:00,596.6509759062111,597.0384558306165,593.4911556618155,595.0313110351562,34000200,0.0,0.0,0.0,54.81
2024-11-29 00:00:00-05:00,595.8559795360102,599.5225741357542,595.5777872765691,598.7276611328125,30177400,0.0,0.0,0.0,56.3
2024-12-02 00:00:00-05:00,599.1449950712815,600.486467655311,598.6481668508209,599.8008422851562,31746000,0.0,0.0,0.0,56.94
2024-12-03 00:00:00-05:00,599.5624413961492,600.3275157004707,598.5191141462687,600.0791015625,26906600,0.0,0.0,0.0,60.45
2024-12-04 00:00:00-05:00,601.7881458096479,604.0536509227738,601.1124667180848,603.8052368164062,42787600,0.0,0.0,0.0,64.15
2024-12-05 00:00:00-05:00,603.8053020406198,604.6201076752798,602.4539437115175,602.8116455078125,28762200,0.0,0.0,0.0,69.49
2024-12-06 00:00:00-05:00,603.5866976555247,605.2063625778626,603.1693789132718,603.954345703125,31241500,0.0,0.0,0.0,89.82
2024-12-09 00:00:00-05:00,603.8351542148879,604.0040588477694,600.2480686075606,600.84423828125,34742700,0.0,0.0,0.0,79.07
2024-12-10 00:00:00-05:00,601.5298397758172,601.9571047996105,598.3104023701336,598.9761352539062,37234500,0.0,0.0,0.0,72.19
2024-12-11 00:00:00-05:00,601.9372318289047,604.5703850257809,601.6589789125985,603.6065673828125,28677700,0.0,0.0,0.0,76.0
2024-12-12 00:00:00-05:00,602.7321871244142,603.3084642377864,600.4964599609375,600.4964599609375,31543800,0.0,0.0,0.0,66.36
2024-12-13 00:00:00-05:00,602.5533073597338,603.2786571751108,598.9860539491438,600.377197265625,35904700,0.0,0.0,0.0,64.1
2024-12-16 00:00:00-05:00,602.1558291096032,603.9245667615821,601.370862320769,602.9407958984375,43695200,0.0,0.0,0.0,64.74
2024-12-17 00:00:00-05:00,600.3573236481737,601.3310876116105,599.0655823267214,600.4566650390625,55773500,0.0,0.0,0.0,55.91
2024-12-18 00:00:00-05:00,600.1486460207312,602.5632240884986,582.1734335224694,582.5609741210938,108248700,0.0,0.0,0.0,36.65
2024-12-19 00:00:00-05:00,587.6087232382334,589.238334536819,582.1336659404619,582.382080078125,85919500,0.0,0.0,0.0,31.07
2024-12-20 00:00:00-05:00,580.0252023798975,593.963254751842,579.1677354036608,589.3770751953125,125716700,1.966,0.0,0.0,39.38
2024-12-23 00:00:00-05:00,589.1178420766572,593.5145890145251,585.8974879778806,592.9064331054688,57635800,0.0,0.0,0.0,43.15
2024-12-24 00:00:00-05:00,594.2723074608894,599.5365010094702,593.6840502010506,599.49658203125,33160100,0.0,0.0,0.0,46.1
2024-12-26 00:00:00-05:00,597.7019907423149,600.673033709029,596.286266618511,599.5364990234375,41219100,0.0,0.0,0.0,46.98
2024-12-27 00:00:00-05:00,595.7478442826339,595.9871755936747,588.9882104091681,593.2254638671875,64969300,0.0,0.0,0.0,40.97
2024-12-30 00:00:00-05:00,586.1268440800185,589.9652730101648,582.6572397439561,586.455810546875,56578800,0.0,0.0,0.0,38.6
2024-12-31 00:00:00-05:00,588.1407350043717,588.8685869923663,582.6672101639617,584.322265625,57052700,0.0,0.0,0.0,38.43
2025-01-02 00:00:00-05:00,587.6223507588766,589.3571225168115,578.7589985198474,582.8865966796875,50204000,0.0,0.0,0.0,32.78
2025-01-03 00:00:00-05:00,585.7678951902626,590.8226355752365,584.6711578252952,590.1746215820312,37888500,0.0,0.0,0.0,41.98
2025-01-06 00:00:00-05:00,594.4817066914783,597.9014122494413,591.8196706515002,593.5744018554688,47679400,0.0,0.0,0.0,44.97
2025-01-07 00:00:00-05:00,595.6282397198856,595.9572670439192,585.0201967640594,586.8646240234375,60393100,0.0,0.0,0.0,38.8
2025-01-08 00:00:00-05:00,586.9343761474076,588.8087424972755,583.4448733889237,587.7219848632812,47304700,0.0,0.0,0.0,40.92
2025-01-10 00:00:00-05:00,584.1228111122192,584.1926084677874,576.8147784906305,578.7489624023438,73105000,0.0,0.0,0.0,46.89
2025-01-13 00:00:00-05:00,574.0431617233518,580.0052069477971,573.6243775799428,579.6463012695312,47910100,0.0,0.0,0.0,47.79
2025-01-14 00:00:00-05:00,582.6073834279746,583.2454785560273,576.6153987751911,580.4439086914062,48420600,0.0,0.0,0.0,41.99
2025-01-15 00:00:00-05:00,588.5595329953718,592.1586914849061,587.4329171587094,591.002197265625,56900200,0.0,0.0,0.0,48.48
2025-01-16 00:00:00-05:00,592.3879811065466,592.5674339582336,589.1577080719753,589.8656005859375,43319700,0.0,0.0,0.0,41.6
2025-01-17 00:00:00-05:00,595.1696451072651,597.562410619056,593.8236574580369,595.7877807617188,58070600,0.0,0.0,0.0,47.03
2025-01-21 00:00:00-05:00,598.8684661853716,601.2513127523598,596.8744645431257,601.2413330078125,42532900,0.0,0.0,0.0,56.43
2025-01-22 00:00:00-05:00,604.1026949074611,605.9970207281947,603.5443769053658,604.6211547851562,48196000,0.0,0.0,0.0,65.41
2025-01-23 00:00:00-05:00,603.9830991440912,607.9212646484375,603.7039705508554,607.9212646484375,41152100,0.0,0.0,0.0,69.63
2025-01-24 00:00:00-05:00,607.981053651763,608.9481760680518,604.980071516125,606.1465454101562,34604700,0.0,0.0,0.0,69.24
2025-01-27 00:00:00-05:00,593.0260663058995,597.8914352658803,592.8565932019453,597.5723876953125,70361100,0.0,0.0,0.0,55.99
2025-01-28 00:00:00-05:00,598.818642579001,603.5543965921443,595.4587545999498,602.7069702148438,44433300,0.0,0.0,0.0,57.19
2025-01-29 00:00:00-05:00,601.9093107246936,602.3181151413867,597.4228069982945,600.0050659179688,37177400,0.0,0.0,0.0,61.05
2025-01-30 00:00:00-05:00,602.1486247469728,604.7806606099443,598.9182910409676,603.225341796875,39281300,0.0,0.0,0.0,62.54
2025-01-31 00:00:00-05:00,605.6779717570167,608.1306155740967,599.2473045778189,600.0150146484375,66671500,0.0,0.0,0.0,68.97
2025-02-03 00:00:00-05:00,590.8924323868896,598.4895734255874,588.7189779992506,595.9771728515625,65857200,0.0,0.0,0.0,63.79
2025-02-04 00:00:00-05:00,596.0369934393696,600.4935577176606,595.4886551807033,599.9751586914062,33457800,0.0,0.0,0.0,65.65
2025-02-05 00:00:00-05:00,598.8385569367734,602.5573503352053,596.784737785208,602.4077758789062,30653100,0.0,0.0,0.0,60.51
2025-02-06 00:00:00-05:00,604.172498579845,604.6311408496849,600.8225905322549,604.5015258789062,35771500,0.0,0.0,0.0,63.25
2025-02-07 00:00:00-05:00,605.0698408193554,606.3061120968874,598.2503284518037,598.9682006835938,50788500,0.0,0.0,0.0,52.9
2025-02-10 00:00:00-05:00,602.2184015940107,603.683963510289,600.9322316611732,603.035888671875,26048700,0.0,0.0,0.0,51.68
2025-02-11 00:00:00-05:00,600.7428358535425,604.0429061552635,600.6232006225274,603.4945678710938,30056700,0.0,0.0,0.0,48.89
2025-02-12 00:00:00-05:00,597.4029183001364,602.7368484783108,596.714985283226,601.5504150390625,45076100,0.0,0.0,0.0,43.52
2025-02-13 00:00:00-05:00,602.6670517126223,608.1106982366895,601.3909222732692,607.9013061523438,40921300,0.0,0.0,0.0,51.63
2025-02-14 00:00:00-05:00,608.1106693810499,609.1575080488998,607.2432835546514,607.8713989257812,26910400,0.0,0.0,0.0,61.39
2025-02-18 00:00:00-05:00,609.0478499794664,609.656005859375,606.5553479941693,609.656005859375,26749000,0.0,0.0,0.0,58.3
2025-02-19 00:00:00-05:00,608.2502469503253,611.3907628653418,607.731787077126,611.0916748046875,31011100,0.0,0.0,0.0,63.65
2025-02-20 00:00:00-05:00,609.705871640604,609.845466362675,605.1994692243143,608.5493774414062,36554000,0.0,0.0,0.0,56.67
2025-02-21 00:00:00-05:00,608.3300054050101,608.4696001270332,597.6720639975363,598.1406860351562,76519800,0.0,0.0,0.0,48.01
2025-02-24 00:00:00-05:00,600.2144558088706,601.2214363779027,594.7010120406462,595.4188842773438,50737200,0.0,0.0,0.0,49.39
2025-02-25 00:00:00-05:00,595.3590701652774,596.0968410433766,587.7918070882386,592.457763671875,58266500,0.0,0.0,0.0,41.6
2025-02-26 00:00:00-05:00,594.1426816591761,597.7817589335975,590.0848810857798,592.7568359375,43321600,0.0,0.0,0.0,38.68
2025-02-27 00:00:00-05:00,595.0598849968359,596.226419710782,582.8965242893548,583.2952880859375,74196700,0.0,0.0,0.0,28.79
2025-02-28 00:00:00-05:00,583.8038068836951,592.9363077632394,580.6931691446642,592.39794921875,88744100,0.0,0.0,0.0,43.87
2025-03-03 00:00:00-05:00,594.3919179487391,595.5484729311629,578.1607768871335,582.0191650390625,74249200,0.0,0.0,0.0,32.45
2025-03-04 00:00:00-05:00,577.9713716824587,583.63432908105,570.533723601707,575.1298828125,109648200,0.0,0.0,0.0,28.61
2025-03-05 00:00:00-05:00,574.9603891205771,583.1258280404028,571.3612308662864,581.311279296875,71230500,0.0,0.0,0.0,35.66
2025-03-06 00:00:00-05:00,573.7540215413394,578.4299578955523,568.4101116656967,570.9923706054688,80094900,0.0,0.0,0.0,25.23
2025-03-07 00:00:00-05:00,569.187785314308,575.6583108183255,563.9335715863721,574.1926879882812,81158800,0.0,0.0,0.0,28.32
2025-03-10 00:00:00-04:00,565.8877282348667,567.8318311729231,553.9237182672504,558.8987426757812,99326600,0.0,0.0,0.0,22.17
2025-03-11 00:00:00-04:00,557.7222898220398,562.3284287982106,550.3644188129149,554.252685546875,88102100,0.0,0.0,0.0,19.9
2025-03-12 00:00:00-04:00,560.483938216931,561.4211214289652,552.0293906715008,557.19384765625,69588200,0.0,0.0,0.0,22.92
2025-03-13 00:00:00-04:00,556.8149774056806,557.4331130450024,548.0314026284964,549.7661743164062,74079400,0.0,0.0,0.0,23.66
2025-03-14 00:00:00-04:00,554.442091848548,562.1389695505442,549.835953090791,561.1220092773438,62660300,0.0,0.0,0.0,32.93
2025-03-17 00:00:00-04:00,561.1020658506349,568.0013552926785,560.6633830586674,565.4490356445312,49008700,0.0,0.0,0.0,36.74
2025-03-18 00:00:00-04:00,563.1060336846033,563.3254055013634,557.3832588897637,559.33740234375,66041400,0.0,0.0,0.0,34.48
2025-03-19 00:00:00-04:00,561.141985813832,569.2376275644565,559.9455726652652,565.4290771484375,66556000,0.0,0.0,0.0,41.43
2025-03-20 00:00:00-04:00,561.6405112658884,568.8587877529125,560.9126592589647,563.7940063476562,62958200,0.0,0.0,0.0,35.23
2025-03-21 00:00:00-04:00,559.280029296875,564.8900146484375,558.030029296875,563.97998046875,83763000,1.696,0.0,0.0,39.59
2025-03-24 00:00:00-04:00,570.7999877929688,575.1500244140625,570.2000122070312,574.0800170898438,58766800,0.0,0.0,0.0,49.42
2025-03-25 00:00:00-04:00,575.2999877929688,576.4099731445312,573.6900024414062,575.4600219726562,38355700,0.0,0.0,0.0,46.56
2025-03-26 00:00:00-04:00,575.1900024414062,576.3300170898438,567.1900024414062,568.5900268554688,51848300,0.0,0.0,0.0,48.53
2025-03-27 00:00:00-04:00,567.1799926757812,570.9000244140625,564.9400024414062,567.0800170898438,42164200,0.0,0.0,0.0,45.55
2025-03-28 00:00:00-04:00,565.530029296875,566.27001953125,555.0700073242188,555.6599731445312,71662700,0.0,0.0,0.0,47.87
2025-03-31 00:00:00-04:00,549.8300170898438,560.7100219726562,546.8699951171875,559.3900146484375,95328200,0.0,0.0,0.0,53.42
2025-04-01 00:00:00-04:00,557.4500122070312,562.9400024414062,553.6799926757812,560.969970703125,54609600,0.0,0.0,0.0,52.56
2025-04-02 00:00:00-04:00,555.0499877929688,567.4199829101562,554.8099975585938,564.52001953125,76014500,0.0,0.0,0.0,60.56
2025-04-03 00:00:00-04:00,545.1099853515625,547.969970703125,536.7000122070312,536.7000122070312,125986000,0.0,0.0,0.0,35.85
2025-04-04 00:00:00-04:00,523.6699829101562,525.8699951171875,505.05999755859375,505.2799987792969,217965100,0.0,0.0,0.0,23.47
2025-04-07 00:00:00-04:00,489.19000244140625,523.1699829101562,481.79998779296875,504.3800048828125,256611400,0.0,0.0,0.0,24.6
2025-04-08 00:00:00-04:00,521.8599853515625,524.97998046875,489.1600036621094,496.4800109863281,165816600,0.0,0.0,0.0,18.66
2025-04-09 00:00:00-04:00,493.44000244140625,548.6199951171875,493.04998779296875,548.6199951171875,241867300,0.0,0.0,0.0,45.27
2025-04-10 00:00:00-04:00,532.1699829101562,533.5,509.32000732421875,524.5800170898438,162331200,0.0,0.0,0.0,39.31
2025-04-11 00:00:00-04:00,523.010009765625,536.4299926757812,520.0700073242188,533.9400024414062,97866300,0.0,0.0,0.0,39.07
2025-04-14 00:00:00-04:00,544.0499877929688,544.280029296875,533.8599853515625,539.1199951171875,68034000,0.0,0.0,0.0,40.31
2025-04-15 00:00:00-04:00,539.6699829101562,543.22998046875,536.8099975585938,537.6099853515625,56892900,0.0,0.0,0.0,41.49
2025-04-16 00:00:00-04:00,531.6799926757812,537.8900146484375,520.2899780273438,525.6599731445312,83484800,0.0,0.0,0.0,39.24
2025-04-17 00:00:00-04:00,527.6400146484375,531.1699829101562,523.9099731445312,526.4099731445312,79741000,0.0,0.0,0.0,41.96
2025-04-21 00:00:00-04:00,521.1599731445312,521.7000122070312,508.4599914550781,513.8800048828125,69368100,0.0,0.0,0.0,38.06
2025-04-22 00:00:00-04:00,520.1400146484375,529.2999877929688,519.1900024414062,527.25,75948100,0.0,0.0,0.0,41.67
2025-04-23 00:00:00-04:00,540.4299926757812,545.4299926757812,533.8800048828125,535.4199829101562,90590700,0.0,0.0,0.0,42.97
2025-04-24 00:00:00-04:00,536.719970703125,547.4299926757812,535.4500122070312,546.6900024414062,64150400,0.0,0.0,0.0,52.62
2025-04-25 00:00:00-04:00,546.6500244140625,551.0499877929688,543.6900024414062,550.6400146484375,61119600,0.0,0.0,0.0,63.91
2025-04-28 00:00:00-04:00,551.3900146484375,553.5499877929688,545.02001953125,550.8499755859375,47613800,0.0,0.0,0.0,64.31
2025-04-29 00:00:00-04:00,548.9099731445312,555.4500122070312,548.5499877929688,554.3200073242188,47775100,0.0,0.0,0.0,68.32
2025-04-30 00:00:00-04:00,547.5700073242188,556.52001953125,541.52001953125,554.5399780273438,93101500,0.0,0.0,0.0,52.79
2025-05-01 00:00:00-04:00,560.3699951171875,564.0700073242188,557.8599853515625,558.469970703125,63186100,0.0,0.0,0.0,69.73
2025-05-02 00:00:00-04:00,564.72998046875,568.3800048828125,562.3800048828125,566.760009765625,60717300,0.0,0.0,0.0,69.35
2025-05-05 00:00:00-04:00,562.5700073242188,566.6500244140625,561.7000122070312,563.510009765625,38659200,0.0,0.0,0.0,64.72
2025-05-06 00:00:00-04:00,557.9299926757812,563.3499755859375,556.9600219726562,558.7999877929688,48264700,0.0,0.0,0.0,62.31
2025-05-07 00:00:00-04:00,560.1500244140625,563.8200073242188,556.0399780273438,561.1500244140625,55588000,0.0,0.0,0.0,73.21
2025-05-08 00:00:00-04:00,565.239990234375,570.3099975585938,561.7000122070312,565.0599975585938,65130800,0.0,0.0,0.0,74.27
2025-05-09 00:00:00-04:00,566.47998046875,567.5,562.760009765625,564.3400268554688,37603400,0.0,0.0,0.0,87.2
2025-05-12 00:00:00-04:00,581.469970703125,583.0,577.0399780273438,582.989990234375,78993600,0.0,0.0,0.0,88.13
2025-05-13 00:00:00-04:00,583.4099731445312,589.0800170898438,582.8400268554688,586.8400268554688,67947200,0.0,0.0,0.0,87.38
2025-05-14 00:00:00-04:00,587.8099975585938,588.97998046875,585.5399780273438,587.5900268554688,66283500,0.0,0.0,0.0,85.1
2025-05-15 00:00:00-04:00,585.5599975585938,590.969970703125,585.0999755859375,590.4600219726562,71268100,0.0,0.0,0.0,84.82
2025-05-16 00:00:00-04:00,591.25,594.5,589.280029296875,594.2000122070312,76052100,0.0,0.0,0.0,85.7
2025-05-19 00:00:00-04:00,588.0999755859375,595.5399780273438,588.0999755859375,594.8499755859375,68168500,0.0,0.0,0.0,85.01
2025-05-20 00:00:00-04:00,593.0900268554688,594.0499877929688,589.5999755859375,592.8499755859375,60614500,0.0,0.0,0.0,82.1
2025-05-21 00:00:00-04:00,588.4400024414062,592.5800170898438,581.8200073242188,582.8599853515625,95062700,0.0,0.0,0.0,68.55
2025-05-22 00:00:00-04:00,588.4400024414062,582.9199829101562,582.4400024414062,582.7899780273438,2862803,0.0,0.0,0.0,63.94
