{"start":1356912000000,"end":1641945600000,"rf":0.0,"total_return":0.0463879728,"cagr":0.0050329235,"max_drawdown":-0.0032738211,"calmar":1.5373239148,"mtd":-0.0001093967,"three_month":-0.0003280348,"six_month":-0.0005466607,"ytd":-0.0001093967,"one_year":-0.0009835424,"three_year":0.0075247199,"five_year":0.009375896,"ten_year":0.0050329235,"incep":0.0050329235,"daily_sharpe":2.1028903763,"daily_sortino":3.6027525776,"daily_mean":0.0050278589,"daily_vol":0.0023909277,"daily_skew":-0.1432610722,"daily_kurt":0.2872700056,"best_day":0.000459537,"worst_day":-0.0004379499,"monthly_sharpe":1.997401314,"monthly_sortino":14.2618591334,"monthly_mean":0.0049961583,"monthly_vol":0.0025013292,"monthly_skew":0.9853841057,"monthly_kurt":-0.4932816467,"best_month":0.0021219039,"worst_month":-0.0004376707,"yearly_sharpe":0.5726141015,"yearly_sortino":8.9588549886,"yearly_mean":0.0045731187,"yearly_vol":0.0079863886,"yearly_skew":1.4148314639,"yearly_kurt":0.6370458726,"best_year":0.0203193932,"worst_year":-0.0013118016,"avg_drawdown":-0.0001896813,"avg_drawdown_days":21.1538461538,"avg_up_month":0.0009967464,"avg_down_month":-0.0001131411,"win_year_perc":0.5,"twelve_month_win_perc":0.5555555556}