{"start":1265846400000,"end":1649721600000,"rf":0.0,"total_return":0.7153925976,"cagr":0.0453616164,"max_drawdown":-0.4555501273,"calmar":0.0995754663,"mtd":0.017271024,"three_month":0.0763148551,"six_month":0.1160573314,"ytd":0.0749297909,"one_year":0.1324254724,"three_year":0.1468146123,"five_year":0.085359453,"ten_year":0.0122538381,"incep":0.0453616164,"daily_sharpe":0.3620343958,"daily_sortino":0.5728752731,"daily_mean":0.0567023525,"daily_vol":0.1566214513,"daily_skew":-0.4704498259,"daily_kurt":5.000008331,"best_day":0.0490383762,"worst_day":-0.0878082644,"monthly_sharpe":0.345298701,"monthly_sortino":0.6411161871,"monthly_mean":0.0554144241,"monthly_vol":0.1604825732,"monthly_skew":0.0851224453,"monthly_kurt":-0.0113808997,"best_month":0.1227494394,"worst_month":-0.1106234725,"yearly_sharpe":0.2370147662,"yearly_sortino":0.4010117525,"yearly_mean":0.033243447,"yearly_vol":0.1402589702,"yearly_skew":-0.8258152924,"yearly_kurt":1.3230661554,"best_year":0.2481456139,"worst_year":-0.2832983602,"avg_drawdown":-0.0377659542,"avg_drawdown_days":127.4411764706,"avg_up_month":0.0415275973,"avg_down_month":-0.0312942998,"win_year_perc":0.5833333333,"twelve_month_win_perc":0.5367647059}