{"start":1265846400000,"end":1635811200000,"rf":0.0,"total_return":0.5603473159,"cagr":0.0386795173,"max_drawdown":-0.4555501273,"calmar":0.0849072693,"mtd":0.0030603647,"three_month":-0.014444885,"six_month":0.0090546901,"ytd":-0.0627943312,"one_year":-0.0604238085,"three_year":0.1273808692,"five_year":0.0621803477,"ten_year":-0.0011294278,"incep":0.0386795173,"daily_sharpe":0.3205196157,"daily_sortino":0.5064284567,"daily_mean":0.0503651566,"daily_vol":0.1571359573,"daily_skew":-0.4719267557,"daily_kurt":5.089628845,"best_day":0.0490383762,"worst_day":-0.0878082644,"monthly_sharpe":0.3029166893,"monthly_sortino":0.5606851245,"monthly_mean":0.0490853293,"monthly_vol":0.1620423404,"monthly_skew":0.1061660196,"monthly_kurt":-0.033393738,"best_month":0.1227494394,"worst_month":-0.1106234725,"yearly_sharpe":0.1863946524,"yearly_sortino":0.3193382054,"yearly_mean":0.0275169392,"yearly_vol":0.1476272995,"yearly_skew":-0.6717170068,"yearly_kurt":0.7579325247,"best_year":0.2481456139,"worst_year":-0.2832983602,"avg_drawdown":-0.0377659542,"avg_drawdown_days":122.7058823529,"avg_up_month":0.041577428,"avg_down_month":-0.0318345822,"win_year_perc":0.5454545455,"twelve_month_win_perc":0.5267175573}