{"start":1104451200000,"end":1625529600000,"rf":0.0,"total_return":2.8383561198,"cagr":0.0848684057,"max_drawdown":-0.4555501273,"calmar":0.1862987203,"mtd":0.015033449,"three_month":0.0300207932,"six_month":-0.0654808181,"ytd":-0.0574120064,"one_year":0.0008334289,"three_year":0.122491594,"five_year":0.0524093683,"ten_year":0.0122058155,"incep":0.0848684057,"daily_sharpe":0.5400424454,"daily_sortino":0.8657217975,"daily_mean":0.0981172714,"daily_vol":0.1816843699,"daily_skew":-0.1883453662,"daily_kurt":6.3471851772,"best_day":0.112905301,"worst_day":-0.0878082644,"monthly_sharpe":0.5537896199,"monthly_sortino":1.0640494847,"monthly_mean":0.096370643,"monthly_vol":0.1740203131,"monthly_skew":0.0179203544,"monthly_kurt":0.2278166444,"best_month":0.1278650226,"worst_month":-0.161396537,"yearly_sharpe":0.5971842847,"yearly_sortino":1.315028153,"yearly_mean":0.093996489,"yearly_vol":0.1573994685,"yearly_skew":-0.7432604457,"yearly_kurt":0.4543239804,"best_year":0.3045404252,"worst_year":-0.2832983602,"avg_drawdown":-0.0346578919,"avg_drawdown_days":72.8860759494,"avg_up_month":0.0457108213,"avg_down_month":-0.0332187254,"win_year_perc":0.7058823529,"twelve_month_win_perc":0.6666666667}