{"start":1104451200000,"end":1642032000000,"rf":0.0,"total_return":2.8849316581,"cagr":0.0829254656,"max_drawdown":-0.4555501273,"calmar":0.1820336788,"mtd":-0.0046794748,"three_month":0.0153350879,"six_month":0.0055549133,"ytd":-0.0046794748,"one_year":-0.0185152653,"three_year":0.1171000015,"five_year":0.0830173472,"ten_year":0.0066411633,"incep":0.0829254656,"daily_sharpe":0.5329375009,"daily_sortino":0.8536444578,"daily_mean":0.0959940284,"daily_vol":0.1801224877,"daily_skew":-0.1912137672,"daily_kurt":6.400280418,"best_day":0.112905301,"worst_day":-0.0878082644,"monthly_sharpe":0.548623172,"monthly_sortino":1.0526534384,"monthly_mean":0.0943385932,"monthly_vol":0.1719551744,"monthly_skew":0.0263058171,"monthly_kurt":0.2882883633,"best_month":0.1278650226,"worst_month":-0.161396537,"yearly_sharpe":0.5819517649,"yearly_sortino":1.2905360892,"yearly_mean":0.0893990975,"yearly_vol":0.1536194285,"yearly_skew":-0.6454686446,"yearly_kurt":0.4385551225,"best_year":0.3045404252,"worst_year":-0.2832983602,"avg_drawdown":-0.0346578919,"avg_drawdown_days":75.3037974684,"avg_up_month":0.045396014,"avg_down_month":-0.0323268671,"win_year_perc":0.6666666667,"twelve_month_win_perc":0.6512820513}