{"start":1104451200000,"end":1630022400000,"rf":0.0,"total_return":2.8856165618,"cagr":0.0849101199,"max_drawdown":-0.4555501273,"calmar":0.186390289,"mtd":0.0021787487,"three_month":-0.0423161555,"six_month":0.0517891664,"ytd":-0.0458062242,"one_year":-0.060968896,"three_year":0.1409047405,"five_year":0.0615442281,"ten_year":-0.0021493143,"incep":0.0849101199,"daily_sharpe":0.5408999449,"daily_sortino":0.8667407536,"daily_mean":0.0980329004,"daily_vol":0.1812403594,"daily_skew":-0.1898592882,"daily_kurt":6.3633131233,"best_day":0.112905301,"worst_day":-0.0878082644,"monthly_sharpe":0.5565535554,"monthly_sortino":1.0686757433,"monthly_mean":0.0966353496,"monthly_vol":0.1736317173,"monthly_skew":0.0168013328,"monthly_kurt":0.2403978016,"best_month":0.1278650226,"worst_month":-0.161396537,"yearly_sharpe":0.604108567,"yearly_sortino":1.3289642614,"yearly_mean":0.0946791821,"yearly_vol":0.1567254418,"yearly_skew":-0.7541123488,"yearly_kurt":0.5205717557,"best_year":0.3045404252,"worst_year":-0.2832983602,"avg_drawdown":-0.0346578919,"avg_drawdown_days":73.5443037975,"avg_up_month":0.0453939817,"avg_down_month":-0.0332187254,"win_year_perc":0.7058823529,"twelve_month_win_perc":0.6631578947}