{"start":1265846400000,"end":1641340800000,"rf":0.0,"total_return":0.5780827209,"cagr":0.039085728,"max_drawdown":-0.4555501273,"calmar":0.0857989619,"mtd":-0.0111137639,"three_month":0.0271584016,"six_month":0.0105804552,"ytd":-0.0111137639,"one_year":-0.0755181163,"three_year":0.115498625,"five_year":0.0847277648,"ten_year":0.0069281459,"incep":0.039085728,"daily_sharpe":0.3235684436,"daily_sortino":0.5112680442,"daily_mean":0.0506765449,"daily_vol":0.1566176985,"daily_skew":-0.4732973024,"daily_kurt":5.092971375,"best_day":0.0490383762,"worst_day":-0.0878082644,"monthly_sharpe":0.3064282355,"monthly_sortino":0.5679246173,"monthly_mean":0.0493987816,"monthly_vol":0.1612083217,"monthly_skew":0.1059420697,"monthly_kurt":-0.0137083564,"best_month":0.1227494394,"worst_month":-0.1106234725,"yearly_sharpe":0.1860594381,"yearly_sortino":0.3161156538,"yearly_mean":0.0260731508,"yearly_vol":0.1401334491,"yearly_skew":-0.649989135,"yearly_kurt":1.1232302316,"best_year":0.2481456139,"worst_year":-0.2832983602,"avg_drawdown":-0.0377659542,"avg_drawdown_days":124.5882352941,"avg_up_month":0.042011205,"avg_down_month":-0.0312176261,"win_year_perc":0.5,"twelve_month_win_perc":0.5263157895}