{"start":1265846400000,"end":1635724800000,"rf":0.0,"total_return":0.5637077249,"cagr":0.0388793914,"max_drawdown":-0.4555501273,"calmar":0.0853460224,"mtd":0.0052205845,"three_month":-0.0135437696,"six_month":0.0112278194,"ytd":-0.060775938,"one_year":-0.0492621613,"three_year":0.128253908,"five_year":0.0642088976,"ten_year":0.0000835987,"incep":0.0388793914,"daily_sharpe":0.3270870691,"daily_sortino":0.5165359544,"daily_mean":0.052081927,"daily_vol":0.1592295505,"daily_skew":-0.4756351047,"daily_kurt":4.9366679683,"best_day":0.0485303534,"worst_day":-0.0878082644,"monthly_sharpe":0.3034050807,"monthly_sortino":0.5595510247,"monthly_mean":0.0493984688,"monthly_vol":0.1628135847,"monthly_skew":0.0916755889,"monthly_kurt":-0.0300162474,"best_month":0.1227494394,"worst_month":-0.1106234725,"yearly_sharpe":0.1877931207,"yearly_sortino":0.3216159483,"yearly_mean":0.0277004295,"yearly_vol":0.1475050277,"yearly_skew":-0.6761109353,"yearly_kurt":0.7770838058,"best_year":0.2481456139,"worst_year":-0.2832983602,"avg_drawdown":-0.0377659542,"avg_drawdown_days":122.6764705882,"avg_up_month":0.041781706,"avg_down_month":-0.0319792459,"win_year_perc":0.5454545455,"twelve_month_win_perc":0.5190839695}