{"start":1104451200000,"end":1637625600000,"rf":0.0,"total_return":2.8191781208,"cagr":0.0825443946,"max_drawdown":-0.4555501273,"calmar":0.1811971717,"mtd":0.0037804075,"three_month":-0.0085935932,"six_month":-0.0497613886,"ytd":-0.062121562,"one_year":-0.0287406205,"three_year":0.1304998562,"five_year":0.0811496197,"ten_year":0.0014763264,"incep":0.0825443946,"daily_sharpe":0.5299674001,"daily_sortino":0.848937228,"daily_mean":0.0957316391,"daily_vol":0.180636845,"daily_skew":-0.1904980357,"daily_kurt":6.3679361373,"best_day":0.112905301,"worst_day":-0.0878082644,"monthly_sharpe":0.5458125316,"monthly_sortino":1.0469854436,"monthly_mean":0.0942258439,"monthly_vol":0.1726340794,"monthly_skew":0.0263937065,"monthly_kurt":0.2688004533,"best_month":0.1278650226,"worst_month":-0.161396537,"yearly_sharpe":0.5943404113,"yearly_sortino":1.3088259592,"yearly_mean":0.0937194563,"yearly_vol":0.157686495,"yearly_skew":-0.7392710201,"yearly_kurt":0.4278540595,"best_year":0.3045404252,"worst_year":-0.2832983602,"avg_drawdown":-0.0346578919,"avg_drawdown_days":74.6582278481,"avg_up_month":0.0451204426,"avg_down_month":-0.0328740177,"win_year_perc":0.7058823529,"twelve_month_win_perc":0.6528497409}