{"start":1293753600000,"end":1640908800000,"rf":0.0,"total_return":0.2324106489,"cagr":0.0191778615,"max_drawdown":-0.4555501273,"calmar":0.0420982465,"mtd":0.0329909771,"three_month":0.0410425371,"six_month":0.0321801707,"ytd":-0.0414890888,"one_year":-0.0414890888,"three_year":0.1213114264,"five_year":0.0914344412,"ten_year":0.0092575565,"incep":0.0191778615,"daily_sharpe":0.2000331791,"daily_sortino":0.3144863113,"daily_mean":0.0312943403,"daily_vol":0.1564457478,"daily_skew":-0.4865050476,"daily_kurt":5.3936660935,"best_day":0.0490383762,"worst_day":-0.0878082644,"monthly_sharpe":0.1968721997,"monthly_sortino":0.363673577,"monthly_mean":0.0322743877,"monthly_vol":0.1639357299,"monthly_skew":0.1793563598,"monthly_kurt":-0.0005664637,"best_month":0.1227494394,"worst_month":-0.1106234725,"yearly_sharpe":0.2011058536,"yearly_sortino":0.3426219685,"yearly_mean":0.0294537794,"yearly_vol":0.1464590855,"yearly_skew":-0.7205390308,"yearly_kurt":0.9547219391,"best_year":0.2481456139,"worst_year":-0.2832983602,"avg_drawdown":-0.064147027,"avg_drawdown_days":282.7142857143,"avg_up_month":0.04260248,"avg_down_month":-0.0316018735,"win_year_perc":0.5454545455,"twelve_month_win_perc":0.4836065574}