{"start":1104451200000,"end":1623715200000,"rf":0.0,"total_return":2.9737444311,"cagr":0.087465789,"max_drawdown":-0.4555501273,"calmar":0.1920003612,"mtd":-0.0242740314,"three_month":0.0730579921,"six_month":0.0006324055,"ytd":-0.0241645971,"one_year":0.0721986145,"three_year":0.1277463764,"five_year":0.0707275427,"ten_year":0.015577093,"incep":0.087465789,"daily_sharpe":0.5531212789,"daily_sortino":0.887551524,"daily_mean":0.1005074978,"daily_vol":0.181709693,"daily_skew":-0.1857852837,"daily_kurt":6.3592000307,"best_day":0.112905301,"worst_day":-0.0878082644,"monthly_sharpe":0.5694023976,"monthly_sortino":1.1016176478,"monthly_mean":0.0988070083,"monthly_vol":0.1735275593,"monthly_skew":0.0249972049,"monthly_kurt":0.2494215252,"best_month":0.1278650226,"worst_month":-0.161396537,"yearly_sharpe":0.6166720733,"yearly_sortino":1.3495539876,"yearly_mean":0.0959522189,"yearly_vol":0.1555968287,"yearly_skew":-0.7778866861,"yearly_kurt":0.6457279435,"best_year":0.3045404252,"worst_year":-0.2832983602,"avg_drawdown":-0.0346578919,"avg_drawdown_days":72.6202531646,"avg_up_month":0.0460086598,"avg_down_month":-0.0327218561,"win_year_perc":0.7058823529,"twelve_month_win_perc":0.670212766}