{"start":1265846400000,"end":1642982400000,"rf":0.0,"total_return":0.5976851307,"cagr":0.0399860831,"max_drawdown":-0.4555501273,"calmar":0.0877753746,"mtd":0.0011698464,"three_month":0.0202062306,"six_month":0.015424811,"ytd":0.0011698464,"one_year":-0.0157561261,"three_year":0.1222421586,"five_year":0.0822856557,"ten_year":0.0055084425,"incep":0.0399860831,"daily_sharpe":0.3293561649,"daily_sortino":0.5206272039,"daily_mean":0.0515346515,"daily_vol":0.1564708877,"daily_skew":-0.4725308144,"daily_kurt":5.0952817139,"best_day":0.0490383762,"worst_day":-0.0878082644,"monthly_sharpe":0.3129365614,"monthly_sortino":0.5790169154,"monthly_mean":0.050429574,"monthly_vol":0.1611495116,"monthly_skew":0.1006888086,"monthly_kurt":-0.0101231369,"best_month":0.1227494394,"worst_month":-0.1106234725,"yearly_sharpe":0.1937120776,"yearly_sortino":0.3268652984,"yearly_mean":0.027096785,"yearly_vol":0.139881753,"yearly_skew":-0.6784148465,"yearly_kurt":1.1879426667,"best_year":0.2481456139,"worst_year":-0.2832983602,"avg_drawdown":-0.0377659542,"avg_drawdown_days":125.1470588235,"avg_up_month":0.0414277571,"avg_down_month":-0.0314930215,"win_year_perc":0.5833333333,"twelve_month_win_perc":0.5263157895}