{"start":1104451200000,"end":1625184000000,"rf":0.0,"total_return":2.8194063059,"cagr":0.0846017024,"max_drawdown":-0.4555501273,"calmar":0.1857132669,"mtd":0.0100222686,"three_month":0.0327818107,"six_month":-0.0620655264,"ytd":-0.0620655264,"one_year":0.0018564952,"three_year":0.125075445,"five_year":0.052688424,"ten_year":0.0125891086,"incep":0.0846017024,"daily_sharpe":0.5384613436,"daily_sortino":0.8632004348,"daily_mean":0.0978399076,"daily_vol":0.1817027512,"daily_skew":-0.1880603107,"daily_kurt":6.3455770221,"best_day":0.112905301,"worst_day":-0.0878082644,"monthly_sharpe":0.552078115,"monthly_sortino":1.0607130296,"monthly_mean":0.0960684613,"monthly_vol":0.1740124426,"monthly_skew":0.0194284501,"monthly_kurt":0.2284452196,"best_month":0.1278650226,"worst_month":-0.161396537,"yearly_sharpe":0.5943743594,"yearly_sortino":1.3089015589,"yearly_mean":0.0937227525,"yearly_vol":0.1576830343,"yearly_skew":-0.7393170342,"yearly_kurt":0.4281672602,"best_year":0.3045404252,"worst_year":-0.2832983602,"avg_drawdown":-0.0346578919,"avg_drawdown_days":72.835443038,"avg_up_month":0.0456626368,"avg_down_month":-0.0332187254,"win_year_perc":0.7058823529,"twelve_month_win_perc":0.6666666667}