{"start":1265846400000,"end":1648166400000,"rf":0.0,"total_return":0.7024177127,"cagr":0.04489523,"max_drawdown":-0.4555501273,"calmar":0.0985516791,"mtd":0.022424038,"three_month":0.0793632217,"six_month":0.1168401805,"ytd":0.066799238,"one_year":0.1273334544,"three_year":0.1344079344,"five_year":0.0882917403,"ten_year":0.0104373577,"incep":0.04489523,"daily_sharpe":0.3589645248,"daily_sortino":0.5682210123,"daily_mean":0.0562715945,"daily_vol":0.1567608793,"daily_skew":-0.4686671894,"daily_kurt":4.9982423901,"best_day":0.0490383762,"worst_day":-0.0878082644,"monthly_sharpe":0.3425373559,"monthly_sortino":0.6369767027,"monthly_mean":0.0551698974,"monthly_vol":0.1610624256,"monthly_skew":0.0863487316,"monthly_kurt":-0.0335127916,"best_month":0.1227494394,"worst_month":-0.1106234725,"yearly_sharpe":0.2325159458,"yearly_sortino":0.3928385946,"yearly_mean":0.0325659009,"yearly_vol":0.1400587853,"yearly_skew":-0.8133219933,"yearly_kurt":1.3300617681,"best_year":0.2481456139,"worst_year":-0.2832983602,"avg_drawdown":-0.0377659542,"avg_drawdown_days":126.9117647059,"avg_up_month":0.0420058372,"avg_down_month":-0.0312942998,"win_year_perc":0.5833333333,"twelve_month_win_perc":0.5333333333}