{"start":1104451200000,"end":1628035200000,"rf":0.0,"total_return":2.8705479848,"cagr":0.0849916213,"max_drawdown":-0.4555501273,"calmar":0.1865691966,"mtd":-0.0017077407,"three_month":0.0177091903,"six_month":0.0082069874,"ytd":-0.0495066259,"one_year":-0.1058072575,"three_year":0.1405649148,"five_year":0.0547528708,"ten_year":0.0054001978,"incep":0.0849916213,"daily_sharpe":0.5413033594,"daily_sortino":0.8676124632,"daily_mean":0.0981426512,"daily_vol":0.1813080401,"daily_skew":-0.1884691014,"daily_kurt":6.3781598629,"best_day":0.112905301,"worst_day":-0.0878082644,"monthly_sharpe":0.5551768487,"monthly_sortino":1.0662974438,"monthly_mean":0.0964021602,"monthly_vol":0.1736422556,"monthly_skew":0.0179437254,"monthly_kurt":0.239634064,"best_month":0.1278650226,"worst_month":-0.161396537,"yearly_sharpe":0.6019141825,"yearly_sortino":1.3247333816,"yearly_mean":0.0944615114,"yearly_vol":0.1569351813,"yearly_skew":-0.750498909,"yearly_kurt":0.4993221107,"best_year":0.3045404252,"worst_year":-0.2832983602,"avg_drawdown":-0.0346578919,"avg_drawdown_days":73.253164557,"avg_up_month":0.0458095128,"avg_down_month":-0.032890486,"win_year_perc":0.7058823529,"twelve_month_win_perc":0.6631578947}