{"start":1265846400000,"end":1705881600000,"rf":0.0,"total_return":0.7475964344,"cagr":0.0408470823,"max_drawdown":-0.4555501273,"calmar":0.0896653954,"mtd":-0.020662222,"three_month":0.0197723457,"six_month":0.0276649948,"ytd":-0.020662222,"one_year":0.0442300643,"three_year":0.0249237186,"five_year":0.0904257376,"ten_year":0.0461980989,"incep":0.0408470823,"daily_sharpe":0.3368774614,"daily_sortino":0.5391765451,"daily_mean":0.052086793,"daily_vol":0.1546164377,"daily_skew":-0.3930284573,"daily_kurt":4.6895688092,"best_day":0.0490383762,"worst_day":-0.0878082644,"monthly_sharpe":0.3223948247,"monthly_sortino":0.6137404703,"monthly_mean":0.0510116123,"monthly_vol":0.1582271437,"monthly_skew":0.1568077077,"monthly_kurt":-0.0573342448,"best_month":0.1227494394,"worst_month":-0.1106234725,"yearly_sharpe":0.2279473852,"yearly_sortino":0.3927410497,"yearly_mean":0.0301802871,"yearly_vol":0.1324002338,"yearly_skew":-0.7063948815,"yearly_kurt":1.337838422,"best_year":0.2481456139,"worst_year":-0.2832983602,"avg_drawdown":-0.0387155541,"avg_drawdown_days":146.5588235294,"avg_up_month":0.0420883022,"avg_down_month":-0.0305419836,"win_year_perc":0.5,"twelve_month_win_perc":0.5477707006}