{"start":1104451200000,"end":1625788800000,"rf":0.0,"total_return":2.8632422297,"cagr":0.0852489298,"max_drawdown":-0.4555501273,"calmar":0.187134027,"mtd":0.0216144522,"three_month":0.036381468,"six_month":-0.0238259473,"ytd":-0.0513007057,"one_year":-0.0024759663,"three_year":0.1239985416,"five_year":0.0553610381,"ten_year":0.0110613574,"incep":0.0852489298,"daily_sharpe":0.5419978896,"daily_sortino":0.8687929219,"daily_mean":0.0984389371,"daily_vol":0.1816223624,"daily_skew":-0.1887267936,"daily_kurt":6.353282145,"best_day":0.112905301,"worst_day":-0.0878082644,"monthly_sharpe":0.5559948205,"monthly_sortino":1.0684311312,"monthly_mean":0.0967674875,"monthly_vol":0.1740438649,"monthly_skew":0.0160053832,"monthly_kurt":0.2260251068,"best_month":0.1278650226,"worst_month":-0.161396537,"yearly_sharpe":0.6008457026,"yearly_sortino":1.3226098313,"yearly_mean":0.0943559773,"yearly_vol":0.1570386155,"yearly_skew":-0.7487979632,"yearly_kurt":0.4890574635,"best_year":0.3045404252,"worst_year":-0.2832983602,"avg_drawdown":-0.0346578919,"avg_drawdown_days":72.9240506329,"avg_up_month":0.0457741001,"avg_down_month":-0.0332187254,"win_year_perc":0.7058823529,"twelve_month_win_perc":0.6666666667}