{"start":1265846400000,"end":1649808000000,"rf":0.0,"total_return":0.72360682,"cagr":0.0457616958,"max_drawdown":-0.4555501273,"calmar":0.1004536999,"mtd":0.0221422648,"three_month":0.0851550889,"six_month":0.1017960375,"ytd":0.0800771329,"one_year":0.1298415357,"three_year":0.149657938,"five_year":0.0853670595,"ten_year":0.0138965425,"incep":0.0457616958,"daily_sharpe":0.3644775818,"daily_sortino":0.5767333683,"daily_mean":0.0570776819,"daily_vol":0.1566013514,"daily_skew":-0.4708981385,"daily_kurt":5.0017991797,"best_day":0.0490383762,"worst_day":-0.0878082644,"monthly_sharpe":0.3477115026,"monthly_sortino":0.6457483295,"monthly_mean":0.0558148,"monthly_vol":0.1605204303,"monthly_skew":0.0831080057,"monthly_kurt":-0.0144009558,"best_month":0.1227494394,"worst_month":-0.1106234725,"yearly_sharpe":0.2398218767,"yearly_sortino":0.4061860671,"yearly_mean":0.0336723922,"yearly_vol":0.1404058406,"yearly_skew":-0.8330310886,"yearly_kurt":1.3160225208,"best_year":0.2481456139,"worst_year":-0.2832983602,"avg_drawdown":-0.0377659542,"avg_drawdown_days":127.4705882353,"avg_up_month":0.0415952535,"avg_down_month":-0.0312942998,"win_year_perc":0.5833333333,"twelve_month_win_perc":0.5367647059}