{"start":1265846400000,"end":1743033600000,"rf":0.0,"total_return":1.6320359232,"cagr":0.0660926856,"max_drawdown":-0.4555501273,"calmar":0.1450832337,"mtd":0.0710297907,"three_month":0.1680613436,"six_month":0.1508040009,"ytd":0.1645396916,"one_year":0.3883308358,"three_year":0.1635359361,"five_year":0.1311923247,"ten_year":0.0937612332,"incep":0.0660926856,"daily_sharpe":0.4930716049,"daily_sortino":0.7922031342,"daily_mean":0.0760373763,"daily_vol":0.1542116308,"daily_skew":-0.4058734799,"daily_kurt":4.4275325918,"best_day":0.0490383762,"worst_day":-0.0878082644,"monthly_sharpe":0.4783291863,"monthly_sortino":0.9261632571,"monthly_mean":0.0750880663,"monthly_vol":0.1569798969,"monthly_skew":0.0968293341,"monthly_kurt":-0.1023195054,"best_month":0.1227494394,"worst_month":-0.1106234725,"yearly_sharpe":0.4068162242,"yearly_sortino":0.7764669503,"yearly_mean":0.0582863329,"yearly_vol":0.1432743568,"yearly_skew":-0.7585095266,"yearly_kurt":0.955516843,"best_year":0.26656906,"worst_year":-0.2832983602,"avg_drawdown":-0.0301283944,"avg_drawdown_days":92.0172413793,"avg_up_month":0.0420876232,"avg_down_month":-0.0299710598,"win_year_perc":0.6,"twelve_month_win_perc":0.5847953216}