{"start":1104451200000,"end":1638835200000,"rf":0.0,"total_return":2.8084474992,"cagr":0.0821702378,"max_drawdown":-0.4555501273,"calmar":0.1803758419,"mtd":0.0079153931,"three_month":-0.0053664607,"six_month":-0.062180232,"ytd":-0.0647566888,"one_year":-0.0462004795,"three_year":0.1219967093,"five_year":0.0832719658,"ten_year":-0.0015393352,"incep":0.0821702378,"daily_sharpe":0.5284254926,"daily_sortino":0.8464644086,"daily_mean":0.0953687198,"daily_vol":0.1804771366,"daily_skew":-0.1902215972,"daily_kurt":6.3812871791,"best_day":0.112905301,"worst_day":-0.0878082644,"monthly_sharpe":0.5434264204,"monthly_sortino":1.0423216441,"monthly_mean":0.0936012662,"monthly_vol":0.1722427594,"monthly_skew":0.0294860297,"monthly_kurt":0.2824411374,"best_month":0.1278650226,"worst_month":-0.161396537,"yearly_sharpe":0.5927410108,"yearly_sortino":1.3052224324,"yearly_mean":0.0935644489,"yearly_vol":0.1578504729,"yearly_skew":-0.7371472334,"yearly_kurt":0.4131771549,"best_year":0.3045404252,"worst_year":-0.2832983602,"avg_drawdown":-0.0346578919,"avg_drawdown_days":74.835443038,"avg_up_month":0.0451594519,"avg_down_month":-0.0326089834,"win_year_perc":0.7058823529,"twelve_month_win_perc":0.6494845361}