{"start":1104451200000,"end":1623024000000,"rf":0.0,"total_return":3.0609588634,"cagr":0.089025175,"max_drawdown":-0.4555501273,"calmar":0.1954234444,"mtd":-0.0028591196,"three_month":0.1176950848,"six_month":0.0170392575,"ytd":-0.0027472835,"one_year":0.1256882558,"three_year":0.131232417,"five_year":0.0840452903,"ten_year":0.0169010951,"incep":0.089025175,"daily_sharpe":0.5608800196,"daily_sortino":0.8999814364,"daily_mean":0.101970092,"daily_vol":0.1818037521,"daily_skew":-0.1869820957,"daily_kurt":6.3535040749,"best_day":0.112905301,"worst_day":-0.0878082644,"monthly_sharpe":0.5774286895,"monthly_sortino":1.1157117837,"monthly_mean":0.1001048818,"monthly_vol":0.1733631938,"monthly_skew":0.0198683503,"monthly_kurt":0.2608145555,"best_month":0.1278650226,"worst_month":-0.161396537,"yearly_sharpe":0.6286050236,"yearly_sortino":1.3626964666,"yearly_mean":0.0972120609,"yearly_vol":0.1546472861,"yearly_skew":-0.8052257434,"yearly_kurt":0.767505133,"best_year":0.3045404252,"worst_year":-0.2832983602,"avg_drawdown":-0.0346578919,"avg_drawdown_days":72.5189873418,"avg_up_month":0.0460086598,"avg_down_month":-0.0324964359,"win_year_perc":0.7058823529,"twelve_month_win_perc":0.670212766}