{"start":1104451200000,"end":1623974400000,"rf":0.0,"total_return":2.7655250125,"cagr":0.0838709957,"max_drawdown":-0.4555501273,"calmar":0.1841092575,"mtd":-0.0754008961,"three_month":0.0145792025,"six_month":-0.0652346951,"ytd":-0.0752971961,"one_year":0.0165802952,"three_year":0.1083995653,"five_year":0.0601369798,"ten_year":0.0095174791,"incep":0.0838709957,"daily_sharpe":0.5344759872,"daily_sortino":0.8568381684,"daily_mean":0.0972008541,"daily_vol":0.1818619666,"daily_skew":-0.187460445,"daily_kurt":6.3347203056,"best_day":0.112905301,"worst_day":-0.0878082644,"monthly_sharpe":0.5482700468,"monthly_sortino":1.0532937606,"monthly_mean":0.0957084105,"monthly_vol":0.1745643612,"monthly_skew":0.0180176285,"monthly_kurt":0.2108335346,"best_month":0.1278650226,"worst_month":-0.161396537,"yearly_sharpe":0.5862874655,"yearly_sortino":1.2898868937,"yearly_mean":0.092944419,"yearly_vol":0.1585304556,"yearly_skew":-0.7294550971,"yearly_kurt":0.3556269896,"best_year":0.3045404252,"worst_year":-0.2832983602,"avg_drawdown":-0.0346578919,"avg_drawdown_days":72.6582278481,"avg_up_month":0.0460086598,"avg_down_month":-0.0332600336,"win_year_perc":0.7058823529,"twelve_month_win_perc":0.670212766}
