{"start":1104451200000,"end":1630022400000,"rf":0.0,"total_return":1.1268530713,"cagr":0.0463543792,"max_drawdown":-0.1040142492,"calmar":0.4456541252,"mtd":-0.0040294389,"three_month":0.0260901894,"six_month":0.0160263504,"ytd":-0.0188195098,"one_year":-0.0255875655,"three_year":0.0614083047,"five_year":0.0264410073,"ten_year":0.0316506965,"incep":0.0463543792,"daily_sharpe":0.7381421817,"daily_sortino":1.2616816482,"daily_mean":0.0474203155,"daily_vol":0.0642427931,"daily_skew":0.1353954306,"daily_kurt":3.5384673155,"best_day":0.0342627149,"worst_day":-0.0250724855,"monthly_sharpe":0.7769724997,"monthly_sortino":1.6293411429,"monthly_mean":0.0471839532,"monthly_vol":0.0607279579,"monthly_skew":0.4155497936,"monthly_kurt":1.3601667843,"best_month":0.0775391099,"worst_month":-0.044027696,"yearly_sharpe":0.6950970412,"yearly_sortino":2.2440416567,"yearly_mean":0.0474783359,"yearly_vol":0.0683046151,"yearly_skew":0.2050722199,"yearly_kurt":-0.3208535999,"best_year":0.1791740302,"worst_year":-0.0659319722,"avg_drawdown":-0.0136660861,"avg_drawdown_days":47.5166666667,"avg_up_month":0.0157685307,"avg_down_month":-0.0105348795,"win_year_perc":0.8235294118,"twelve_month_win_perc":0.7368421053}