{"start":1104451200000,"end":1628035200000,"rf":0.0,"total_return":1.1448249041,"cagr":0.047065237,"max_drawdown":-0.1040142492,"calmar":0.4524883596,"mtd":0.0043864769,"three_month":0.0361190129,"six_month":0.004480485,"ytd":-0.0105285696,"one_year":-0.0323657443,"three_year":0.0676093932,"five_year":0.0269137726,"ten_year":0.0340936649,"incep":0.047065237,"daily_sharpe":0.748227533,"daily_sortino":1.2789676639,"daily_mean":0.0481170299,"daily_vol":0.0643080183,"daily_skew":0.1341301043,"daily_kurt":3.5354476232,"best_day":0.0342627149,"worst_day":-0.0250724855,"monthly_sharpe":0.7856957396,"monthly_sortino":1.6454837548,"monthly_mean":0.0476889082,"monthly_vol":0.0606964067,"monthly_skew":0.4093968662,"monthly_kurt":1.3650659806,"best_month":0.0775391099,"worst_month":-0.044027696,"yearly_sharpe":0.7071549327,"yearly_sortino":2.2839436277,"yearly_mean":0.0479660382,"yearly_vol":0.0678296029,"yearly_skew":0.2068045802,"yearly_kurt":-0.2689188215,"best_year":0.1791740302,"worst_year":-0.0659319722,"avg_drawdown":-0.0136660861,"avg_drawdown_days":47.325,"avg_up_month":0.0156659897,"avg_down_month":-0.0106079743,"win_year_perc":0.8235294118,"twelve_month_win_perc":0.7368421053}