{"start":1104451200000,"end":1625184000000,"rf":0.0,"total_return":1.0999009745,"cagr":0.045986275,"max_drawdown":-0.1040138978,"calmar":0.4421166398,"mtd":0.0029199972,"three_month":0.0231347964,"six_month":-0.0312537154,"ytd":-0.0312537154,"one_year":-0.0414234936,"three_year":0.0590109502,"five_year":0.0208542007,"ten_year":0.0375441882,"incep":0.045986275,"daily_sharpe":0.7316468566,"daily_sortino":1.2498364985,"daily_mean":0.0470790669,"daily_vol":0.0643467084,"daily_skew":0.1354008499,"daily_kurt":3.5466701814,"best_day":0.0342622064,"worst_day":-0.0250725189,"monthly_sharpe":0.7680818633,"monthly_sortino":1.6065356045,"monthly_mean":0.0466399945,"monthly_vol":0.0607226869,"monthly_skew":0.4222308525,"monthly_kurt":1.3849803417,"best_month":0.0775388531,"worst_month":-0.0440274315,"yearly_sharpe":0.6763086354,"yearly_sortino":2.1501712808,"yearly_mean":0.0467469442,"yearly_vol":0.0691207265,"yearly_skew":0.1916956287,"yearly_kurt":-0.389951899,"best_year":0.1791739666,"worst_year":-0.0659324467,"avg_drawdown":-0.0136661707,"avg_drawdown_days":47.05,"avg_up_month":0.0156141429,"avg_down_month":-0.0106079679,"win_year_perc":0.8235294118,"twelve_month_win_perc":0.7407407407}