{"start":1104451200000,"end":1625529600000,"rf":0.0,"total_return":1.1109674183,"cagr":0.0462880895,"max_drawdown":-0.1040138978,"calmar":0.4450183149,"mtd":0.0082053692,"three_month":0.0264441201,"six_month":-0.018374119,"ytd":-0.0261484383,"one_year":-0.0349447035,"three_year":0.059625843,"five_year":0.0218574814,"ten_year":0.0378745148,"incep":0.0462880895,"daily_sharpe":0.7363872606,"daily_sortino":1.2581183719,"daily_mean":0.0473873598,"daily_vol":0.0643511401,"daily_skew":0.1349093348,"daily_kurt":3.5437209928,"best_day":0.0342622064,"worst_day":-0.0250725189,"monthly_sharpe":0.7732188931,"monthly_sortino":1.6175139172,"monthly_mean":0.0469587104,"monthly_vol":0.0607314576,"monthly_skew":0.4175340588,"monthly_kurt":1.3798443697,"best_month":0.0775388531,"worst_month":-0.0440274315,"yearly_sharpe":0.6841161347,"yearly_sortino":2.1931242142,"yearly_mean":0.0470472546,"yearly_vol":0.0687708596,"yearly_skew":0.1987833724,"yearly_kurt":-0.3633380383,"best_year":0.1791739666,"worst_year":-0.0659324467,"avg_drawdown":-0.0136661707,"avg_drawdown_days":47.0833333333,"avg_up_month":0.0156621918,"avg_down_month":-0.0106079679,"win_year_perc":0.8235294118,"twelve_month_win_perc":0.7407407407}