{"start":1356912000000,"end":1641945600000,"rf":0.0,"total_return":0.2738335078,"cagr":0.0271587919,"max_drawdown":-0.1490336207,"calmar":0.1822326519,"mtd":-0.0178266527,"three_month":0.0078488884,"six_month":-0.0051312354,"ytd":-0.0178266527,"one_year":-0.0218430801,"three_year":0.0733706836,"five_year":0.0528429862,"ten_year":0.0271587919,"incep":0.0271587919,"daily_sharpe":0.3504781057,"daily_sortino":0.5764532651,"daily_mean":0.0306441162,"daily_vol":0.0874351799,"daily_skew":-0.0416066255,"daily_kurt":5.0271184786,"best_day":0.0431875755,"worst_day":-0.0345290086,"monthly_sharpe":0.3658645878,"monthly_sortino":0.7004943636,"monthly_mean":0.0299773365,"monthly_vol":0.0819356053,"monthly_skew":0.3623703053,"monthly_kurt":0.9913362178,"best_month":0.0754617058,"worst_month":-0.0614501966,"yearly_sharpe":0.3076937362,"yearly_sortino":0.6613682143,"yearly_mean":0.0282507022,"yearly_vol":0.0918143558,"yearly_skew":-0.2242749607,"yearly_kurt":-0.5028625655,"best_year":0.1570235894,"worst_year":-0.1383645797,"avg_drawdown":-0.028761991,"avg_drawdown_days":103.4193548387,"avg_up_month":0.0190250738,"avg_down_month":-0.0162972577,"win_year_perc":0.5,"twelve_month_win_perc":0.6363636364}