{"start":1293753600000,"end":1640908800000,"rf":0.0,"total_return":38.9687128089,"cagr":0.3983048497,"max_drawdown":-0.3980050537,"calmar":1.0007532468,"mtd":-0.0138916596,"three_month":0.2000606927,"six_month":0.2058116485,"ytd":0.2756429927,"one_year":0.2756429927,"three_year":0.7105745188,"five_year":0.5005565504,"ten_year":0.3888116616,"incep":0.3983048497,"daily_sharpe":1.3379537409,"daily_sortino":2.1344493398,"daily_mean":0.3754749267,"daily_vol":0.2806337134,"daily_skew":-0.5527621642,"daily_kurt":4.7612021046,"best_day":0.0946629875,"worst_day":-0.1386092328,"monthly_sharpe":1.4449238924,"monthly_sortino":3.3256825774,"monthly_mean":0.372128284,"monthly_vol":0.2575417888,"monthly_skew":-0.0028572224,"monthly_kurt":-0.1434852195,"best_month":0.2502576164,"worst_month":-0.1673755766,"yearly_sharpe":1.2155130131,"yearly_sortino":21.9508417413,"yearly_mean":0.4385724411,"yearly_vol":0.3608126251,"yearly_skew":0.5057154461,"yearly_kurt":-0.205304022,"best_year":1.1358331375,"worst_year":-0.0662653509,"avg_drawdown":-0.0363577993,"avg_drawdown_days":18.0634920635,"avg_up_month":0.0738148356,"avg_down_month":-0.0490144507,"win_year_perc":0.9090909091,"twelve_month_win_perc":0.9262295082}