{"start":1104451200000,"end":1623024000000,"rf":0.0,"total_return":3.316407703,"cagr":0.0930755908,"max_drawdown":-0.2055639931,"calmar":0.4527815859,"mtd":0.0035464934,"three_month":0.0780951023,"six_month":0.0219844081,"ytd":0.0066110525,"one_year":0.1154998386,"three_year":0.1375393357,"five_year":0.1028949766,"ten_year":0.0842219657,"incep":0.0930755908,"daily_sharpe":1.0147495689,"daily_sortino":1.6514375449,"daily_mean":0.0933766542,"daily_vol":0.0920194076,"daily_skew":-0.2718464079,"daily_kurt":5.0049277878,"best_day":0.0370359916,"worst_day":-0.0423168199,"monthly_sharpe":1.053927384,"monthly_sortino":2.1065523036,"monthly_mean":0.0928075838,"monthly_vol":0.0880588029,"monthly_skew":-0.2125459545,"monthly_kurt":2.4572865941,"best_month":0.0822422071,"worst_month":-0.1150634657,"yearly_sharpe":1.0560724327,"yearly_sortino":6.2576631541,"yearly_mean":0.0932481248,"yearly_vol":0.0882970921,"yearly_skew":-0.276496242,"yearly_kurt":-1.0844966046,"best_year":0.2281449524,"worst_year":-0.0505480152,"avg_drawdown":-0.0137368542,"avg_drawdown_days":27.2639593909,"avg_up_month":0.0225188595,"avg_down_month":-0.0159996806,"win_year_perc":0.7647058824,"twelve_month_win_perc":0.8457446809}