{"start":1265846400000,"end":1635811200000,"rf":0.0,"total_return":12.9600699566,"cagr":0.2521538175,"max_drawdown":-0.3130153944,"calmar":0.8055636306,"mtd":0.0048588578,"three_month":0.0247857152,"six_month":0.1802091656,"ytd":0.1186679783,"one_year":0.2813291091,"three_year":0.4224494319,"five_year":0.2718437359,"ten_year":0.2065240872,"incep":0.2521538175,"daily_sharpe":1.3164971293,"daily_sortino":2.0942640001,"daily_mean":0.2421231976,"daily_vol":0.1839147175,"daily_skew":-0.6163172958,"daily_kurt":6.5210036546,"best_day":0.0752949738,"worst_day":-0.1041145706,"monthly_sharpe":1.3759671211,"monthly_sortino":3.0375992223,"monthly_mean":0.2367080624,"monthly_vol":0.1720303187,"monthly_skew":-0.0206136456,"monthly_kurt":-0.1256241277,"best_month":0.16252805,"worst_month":-0.0927875445,"yearly_sharpe":1.0490514672,"yearly_sortino":11.721058589,"yearly_mean":0.2461842517,"yearly_vol":0.2346731875,"yearly_skew":0.1840998511,"yearly_kurt":-1.2114055998,"best_year":0.6336640103,"worst_year":-0.0601028588,"avg_drawdown":-0.0264885961,"avg_drawdown_days":23.7197452229,"avg_up_month":0.0474485104,"avg_down_month":-0.0339873277,"win_year_perc":0.8181818182,"twelve_month_win_perc":0.9160305344}