{"start":1265846400000,"end":1639094400000,"rf":0.0,"total_return":27.7847558536,"cagr":0.3285263328,"max_drawdown":-0.388321061,"calmar":0.8460172929,"mtd":0.0099342635,"three_month":0.0699505331,"six_month":0.2200364802,"ytd":0.2605628944,"one_year":0.3278387454,"three_year":0.5091449291,"five_year":0.3675977379,"ten_year":0.292350042,"incep":0.3285263328,"daily_sharpe":1.3577543473,"daily_sortino":2.1324295591,"daily_mean":0.3107555317,"daily_vol":0.2288746358,"daily_skew":-0.784492912,"daily_kurt":8.4252537453,"best_day":0.1012320341,"worst_day":-0.1338384255,"monthly_sharpe":1.4577252513,"monthly_sortino":3.2455279006,"monthly_mean":0.3034019118,"monthly_vol":0.2081338109,"monthly_skew":-0.0491897179,"monthly_kurt":0.0615917722,"best_month":0.2081516213,"worst_month":-0.1328178757,"yearly_sharpe":1.2722274574,"yearly_sortino":12.2009796399,"yearly_mean":0.3285431746,"yearly_vol":0.2582424807,"yearly_skew":-0.2136368908,"yearly_kurt":-1.0509838144,"best_year":0.6759901474,"worst_year":-0.0895025642,"avg_drawdown":-0.0262396528,"avg_drawdown_days":17.4928229665,"avg_up_month":0.0583043769,"avg_down_month":-0.0414608478,"win_year_perc":0.8181818182,"twelve_month_win_perc":0.9318181818}