{"start":1265846400000,"end":1648166400000,"rf":0.0,"total_return":23.4471206504,"cagr":0.301929926,"max_drawdown":-0.3660184411,"calmar":0.8249035899,"mtd":-0.025203219,"three_month":-0.1914284898,"six_month":-0.1133643962,"ytd":-0.1972606235,"one_year":0.1694393415,"three_year":0.3553082457,"five_year":0.29655337,"ten_year":0.2460377202,"incep":0.301929926,"daily_sharpe":1.2861919189,"daily_sortino":2.0398776701,"daily_mean":0.2896495384,"daily_vol":0.2251993145,"daily_skew":-0.6339258195,"daily_kurt":5.4532630748,"best_day":0.0885700635,"worst_day":-0.1199927223,"monthly_sharpe":1.3543768223,"monthly_sortino":2.9496279272,"monthly_mean":0.2842106659,"monthly_vol":0.2098460792,"monthly_skew":-0.033533326,"monthly_kurt":0.2117934373,"best_month":0.2143531669,"worst_month":-0.133062296,"yearly_sharpe":0.9834539133,"yearly_sortino":4.8962949563,"yearly_mean":0.2895230324,"yearly_vol":0.2943941027,"yearly_skew":-0.0684838618,"yearly_kurt":-0.6773883457,"best_year":0.7631348484,"worst_year":-0.1972606235,"avg_drawdown":-0.0273281033,"avg_drawdown_days":17.2222222222,"avg_up_month":0.0573115616,"avg_down_month":-0.0421979122,"win_year_perc":0.75,"twelve_month_win_perc":0.9333333333}