{"start":1265846400000,"end":1705881600000,"rf":0.0,"total_return":17.2058511481,"cagr":0.2313383142,"max_drawdown":-0.6150028599,"calmar":0.3761581112,"mtd":-0.0181608423,"three_month":0.3649270289,"six_month":0.0336475541,"ytd":-0.0181608423,"one_year":0.291739167,"three_year":-0.0739897144,"five_year":0.1705123718,"ten_year":0.1763579627,"incep":0.2313383142,"daily_sharpe":0.9629769197,"daily_sortino":1.5339228532,"daily_mean":0.2396092973,"daily_vol":0.2488214332,"daily_skew":-0.3937247131,"daily_kurt":5.0930754844,"best_day":0.1276238015,"worst_day":-0.1199928201,"monthly_sharpe":0.9299230756,"monthly_sortino":1.7389510266,"monthly_mean":0.2391464263,"monthly_vol":0.2571679665,"monthly_skew":-0.2535494684,"monthly_kurt":0.8921188874,"best_month":0.2234698202,"worst_month":-0.2259483189,"yearly_sharpe":0.7265500124,"yearly_sortino":1.6397852676,"yearly_mean":0.2525349446,"yearly_vol":0.3475809514,"yearly_skew":-0.8897649782,"yearly_kurt":1.206386043,"best_year":0.7464359337,"worst_year":-0.5789849138,"avg_drawdown":-0.0283357687,"avg_drawdown_days":20.5420560748,"avg_up_month":0.0620887603,"avg_down_month":-0.0552562709,"win_year_perc":0.7142857143,"twelve_month_win_perc":0.847133758}