{"start":1265846400000,"end":1637625600000,"rf":0.0,"total_return":12.9785417229,"cagr":0.2509208386,"max_drawdown":-0.2391330209,"calmar":1.0492939771,"mtd":0.0164430725,"three_month":0.0356508727,"six_month":0.2488119145,"ytd":0.1630708542,"one_year":0.2476465554,"three_year":0.4116059924,"five_year":0.2968868347,"ten_year":0.2406367635,"incep":0.2509208386,"daily_sharpe":1.4456578201,"daily_sortino":2.3109006656,"daily_mean":0.2376687029,"daily_vol":0.164401769,"daily_skew":-0.5558805669,"daily_kurt":3.7029256719,"best_day":0.0551143639,"worst_day":-0.0645164091,"monthly_sharpe":1.5454977797,"monthly_sortino":3.6147239659,"monthly_mean":0.2346949686,"monthly_vol":0.151857202,"monthly_skew":-0.0171722781,"monthly_kurt":-0.0945173566,"best_month":0.1478903552,"worst_month":-0.100342307,"yearly_sharpe":1.3075062995,"yearly_sortino":39.2533290434,"yearly_mean":0.2496220984,"yearly_vol":0.190914643,"yearly_skew":0.4825435574,"yearly_kurt":-0.1724726637,"best_year":0.6173967337,"worst_year":-0.0210912771,"avg_drawdown":-0.0206824333,"avg_drawdown_days":16.5555555556,"avg_up_month":0.0429234122,"avg_down_month":-0.0302884819,"win_year_perc":0.9090909091,"twelve_month_win_perc":0.9465648855}