{"start":1104451200000,"end":1642032000000,"rf":0.0,"total_return":3.4699276177,"cagr":0.0918791747,"max_drawdown":-0.2055645404,"calmar":0.446960232,"mtd":-0.0176747581,"three_month":0.0277146404,"six_month":0.0267570647,"ytd":-0.0176747581,"one_year":0.05806409,"three_year":0.1543388586,"five_year":0.1118530504,"ten_year":0.0747329252,"incep":0.0918791747,"daily_sharpe":1.0077158315,"daily_sortino":1.6391685486,"daily_mean":0.0921795521,"daily_vol":0.091473756,"daily_skew":-0.2752522559,"daily_kurt":4.9628572498,"best_day":0.037035958,"worst_day":-0.0423168832,"monthly_sharpe":1.0442582657,"monthly_sortino":2.0821933403,"monthly_mean":0.0918083979,"monthly_vol":0.0879173294,"monthly_skew":-0.2163864707,"monthly_kurt":2.3568112537,"best_month":0.0822427168,"worst_month":-0.1150629932,"yearly_sharpe":1.0289723567,"yearly_sortino":6.1429848515,"yearly_mean":0.0901167178,"yearly_vol":0.087579338,"yearly_skew":-0.2176300509,"yearly_kurt":-1.0794464451,"best_year":0.2281449883,"worst_year":-0.0505478073,"avg_drawdown":-0.0138351065,"avg_drawdown_days":26.8888888889,"avg_up_month":0.0225509699,"avg_down_month":-0.016114288,"win_year_perc":0.7222222222,"twelve_month_win_perc":0.8512820513}