{"start":1199232000000,"end":1639094400000,"rf":0.0,"total_return":1.4710795281,"cagr":0.0670563756,"max_drawdown":-0.223667655,"calmar":0.2998036334,"mtd":0.0073831121,"three_month":0.0189269471,"six_month":0.0288925575,"ytd":0.0404435862,"one_year":0.0587283639,"three_year":0.1482097999,"five_year":0.103994969,"ten_year":0.061877733,"incep":0.0670563756,"daily_sharpe":0.7499731694,"daily_sortino":1.2037203126,"daily_mean":0.0698165253,"daily_vol":0.0930920307,"daily_skew":-0.2931749747,"daily_kurt":5.0006063865,"best_day":0.0343996714,"worst_day":-0.0422996771,"monthly_sharpe":0.74577515,"monthly_sortino":1.3998365927,"monthly_mean":0.0690601836,"monthly_vol":0.0926018835,"monthly_skew":-0.3066519482,"monthly_kurt":2.3895577577,"best_month":0.070107802,"worst_month":-0.1207740243,"yearly_sharpe":0.8813533996,"yearly_sortino":3.4771261843,"yearly_mean":0.080074645,"yearly_vol":0.0908541852,"yearly_skew":-0.261242575,"yearly_kurt":-0.8868449773,"best_year":0.2148468295,"worst_year":-0.0665642167,"avg_drawdown":-0.0187648381,"avg_drawdown_days":45.4423076923,"avg_up_month":0.0230012042,"avg_down_month":-0.0175637753,"win_year_perc":0.7692307692,"twelve_month_win_perc":0.7898089172}