{"start":1104451200000,"end":1649808000000,"rf":0.0,"total_return":3.3141460345,"cagr":0.0882753834,"max_drawdown":-0.2055645591,"calmar":0.4294290017,"mtd":-0.0206510953,"three_month":-0.0348509742,"six_month":-0.0081022375,"ytd":-0.0519097797,"one_year":0.0396638466,"three_year":0.1219154189,"five_year":0.0948836,"ten_year":0.0687947582,"incep":0.0882753834,"daily_sharpe":0.9704537823,"daily_sortino":1.5765469252,"daily_mean":0.0888807129,"daily_vol":0.0915867551,"daily_skew":-0.2773071112,"daily_kurt":4.861435291,"best_day":0.0370359896,"worst_day":-0.0423168554,"monthly_sharpe":1.0055842536,"monthly_sortino":1.9903881857,"monthly_mean":0.0884808576,"monthly_vol":0.0879895019,"monthly_skew":-0.2068903559,"monthly_kurt":2.2966374898,"best_month":0.0822426658,"worst_month":-0.1150632043,"yearly_sharpe":0.9759921261,"yearly_sortino":4.9270908223,"yearly_mean":0.0882147689,"yearly_vol":0.0903847137,"yearly_skew":-0.2714696275,"yearly_kurt":-1.070832192,"best_year":0.2281447668,"worst_year":-0.0519097797,"avg_drawdown":-0.0139934279,"avg_drawdown_days":27.3236714976,"avg_up_month":0.0224184378,"avg_down_month":-0.016215721,"win_year_perc":0.7222222222,"twelve_month_win_perc":0.8535353535}