{"start":1265846400000,"end":1637625600000,"rf":0.0,"total_return":92.0541666997,"cagr":0.4693034362,"max_drawdown":-0.4247697666,"calmar":1.1048419005,"mtd":0.0239702426,"three_month":0.0499520059,"six_month":0.4615011436,"ytd":0.2833401843,"one_year":0.4627250565,"three_year":0.7963382735,"five_year":0.5402828559,"ten_year":0.4372885755,"incep":0.4693034362,"daily_sharpe":1.4288026186,"daily_sortino":2.2839539978,"daily_mean":0.4311319687,"daily_vol":0.301743546,"daily_skew":-0.5581133198,"daily_kurt":4.8940346908,"best_day":0.102274904,"worst_day":-0.1539772694,"monthly_sharpe":1.5276346886,"monthly_sortino":3.5778351033,"monthly_mean":0.4232153506,"monthly_vol":0.2770396311,"monthly_skew":0.0011699921,"monthly_kurt":-0.1023604353,"best_month":0.2675646218,"worst_month":-0.1873557029,"yearly_sharpe":1.2198088839,"yearly_sortino":20.731650812,"yearly_mean":0.485454973,"yearly_vol":0.3979762562,"yearly_skew":0.4648509146,"yearly_kurt":-0.2729846465,"best_year":1.2477149788,"worst_year":-0.077662508,"avg_drawdown":-0.0377227254,"avg_drawdown_days":17.0,"avg_up_month":0.0778021389,"avg_down_month":-0.0554716658,"win_year_perc":0.9090909091,"twelve_month_win_perc":0.9312977099}