{"start":1265846400000,"end":1743033600000,"rf":0.0,"total_return":21.4864707672,"cagr":0.2285871958,"max_drawdown":-0.6143680609,"calmar":0.3720688141,"mtd":-0.080806251,"three_month":-0.0498550187,"six_month":-0.083204243,"ytd":-0.0233199379,"one_year":0.0753288723,"three_year":-0.0318259513,"five_year":0.1131924393,"ten_year":0.1534581391,"incep":0.2285871958,"daily_sharpe":0.9527666094,"daily_sortino":1.5212379797,"daily_mean":0.2374857001,"daily_vol":0.2492590502,"daily_skew":-0.3929135954,"daily_kurt":4.726600993,"best_day":0.1276238134,"worst_day":-0.1199927716,"monthly_sharpe":0.9298490587,"monthly_sortino":1.7299062137,"monthly_mean":0.2366661744,"monthly_vol":0.2545210668,"monthly_skew":-0.2760745765,"monthly_kurt":0.823840025,"best_month":0.2234698305,"worst_month":-0.2259482527,"yearly_sharpe":0.7432977341,"yearly_sortino":1.6892648901,"yearly_mean":0.2508752867,"yearly_vol":0.3375165498,"yearly_skew":-0.8358985716,"yearly_kurt":1.3661610312,"best_year":0.7631350212,"worst_year":-0.5777688021,"avg_drawdown":-0.028867283,"avg_drawdown_days":22.3055555556,"avg_up_month":0.0614527317,"avg_down_month":-0.0565664814,"win_year_perc":0.7333333333,"twelve_month_win_perc":0.8596491228}