{"start":1104451200000,"end":1623715200000,"rf":0.0,"total_return":3.3078212211,"cagr":0.092813854,"max_drawdown":-0.2055639931,"calmar":0.4515083241,"mtd":0.0015501727,"three_month":0.0614331118,"six_month":0.0187820825,"ytd":0.0046086357,"one_year":0.1065798315,"three_year":0.1373144912,"five_year":0.099090235,"ten_year":0.084505398,"incep":0.092813854,"daily_sharpe":1.0124784256,"daily_sortino":1.647844017,"daily_mean":0.0931221081,"daily_vol":0.0919744122,"daily_skew":-0.271407005,"daily_kurt":5.0090151859,"best_day":0.0370359916,"worst_day":-0.0423168199,"monthly_sharpe":1.0524679248,"monthly_sortino":2.1038060849,"monthly_mean":0.0926865947,"monthly_vol":0.0880659567,"monthly_skew":-0.2113431188,"monthly_kurt":2.4551699149,"best_month":0.0822422071,"worst_month":-0.1150634657,"yearly_sharpe":1.0532587223,"yearly_sortino":6.2497585951,"yearly_mean":0.0931303356,"yearly_vol":0.0884211387,"yearly_skew":-0.275532623,"yearly_kurt":-1.0927725731,"best_year":0.2281449524,"worst_year":-0.0505480152,"avg_drawdown":-0.0137172824,"avg_drawdown_days":27.1616161616,"avg_up_month":0.0225024962,"avg_down_month":-0.0159996806,"win_year_perc":0.7647058824,"twelve_month_win_perc":0.8457446809}