{"start":1104451200000,"end":1625788800000,"rf":0.0,"total_return":3.366108404,"cagr":0.0933172286,"max_drawdown":-0.2055646165,"calmar":0.4539556961,"mtd":0.0184892423,"three_month":0.0561639509,"six_month":0.0351240251,"ytd":0.0182013841,"one_year":0.0839382571,"three_year":0.1424156726,"five_year":0.0929711642,"ten_year":0.0838799062,"incep":0.0933172286,"daily_sharpe":1.0184488514,"daily_sortino":1.6576425908,"daily_mean":0.0935637386,"daily_vol":0.0918688636,"daily_skew":-0.2723972204,"daily_kurt":5.0151519174,"best_day":0.0370356703,"worst_day":-0.042316727,"monthly_sharpe":1.0583497175,"monthly_sortino":2.116961765,"monthly_mean":0.093041711,"monthly_vol":0.0879120667,"monthly_skew":-0.2148608809,"monthly_kurt":2.4665109347,"best_month":0.0822422287,"worst_month":-0.1150631834,"yearly_sharpe":1.0719104396,"yearly_sortino":6.3034174346,"yearly_mean":0.0939299177,"yearly_vol":0.0876285128,"yearly_skew":-0.2853660102,"yearly_kurt":-1.0322199074,"best_year":0.2281447523,"worst_year":-0.0505479637,"avg_drawdown":-0.0137238153,"avg_drawdown_days":27.1407035176,"avg_up_month":0.0226413374,"avg_down_month":-0.0158350839,"win_year_perc":0.7647058824,"twelve_month_win_perc":0.8465608466}