{"start":1265846400000,"end":1641340800000,"rf":0.0,"total_return":59.8184306123,"cagr":0.412327159,"max_drawdown":-0.3980050586,"calmar":1.0359847197,"mtd":-0.0925240538,"three_month":0.0978107065,"six_month":0.0668990259,"ytd":-0.0925240538,"one_year":0.1777960662,"three_year":0.6385919189,"five_year":0.458310235,"ten_year":0.3743028176,"incep":0.412327159,"daily_sharpe":1.3856235488,"daily_sortino":2.2139588244,"daily_mean":0.3844781976,"daily_vol":0.2774766624,"daily_skew":-0.5567968151,"daily_kurt":4.6717797693,"best_day":0.0946629372,"worst_day":-0.1386091985,"monthly_sharpe":1.4672889534,"monthly_sortino":3.3929665057,"monthly_mean":0.3761119726,"monthly_vol":0.2563312235,"monthly_skew":-0.0052854549,"monthly_kurt":-0.1638421227,"best_month":0.2502576929,"worst_month":-0.167375484,"yearly_sharpe":1.0469328304,"yearly_sortino":12.5548602715,"yearly_mean":0.394314391,"yearly_vol":0.3766377169,"yearly_skew":0.5161260304,"yearly_kurt":-0.3362463572,"best_year":1.1358330564,"worst_year":-0.0925240538,"avg_drawdown":-0.0354512962,"avg_drawdown_days":17.345971564,"avg_up_month":0.0733747348,"avg_down_month":-0.0492902869,"win_year_perc":0.8333333333,"twelve_month_win_perc":0.9323308271}