{"start":1104451200000,"end":1648166400000,"rf":0.0,"total_return":3.3887287887,"cagr":0.0896368387,"max_drawdown":-0.2055644042,"calmar":0.436052336,"mtd":-0.0049618318,"three_month":-0.0294169722,"six_month":0.0076824554,"ytd":-0.0355192635,"one_year":0.0871533646,"three_year":0.1279916233,"five_year":0.1016916909,"ten_year":0.0701578265,"incep":0.0896368387,"daily_sharpe":0.9841204848,"daily_sortino":1.5997761834,"daily_mean":0.0901303414,"daily_vol":0.0915846614,"daily_skew":-0.2764762733,"daily_kurt":4.8757255776,"best_day":0.037035995,"worst_day":-0.042316977,"monthly_sharpe":1.021850206,"monthly_sortino":2.0240354861,"monthly_mean":0.0898900772,"monthly_vol":0.0879679591,"monthly_skew":-0.2158482201,"monthly_kurt":2.3251005201,"best_month":0.0822426142,"worst_month":-0.1150631915,"yearly_sharpe":1.0018434875,"yearly_sortino":5.5936622896,"yearly_mean":0.0891253567,"yearly_vol":0.0889613575,"yearly_skew":-0.2387125562,"yearly_kurt":-1.0949959411,"best_year":0.2281446835,"worst_year":-0.0505480535,"avg_drawdown":-0.0139782084,"avg_drawdown_days":27.231884058,"avg_up_month":0.0224184504,"avg_down_month":-0.0162067422,"win_year_perc":0.7222222222,"twelve_month_win_perc":0.8527918782}