{"start":1265846400000,"end":1635724800000,"rf":0.0,"total_return":10.9206676502,"cagr":0.2354601125,"max_drawdown":-0.2637952142,"calmar":0.8925867484,"mtd":0.0011182995,"three_month":0.0229635434,"six_month":0.1484342148,"ytd":0.121628369,"one_year":0.2992374925,"three_year":0.3819899991,"five_year":0.2619885704,"ten_year":0.1985330453,"incep":0.2354601125,"daily_sharpe":1.3870718949,"daily_sortino":2.2061801601,"daily_mean":0.2323888576,"daily_vol":0.1675391582,"daily_skew":-0.5989048819,"daily_kurt":4.7324791061,"best_day":0.0637309268,"worst_day":-0.0757726966,"monthly_sharpe":1.4050910965,"monthly_sortino":3.203823488,"monthly_mean":0.2210711635,"monthly_vol":0.1573358226,"monthly_skew":0.0718316297,"monthly_kurt":0.0329918795,"best_month":0.1589473171,"worst_month":-0.0895164302,"yearly_sharpe":1.1146877594,"yearly_sortino":15.6068354223,"yearly_mean":0.2246906123,"yearly_vol":0.2015726919,"yearly_skew":0.3676162244,"yearly_kurt":-0.6778101835,"best_year":0.5814825194,"worst_year":-0.0441136696,"avg_drawdown":-0.0213818201,"avg_drawdown_days":19.3227513228,"avg_up_month":0.0437965816,"avg_down_month":-0.0307394983,"win_year_perc":0.8181818182,"twelve_month_win_perc":0.9312977099}