{"start":1104451200000,"end":1642982400000,"rf":0.0,"total_return":3.3643535663,"cagr":0.0901817752,"max_drawdown":-0.205564739,"calmar":0.4387025502,"mtd":-0.0408758834,"three_month":-0.0078096249,"six_month":-0.0069233993,"ytd":-0.0408758834,"one_year":0.0308577931,"three_year":0.1423286071,"five_year":0.1062811906,"ten_year":0.0720826158,"incep":0.0901817752,"daily_sharpe":0.9909133674,"daily_sortino":1.6114355875,"daily_mean":0.090654855,"daily_vol":0.0914861561,"daily_skew":-0.273949775,"daily_kurt":4.9505209959,"best_day":0.037036085,"worst_day":-0.0423168038,"monthly_sharpe":1.0221774026,"monthly_sortino":2.0190366424,"monthly_mean":0.0904502766,"monthly_vol":0.088487846,"monthly_skew":-0.2279251062,"monthly_kurt":2.2755098157,"best_month":0.0822421609,"worst_month":-0.1150634003,"yearly_sharpe":0.9934805234,"yearly_sortino":5.382217031,"yearly_mean":0.0888277571,"yearly_vol":0.0894106679,"yearly_skew":-0.2480209518,"yearly_kurt":-1.0914626304,"best_year":0.2281448306,"worst_year":-0.0505480694,"avg_drawdown":-0.0139078209,"avg_drawdown_days":26.9420289855,"avg_up_month":0.0225509657,"avg_down_month":-0.0164079678,"win_year_perc":0.7222222222,"twelve_month_win_perc":0.8512820513}