{"start":1262217600000,"end":1641340800000,"rf":0.0,"total_return":44.1325050306,"cagr":0.3731469492,"max_drawdown":-0.5171541766,"calmar":0.7215390807,"mtd":-0.0677375759,"three_month":0.1434278833,"six_month":0.1294228916,"ytd":-0.0677375759,"one_year":0.4599348418,"three_year":0.6807940205,"five_year":0.4937789825,"ten_year":0.4096419673,"incep":0.3731469492,"daily_sharpe":1.0119327311,"daily_sortino":1.5850810774,"daily_mean":0.3942725166,"daily_vol":0.3896232472,"daily_skew":-0.4636680055,"daily_kurt":8.6757029067,"best_day":0.1905407187,"worst_day":-0.2428097932,"monthly_sharpe":1.1243924616,"monthly_sortino":2.3319445075,"monthly_mean":0.3731356048,"monthly_vol":0.3318553064,"monthly_skew":-0.0186044106,"monthly_kurt":0.0979357414,"best_month":0.3058718572,"worst_month":-0.2112204004,"yearly_sharpe":1.0918931392,"yearly_sortino":13.408069295,"yearly_mean":0.3820797566,"yearly_vol":0.3499241299,"yearly_skew":0.1197446051,"yearly_kurt":-1.4568304867,"best_year":0.8889542354,"worst_year":-0.0831042029,"avg_drawdown":-0.0450434809,"avg_drawdown_days":19.5263157895,"avg_up_month":0.0872542934,"avg_down_month":-0.0693447577,"win_year_perc":0.8461538462,"twelve_month_win_perc":0.8962962963}