{"start":1104451200000,"end":1637625600000,"rf":0.0,"total_return":3.4501312903,"cagr":0.0923856343,"max_drawdown":-0.2055646149,"calmar":0.4494238194,"mtd":0.001226768,"three_month":0.0018688715,"six_month":0.0454829,"ytd":0.037796116,"one_year":0.062394205,"three_year":0.1649112953,"five_year":0.115100102,"ten_year":0.0767675298,"incep":0.0923856343,"daily_sharpe":1.0115163685,"daily_sortino":1.6454176471,"daily_mean":0.0926518989,"daily_vol":0.0915970337,"daily_skew":-0.2749459615,"daily_kurt":4.9744702367,"best_day":0.037036048,"worst_day":-0.0423167729,"monthly_sharpe":1.0491770057,"monthly_sortino":2.0913685752,"monthly_mean":0.0924295537,"monthly_vol":0.0880971973,"monthly_skew":-0.2190301562,"monthly_kurt":2.3635820978,"best_month":0.0822423228,"worst_month":-0.1150633221,"yearly_sharpe":1.0967603835,"yearly_sortino":6.3807939638,"yearly_mean":0.0950825377,"yearly_vol":0.0866939936,"yearly_skew":-0.3119143074,"yearly_kurt":-0.9344341439,"best_year":0.2281449262,"worst_year":-0.0505478397,"avg_drawdown":-0.013776184,"avg_drawdown_days":26.7766990291,"avg_up_month":0.0225516425,"avg_down_month":-0.0160942995,"win_year_perc":0.7647058824,"twelve_month_win_perc":0.8497409326}