{"start":1104451200000,"end":1625529600000,"rf":0.0,"total_return":3.3501401709,"cagr":0.0931231582,"max_drawdown":-0.2055646165,"calmar":0.4530116115,"mtd":0.0147643065,"three_month":0.0562239329,"six_month":0.021704967,"ytd":0.0144775011,"one_year":0.0896630929,"three_year":0.1416593444,"five_year":0.0926942103,"ten_year":0.0844866509,"incep":0.0931231582,"daily_sharpe":1.0164955357,"daily_sortino":1.6543963415,"daily_mean":0.0934081101,"daily_vol":0.0918922974,"daily_skew":-0.2722140231,"daily_kurt":5.0125103629,"best_day":0.0370356703,"worst_day":-0.042316727,"monthly_sharpe":1.0560687227,"monthly_sortino":2.1118510426,"monthly_mean":0.0928170917,"monthly_vol":0.0878892535,"monthly_skew":-0.2130713453,"monthly_kurt":2.4714550954,"best_month":0.0822422287,"worst_month":-0.1150631834,"yearly_sharpe":1.0669080224,"yearly_sortino":6.2887173703,"yearly_mean":0.0937108657,"yearly_vol":0.0878340623,"yearly_skew":-0.2819196691,"yearly_kurt":-1.0497227099,"best_year":0.2281447523,"worst_year":-0.0505479637,"avg_drawdown":-0.0137844134,"avg_drawdown_days":27.2676767677,"avg_up_month":0.0226108052,"avg_down_month":-0.0158350839,"win_year_perc":0.7647058824,"twelve_month_win_perc":0.8465608466}