{"start":1262217600000,"end":1635724800000,"rf":0.0,"total_return":6.6034704456,"cagr":0.1869615128,"max_drawdown":-0.2838532009,"calmar":0.6586556439,"mtd":-0.0017461493,"three_month":0.0141500063,"six_month":0.1299255489,"ytd":0.0914282646,"one_year":0.2356555869,"three_year":0.323084553,"five_year":0.2048528334,"ten_year":0.1492792174,"incep":0.1869615128,"daily_sharpe":1.1396061898,"daily_sortino":1.8060322961,"daily_mean":0.1848685209,"daily_vol":0.1622214082,"daily_skew":-0.6225799382,"daily_kurt":6.8166921039,"best_day":0.067441242,"worst_day":-0.0925487776,"monthly_sharpe":1.2056962869,"monthly_sortino":2.6257645093,"monthly_mean":0.1826635844,"monthly_vol":0.1515004951,"monthly_skew":0.1012167629,"monthly_kurt":-0.0264850319,"best_month":0.1359383266,"worst_month":-0.0914357648,"yearly_sharpe":1.0233084104,"yearly_sortino":6.4701895431,"yearly_mean":0.1992702924,"yearly_vol":0.1947314127,"yearly_skew":-0.2891355716,"yearly_kurt":-1.4124342411,"best_year":0.4526186418,"worst_year":-0.078772098,"avg_drawdown":-0.0255290863,"avg_drawdown_days":26.8521126761,"avg_up_month":0.0397724384,"avg_down_month":-0.0304419145,"win_year_perc":0.75,"twelve_month_win_perc":0.8571428571}