{"start":1104710400000,"end":1743033600000,"rf":0.0,"total_return":4.1673110709,"cagr":0.0845824536,"max_drawdown":-0.2312512152,"calmar":0.3657600394,"mtd":-0.0010534255,"three_month":0.0496494795,"six_month":0.0234149058,"ytd":0.0533240129,"one_year":0.148344527,"three_year":0.0542340406,"five_year":0.0731076384,"ten_year":0.0735278058,"incep":0.0845824536,"daily_sharpe":0.905131905,"daily_sortino":1.483307891,"daily_mean":0.0858205428,"daily_vol":0.0948155095,"daily_skew":-0.1866956814,"daily_kurt":4.2628988685,"best_day":0.0414814905,"worst_day":-0.0423167213,"monthly_sharpe":0.9093600796,"monthly_sortino":1.732419166,"monthly_mean":0.0862368834,"monthly_vol":0.094832493,"monthly_skew":-0.2446121794,"monthly_kurt":1.5265320662,"best_month":0.082242213,"worst_month":-0.1150632573,"yearly_sharpe":0.8389476892,"yearly_sortino":2.1302654272,"yearly_mean":0.0845111138,"yearly_vol":0.1007346642,"yearly_skew":-0.8972907159,"yearly_kurt":0.6919466605,"best_year":0.228145217,"worst_year":-0.1726090647,"avg_drawdown":-0.0146275837,"avg_drawdown_days":29.4052863436,"avg_up_month":0.023677397,"avg_down_month":-0.0183312303,"win_year_perc":0.75,"twelve_month_win_perc":0.8189655172}