{"start":1265846400000,"end":1635724800000,"rf":0.0,"total_return":89.535141009,"cagr":0.4687686463,"max_drawdown":-0.4247697608,"calmar":1.1035829043,"mtd":-0.0037491305,"three_month":0.0680880429,"six_month":0.3269439333,"ytd":0.2485995406,"one_year":0.6362373306,"three_year":0.7238710467,"five_year":0.5102745741,"ten_year":0.4222966809,"incep":0.4687686463,"daily_sharpe":1.4288689486,"daily_sortino":2.2853969988,"daily_mean":0.430799297,"daily_vol":0.301496717,"daily_skew":-0.5557893139,"daily_kurt":4.9362617926,"best_day":0.102274862,"worst_day":-0.1539772439,"monthly_sharpe":1.5179423544,"monthly_sortino":3.5591871648,"monthly_mean":0.4208562662,"monthly_vol":0.2772544458,"monthly_skew":0.0078228533,"monthly_kurt":-0.1110745624,"best_month":0.2675645357,"worst_month":-0.1873557029,"yearly_sharpe":1.2061219468,"yearly_sortino":20.5967770368,"yearly_mean":0.4822967561,"yearly_vol":0.3998739575,"yearly_skew":0.477607575,"yearly_kurt":-0.3138226792,"best_year":1.2477151928,"worst_year":-0.0776625088,"avg_drawdown":-0.0375661733,"avg_drawdown_days":17.1,"avg_up_month":0.0783687907,"avg_down_month":-0.0543472607,"win_year_perc":0.9090909091,"twelve_month_win_perc":0.9312977099}