{"start":1104451200000,"end":1625184000000,"rf":0.0,"total_return":3.3287659517,"cagr":0.0928614879,"max_drawdown":-0.2055646165,"calmar":0.4517386771,"mtd":0.0097783074,"three_month":0.0593643842,"six_month":0.0094929112,"ytd":0.0094929112,"one_year":0.090619769,"three_year":0.1443966531,"five_year":0.0927533874,"ten_year":0.0845645671,"incep":0.0928614879,"daily_sharpe":1.0134344678,"daily_sortino":1.6493474953,"daily_mean":0.0931310527,"daily_vol":0.0918964725,"daily_skew":-0.2717907503,"daily_kurt":5.0126854225,"best_day":0.0370356703,"worst_day":-0.042316727,"monthly_sharpe":1.0528351677,"monthly_sortino":2.1050101041,"monthly_mean":0.0925164285,"monthly_vol":0.0878736115,"monthly_skew":-0.2102978241,"monthly_kurt":2.474500387,"best_month":0.0822422287,"worst_month":-0.1150631834,"yearly_sharpe":1.0600832913,"yearly_sortino":6.2690406535,"yearly_mean":0.0934176546,"yearly_vol":0.0881229384,"yearly_skew":-0.2781846568,"yearly_kurt":-1.0721504724,"best_year":0.2281447523,"worst_year":-0.0505479637,"avg_drawdown":-0.0137844134,"avg_drawdown_days":27.2474747475,"avg_up_month":0.0225699363,"avg_down_month":-0.0158350839,"win_year_perc":0.7647058824,"twelve_month_win_perc":0.8465608466}