{"start":1104451200000,"end":1649721600000,"rf":0.0,"total_return":3.2878890275,"cagr":0.087905525,"max_drawdown":-0.2055645777,"calmar":0.4276297308,"mtd":-0.026611747,"three_month":-0.0434798447,"six_month":-0.0039295955,"ytd":-0.0576801803,"one_year":0.0393563922,"three_year":0.1193876483,"five_year":0.0936618396,"ten_year":0.0679116636,"incep":0.087905525,"daily_sharpe":0.9668038949,"daily_sortino":1.5704897221,"daily_mean":0.0885464006,"daily_vol":0.0915867231,"daily_skew":-0.2769061914,"daily_kurt":4.8627376533,"best_day":0.0370360766,"worst_day":-0.0423166747,"monthly_sharpe":1.0002929933,"monthly_sortino":1.9766816184,"monthly_mean":0.0881369826,"monthly_vol":0.0881111666,"monthly_skew":-0.2077320184,"monthly_kurt":2.2747603162,"best_month":0.0822424237,"worst_month":-0.1150632662,"yearly_sharpe":0.9667246206,"yearly_sortino":4.6905306026,"yearly_mean":0.0878941954,"yearly_vol":0.0909195788,"yearly_skew":-0.285987745,"yearly_kurt":-1.0524839255,"best_year":0.2281449459,"worst_year":-0.0576801803,"avg_drawdown":-0.0139934319,"avg_drawdown_days":27.3188405797,"avg_up_month":0.0224184518,"avg_down_month":-0.0162893293,"win_year_perc":0.7222222222,"twelve_month_win_perc":0.8484848485}