{"start":1265846400000,"end":1636588800000,"rf":0.0,"total_return":91.8771782355,"cagr":0.4706470354,"max_drawdown":-0.4247697648,"calmar":1.1080050287,"mtd":0.0220228558,"three_month":0.1182313609,"six_month":0.4777786873,"ytd":0.2808995276,"one_year":0.5177017584,"three_year":0.7656616566,"five_year":0.5480706194,"ten_year":0.4255138799,"incep":0.4706470354,"daily_sharpe":1.4320260639,"daily_sortino":2.2893528434,"daily_mean":0.4319870741,"daily_vol":0.3016614606,"daily_skew":-0.5580920031,"daily_kurt":4.9171741915,"best_day":0.1022749093,"worst_day":-0.1539772709,"monthly_sharpe":1.5269958667,"monthly_sortino":3.576434591,"monthly_mean":0.4230496002,"monthly_vol":0.2770469845,"monthly_skew":0.0016827933,"monthly_kurt":-0.1026729464,"best_month":0.2675645357,"worst_month":-0.1873557721,"yearly_sharpe":1.2188696537,"yearly_sortino":20.7221720572,"yearly_mean":0.4852331115,"yearly_vol":0.3981009044,"yearly_skew":0.4658721241,"yearly_kurt":-0.2757025579,"best_year":1.2477152141,"worst_year":-0.0776625231,"avg_drawdown":-0.0376225541,"avg_drawdown_days":17.0379146919,"avg_up_month":0.0777818459,"avg_down_month":-0.0554716535,"win_year_perc":0.9090909091,"twelve_month_win_perc":0.9312977099}