{"start":1104451200000,"end":1625184000000,"rf":0.0,"total_return":3.6959795456,"cagr":0.098267534,"max_drawdown":-0.205643379,"calmar":0.4778541106,"mtd":0.0088266417,"three_month":0.0615219127,"six_month":0.0277833547,"ytd":0.0277833547,"one_year":0.1245144973,"three_year":0.1584222815,"five_year":0.1168997974,"ten_year":0.1022426346,"incep":0.098267534,"daily_sharpe":1.1671521799,"daily_sortino":1.9121165735,"daily_mean":0.0973244315,"daily_vol":0.0833862397,"daily_skew":-0.1693159975,"daily_kurt":5.4937180112,"best_day":0.0383493518,"worst_day":-0.0395593762,"monthly_sharpe":1.255658798,"monthly_sortino":2.5135544448,"monthly_mean":0.0965721792,"monthly_vol":0.0769095708,"monthly_skew":-0.405703827,"monthly_kurt":2.484067934,"best_month":0.0728546938,"worst_month":-0.1017071036,"yearly_sharpe":1.1503676286,"yearly_sortino":5.8906576511,"yearly_mean":0.0984181897,"yearly_vol":0.085553685,"yearly_skew":-0.1010079879,"yearly_kurt":-0.3120933074,"best_year":0.2569733427,"worst_year":-0.068988096,"avg_drawdown":-0.0109077685,"avg_drawdown_days":20.2890625,"avg_up_month":0.0204511491,"avg_down_month":-0.0143134992,"win_year_perc":0.8823529412,"twelve_month_win_perc":0.9047619048}