{"start":1104710400000,"end":1743033600000,"rf":0.0,"total_return":4.1673142649,"cagr":0.0845824867,"max_drawdown":-0.2312512505,"calmar":0.3657601269,"mtd":-0.0010534255,"three_month":0.0496494797,"six_month":0.0234149308,"ytd":0.0533240129,"one_year":0.1483445087,"three_year":0.0542340373,"five_year":0.0731076172,"ten_year":0.0735278301,"incep":0.0845824867,"daily_sharpe":0.9051318696,"daily_sortino":1.4833077951,"daily_mean":0.0858205774,"daily_vol":0.0948155515,"daily_skew":-0.1866954443,"daily_kurt":4.2629006841,"best_day":0.0414814319,"worst_day":-0.0423168067,"monthly_sharpe":0.9093598197,"monthly_sortino":1.7324194495,"monthly_mean":0.0862368968,"monthly_vol":0.0948325349,"monthly_skew":-0.2446118899,"monthly_kurt":1.5265430076,"best_month":0.0822425634,"worst_month":-0.115063509,"yearly_sharpe":0.8389480753,"yearly_sortino":2.1302656021,"yearly_mean":0.0845111226,"yearly_vol":0.1007346284,"yearly_skew":-0.8972927111,"yearly_kurt":0.6919510458,"best_year":0.2281450032,"worst_year":-0.1726090785,"avg_drawdown":-0.0146275793,"avg_drawdown_days":29.4052863436,"avg_up_month":0.0236774043,"avg_down_month":-0.0183312388,"win_year_perc":0.75,"twelve_month_win_perc":0.8189655172}