{"start":1265846400000,"end":1635724800000,"rf":0.0,"total_return":12.7223425023,"cagr":0.2503859109,"max_drawdown":-0.2391332593,"calmar":1.0470559873,"mtd":-0.0021870814,"three_month":0.0434771088,"six_month":0.1792079075,"ytd":0.1417532424,"one_year":0.3232438936,"three_year":0.3817234166,"five_year":0.2814982405,"ten_year":0.2330988443,"incep":0.2503859109,"daily_sharpe":1.4449931212,"daily_sortino":2.3112784417,"daily_mean":0.2372700351,"daily_vol":0.164201498,"daily_skew":-0.5532368964,"daily_kurt":3.7395471762,"best_day":0.0551141935,"worst_day":-0.0645164914,"monthly_sharpe":1.5337441445,"monthly_sortino":3.5916755562,"monthly_mean":0.2331094225,"monthly_vol":0.1519871638,"monthly_skew":-0.0088433138,"monthly_kurt":-0.1043860451,"best_month":0.1478902285,"worst_month":-0.1003423554,"yearly_sharpe":1.2901134969,"yearly_sortino":38.947988463,"yearly_mean":0.2476841325,"yearly_vol":0.1919863122,"yearly_skew":0.5010406567,"yearly_kurt":-0.2209905808,"best_year":0.6173965116,"worst_year":-0.0210915985,"avg_drawdown":-0.0205844461,"avg_drawdown_days":16.6495327103,"avg_up_month":0.0432021463,"avg_down_month":-0.0296775693,"win_year_perc":0.9090909091,"twelve_month_win_perc":0.9465648855}