{"start":1104451200000,"end":1705881600000,"rf":0.0,"total_return":3.2172066326,"cagr":0.0784390964,"max_drawdown":-0.2312511066,"calmar":0.3391944695,"mtd":-0.0154385367,"three_month":0.1038687993,"six_month":0.0176930972,"ytd":-0.0154385367,"one_year":0.0638371867,"three_year":-0.0013020625,"five_year":0.0761567966,"ten_year":0.0653640742,"incep":0.0784390964,"daily_sharpe":0.8441492876,"daily_sortino":1.3814572271,"daily_mean":0.0801562242,"daily_vol":0.0949550339,"daily_skew":-0.1718948971,"daily_kurt":4.4692886679,"best_day":0.0414814226,"worst_day":-0.0423167788,"monthly_sharpe":0.838623289,"monthly_sortino":1.5912223626,"monthly_mean":0.0801987736,"monthly_vol":0.0956314648,"monthly_skew":-0.2022084524,"monthly_kurt":1.5618354547,"best_month":0.0822426131,"worst_month":-0.115063443,"yearly_sharpe":0.776655301,"yearly_sortino":2.0108483684,"yearly_mean":0.0794711882,"yearly_vol":0.1023249157,"yearly_skew":-0.7522774005,"yearly_kurt":0.2919544923,"best_year":0.2281449783,"worst_year":-0.1726090966,"avg_drawdown":-0.01482677,"avg_drawdown_days":30.4589371981,"avg_up_month":0.0235163877,"avg_down_month":-0.0183835346,"win_year_perc":0.7,"twelve_month_win_perc":0.8082191781}