{"start":1104451200000,"end":1625529600000,"rf":0.0,"total_return":3.7188970278,"cagr":0.0985230979,"max_drawdown":-0.205643379,"calmar":0.4790968636,"mtd":0.0137499525,"three_month":0.0571539195,"six_month":0.0430003866,"ytd":0.0327991787,"one_year":0.1208447546,"three_year":0.155976417,"five_year":0.1168140245,"ten_year":0.1022509389,"incep":0.0985230979,"daily_sharpe":1.1704586364,"daily_sortino":1.917637586,"daily_mean":0.0975969934,"daily_vol":0.0833835476,"daily_skew":-0.1697588147,"daily_kurt":5.4930362269,"best_day":0.0383493518,"worst_day":-0.0395593762,"monthly_sharpe":1.2593138971,"monthly_sortino":2.5212816365,"monthly_mean":0.0968690622,"monthly_vol":0.0769220942,"monthly_skew":-0.4087959163,"monthly_kurt":2.4823414553,"best_month":0.0728546938,"worst_month":-0.1017071036,"yearly_sharpe":1.1572051525,"yearly_sortino":5.9083172883,"yearly_mean":0.0987132382,"yearly_vol":0.0853031444,"yearly_skew":-0.1056873215,"yearly_kurt":-0.2817721577,"best_year":0.2569733427,"worst_year":-0.068988096,"avg_drawdown":-0.0109077685,"avg_drawdown_days":20.2890625,"avg_up_month":0.0204896125,"avg_down_month":-0.0143134992,"win_year_perc":0.8823529412,"twelve_month_win_perc":0.9047619048}