{"start":1104451200000,"end":1623974400000,"rf":0.0,"total_return":3.2454047285,"cagr":0.0917970947,"max_drawdown":-0.2055639931,"calmar":0.4465621306,"mtd":-0.0129613972,"three_month":0.0571681458,"six_month":0.0008892719,"ytd":-0.0099472487,"one_year":0.0849324924,"three_year":0.1324109804,"five_year":0.0967662865,"ten_year":0.0823589985,"incep":0.0917970947,"daily_sharpe":1.0021110732,"daily_sortino":1.6308192371,"daily_mean":0.0921700242,"daily_vol":0.0919758564,"daily_skew":-0.2701965666,"daily_kurt":5.0032506142,"best_day":0.0370359916,"worst_day":-0.0423168199,"monthly_sharpe":1.0408935411,"monthly_sortino":2.0835834857,"monthly_mean":0.0918071056,"monthly_vol":0.0882002837,"monthly_skew":-0.2043318816,"monthly_kurt":2.4215418291,"best_month":0.0822422071,"worst_month":-0.1150634657,"yearly_sharpe":1.0321834034,"yearly_sortino":6.2346164146,"yearly_mean":0.0922741071,"yearly_vol":0.0893970071,"yearly_skew":-0.2738517731,"yearly_kurt":-1.1438014209,"best_year":0.2281449524,"worst_year":-0.0505480152,"avg_drawdown":-0.0137897381,"avg_drawdown_days":27.1767676768,"avg_up_month":0.0226756559,"avg_down_month":-0.0159602224,"win_year_perc":0.7058823529,"twelve_month_win_perc":0.8457446809}