{"start":1265846400000,"end":1638835200000,"rf":0.0,"total_return":31.5093446169,"cagr":0.3425393776,"max_drawdown":-0.3751366256,"calmar":0.9131056641,"mtd":0.0215453954,"three_month":0.0711913917,"six_month":0.2752362114,"ytd":0.2757181941,"one_year":0.3356157836,"three_year":0.5631503097,"five_year":0.3921534213,"ten_year":0.3017163983,"incep":0.3425393776,"daily_sharpe":1.4202832401,"daily_sortino":2.2585490326,"daily_mean":0.3206023361,"daily_vol":0.2257312676,"daily_skew":-0.6731265089,"daily_kurt":6.7147815797,"best_day":0.0874872144,"worst_day":-0.1312905011,"monthly_sharpe":1.5187306201,"monthly_sortino":3.434604835,"monthly_mean":0.3135727174,"monthly_vol":0.2064702675,"monthly_skew":-0.0439320021,"monthly_kurt":0.0809603039,"best_month":0.2081516478,"worst_month":-0.1328178489,"yearly_sharpe":1.2423389405,"yearly_sortino":13.774532174,"yearly_mean":0.3440490798,"yearly_vol":0.2769365658,"yearly_skew":0.0223482461,"yearly_kurt":-0.8216594328,"best_year":0.7913110001,"worst_year":-0.0829922778,"avg_drawdown":-0.02662089,"avg_drawdown_days":17.3428571429,"avg_up_month":0.0588453013,"avg_down_month":-0.039993471,"win_year_perc":0.8181818182,"twelve_month_win_perc":0.9318181818}