{"start":1104451200000,"end":1638835200000,"rf":0.0,"total_return":3.5127022134,"cagr":0.0930680755,"max_drawdown":-0.2055644022,"calmar":0.4527441253,"mtd":0.0111433407,"three_month":0.022367671,"six_month":0.0454761794,"ytd":0.0523878678,"one_year":0.0684604098,"three_year":0.1634710309,"five_year":0.1176802589,"ten_year":0.0755044734,"incep":0.0930680755,"daily_sharpe":1.0191392477,"daily_sortino":1.6579856299,"daily_mean":0.0932849256,"daily_vol":0.0915330519,"daily_skew":-0.2758930026,"daily_kurt":4.9808215771,"best_day":0.0370363709,"worst_day":-0.0423167081,"monthly_sharpe":1.0560771596,"monthly_sortino":2.103762402,"monthly_mean":0.0928018769,"monthly_vol":0.0878741444,"monthly_skew":-0.2232331922,"monthly_kurt":2.3923405596,"best_month":0.0822429601,"worst_month":-0.1150635321,"yearly_sharpe":1.1134946,"yearly_sortino":6.438377009,"yearly_mean":0.0959408851,"yearly_vol":0.0861619671,"yearly_skew":-0.3394003983,"yearly_kurt":-0.8623436443,"best_year":0.2281448141,"worst_year":-0.0505480978,"avg_drawdown":-0.0137761648,"avg_drawdown_days":26.8446601942,"avg_up_month":0.0224840246,"avg_down_month":-0.0160942973,"win_year_perc":0.7647058824,"twelve_month_win_perc":0.8505154639}