{"start":1265846400000,"end":1649808000000,"rf":0.0,"total_return":21.5573160263,"cagr":0.2918913034,"max_drawdown":-0.3660184398,"calmar":0.7974770439,"mtd":-0.0947002736,"three_month":-0.2012240005,"six_month":-0.143659756,"ytd":-0.2593137134,"one_year":-0.0408852608,"three_year":0.3048489264,"five_year":0.2703863887,"ten_year":0.2376613734,"incep":0.2918913034,"daily_sharpe":1.2483706095,"daily_sortino":1.9753624585,"daily_mean":0.2820785746,"daily_vol":0.2259573979,"daily_skew":-0.6378475182,"daily_kurt":5.3681213823,"best_day":0.0885700901,"worst_day":-0.1199928035,"monthly_sharpe":1.3046064641,"monthly_sortino":2.7955572947,"monthly_mean":0.2760202293,"monthly_vol":0.2115735564,"monthly_skew":-0.0466729341,"monthly_kurt":0.1798192263,"best_month":0.2143531798,"worst_month":-0.1330622886,"yearly_sharpe":0.9350402185,"yearly_sortino":3.7436460827,"yearly_mean":0.2843519405,"yearly_vol":0.3041066415,"yearly_skew":-0.1947536625,"yearly_kurt":-0.4709497223,"best_year":0.763134867,"worst_year":-0.2593137134,"avg_drawdown":-0.0273593742,"avg_drawdown_days":17.3101851852,"avg_up_month":0.0573115661,"avg_down_month":-0.0428732845,"win_year_perc":0.75,"twelve_month_win_perc":0.9264705882}