{"start":1104451200000,"end":1628035200000,"rf":0.0,"total_return":3.8029025582,"cagr":0.099197633,"max_drawdown":-0.2056433696,"calmar":0.4823770063,"mtd":0.0045947069,"three_month":0.0628774296,"six_month":0.0594796943,"ytd":0.0511850723,"one_year":0.0796576918,"three_year":0.1634623981,"five_year":0.1177600749,"ten_year":0.1025117738,"incep":0.099197633,"daily_sharpe":1.179628643,"daily_sortino":1.9325322426,"daily_mean":0.0981756778,"daily_vol":0.0832259189,"daily_skew":-0.1710556347,"daily_kurt":5.5156927683,"best_day":0.0383492943,"worst_day":-0.0395593771,"monthly_sharpe":1.2679826167,"monthly_sortino":2.5417068496,"monthly_mean":0.0974600557,"monthly_vol":0.0768622964,"monthly_skew":-0.4113133541,"monthly_kurt":2.4775611953,"best_month":0.0728546993,"worst_month":-0.101707154,"yearly_sharpe":1.1806083456,"yearly_sortino":5.973050949,"yearly_mean":0.0997947575,"yearly_vol":0.0845282501,"yearly_skew":-0.1311303983,"yearly_kurt":-0.1736607412,"best_year":0.2569733786,"worst_year":-0.0689880835,"avg_drawdown":-0.0107434477,"avg_drawdown_days":19.969348659,"avg_up_month":0.0204697138,"avg_down_month":-0.0143135045,"win_year_perc":0.8823529412,"twelve_month_win_perc":0.9052631579}