{"start":1104451200000,"end":1630022400000,"rf":0.0,"total_return":3.8356393506,"cagr":0.0992528856,"max_drawdown":-0.2056433696,"calmar":0.4826456882,"mtd":0.0114420681,"three_month":0.0532476299,"six_month":0.1024603673,"ytd":0.0583499954,"one_year":0.0841361981,"three_year":0.1606308717,"five_year":0.119748292,"ten_year":0.1003480361,"incep":0.0992528856,"daily_sharpe":1.1802904178,"daily_sortino":1.9343751192,"daily_mean":0.0981976798,"daily_vol":0.0831978963,"daily_skew":-0.1705902429,"daily_kurt":5.5000767166,"best_day":0.0383492943,"worst_day":-0.0395593771,"monthly_sharpe":1.2733384972,"monthly_sortino":2.5524213836,"monthly_mean":0.0978708973,"monthly_vol":0.0768616496,"monthly_skew":-0.41596219,"monthly_kurt":2.4803511818,"best_month":0.0728546993,"worst_month":-0.101707154,"yearly_sharpe":1.1889702586,"yearly_sortino":5.9982771066,"yearly_mean":0.1002162235,"yearly_vol":0.084288251,"yearly_skew":-0.1440890986,"yearly_kurt":-0.1350799011,"best_year":0.2569733786,"worst_year":-0.0689880835,"avg_drawdown":-0.0107883405,"avg_drawdown_days":19.9770992366,"avg_up_month":0.0205227941,"avg_down_month":-0.0143135045,"win_year_perc":0.8823529412,"twelve_month_win_perc":0.9052631579}