{"start":1265846400000,"end":1743033600000,"rf":0.0,"total_return":21.4864710072,"cagr":0.2285871967,"max_drawdown":-0.6143681135,"calmar":0.3720687836,"mtd":-0.080806251,"three_month":-0.0498550182,"six_month":-0.0832042489,"ytd":-0.0233199379,"one_year":0.0753288546,"three_year":-0.0318259878,"five_year":0.1131924014,"ten_year":0.1534581433,"incep":0.2285871967,"daily_sharpe":0.9527667186,"daily_sortino":1.521238081,"daily_mean":0.2374856913,"daily_vol":0.2492590123,"daily_skew":-0.3929134241,"daily_kurt":4.7266014919,"best_day":0.1276238752,"worst_day":-0.1199927281,"monthly_sharpe":0.9298491096,"monthly_sortino":1.7299064852,"monthly_mean":0.2366661612,"monthly_vol":0.2545210387,"monthly_skew":-0.2760744567,"monthly_kurt":0.8238404069,"best_month":0.2234697897,"worst_month":-0.2259483602,"yearly_sharpe":0.7432977478,"yearly_sortino":1.689264838,"yearly_mean":0.2508752796,"yearly_vol":0.337516534,"yearly_skew":-0.8358987525,"yearly_kurt":1.3661612217,"best_year":0.7631348711,"worst_year":-0.5777688003,"avg_drawdown":-0.0288672821,"avg_drawdown_days":22.3055555556,"avg_up_month":0.0614527238,"avg_down_month":-0.05656647,"win_year_perc":0.7333333333,"twelve_month_win_perc":0.8596491228}