{"start":1265846400000,"end":1642982400000,"rf":0.0,"total_return":25.8281831626,"cagr":0.316861791,"max_drawdown":-0.3751366706,"calmar":0.8446569367,"mtd":-0.1694222663,"three_month":-0.0814699182,"six_month":-0.0890313162,"ytd":-0.1694222663,"one_year":0.0599558967,"three_year":0.4390302461,"five_year":0.3253900916,"ten_year":0.2724622893,"incep":0.316861791,"daily_sharpe":1.3314070243,"daily_sortino":2.1135294713,"daily_mean":0.30152083,"daily_vol":0.2264678077,"daily_skew":-0.6652647956,"daily_kurt":6.5481604057,"best_day":0.0874872542,"worst_day":-0.1312905656,"monthly_sharpe":1.3898376795,"monthly_sortino":2.9192563667,"monthly_mean":0.2966122842,"monthly_vol":0.2134150546,"monthly_skew":-0.1981367247,"monthly_kurt":0.3950224045,"best_month":0.2081515962,"worst_month":-0.1694222663,"yearly_sharpe":0.9923967788,"yearly_sortino":5.7692081285,"yearly_mean":0.3005773237,"yearly_vol":0.3028801888,"yearly_skew":0.0037862656,"yearly_kurt":-0.933948281,"best_year":0.7913110194,"worst_year":-0.1694222663,"avg_drawdown":-0.0274611912,"avg_drawdown_days":17.4834123223,"avg_up_month":0.058776269,"avg_down_month":-0.0426899133,"win_year_perc":0.75,"twelve_month_win_perc":0.9323308271}