{"start":1265846400000,"end":1649721600000,"rf":0.0,"total_return":21.0358750423,"cagr":0.2894841618,"max_drawdown":-0.3660184326,"calmar":0.7909005012,"mtd":-0.1156275832,"three_month":-0.2341780132,"six_month":-0.1459443826,"ytd":-0.2764357458,"one_year":-0.0464241605,"three_year":0.2945264039,"five_year":0.2639118228,"ten_year":0.2340025001,"incep":0.2894841618,"daily_sharpe":1.2404680568,"daily_sortino":1.9621375983,"daily_mean":0.2802238323,"daily_vol":0.2259016915,"daily_skew":-0.6382741458,"daily_kurt":5.3757283492,"best_day":0.0885700586,"worst_day":-0.1199927498,"monthly_sharpe":1.2900986478,"monthly_sortino":2.7345612049,"monthly_mean":0.2743002018,"monthly_vol":0.2126195561,"monthly_skew":-0.0701400884,"monthly_kurt":0.2056184942,"best_month":0.2143531798,"worst_month":-0.1330622886,"yearly_sharpe":0.9218308038,"yearly_sortino":3.5067209392,"yearly_mean":0.2829251104,"yearly_vol":0.3069165288,"yearly_skew":-0.2318291028,"yearly_kurt":-0.40120787,"best_year":0.7631348016,"worst_year":-0.2764357458,"avg_drawdown":-0.0273593749,"avg_drawdown_days":17.3055555556,"avg_up_month":0.0573115743,"avg_down_month":-0.0432918403,"win_year_perc":0.75,"twelve_month_win_perc":0.9264705882}