{"start":1293753600000,"end":1640908800000,"rf":0.0,"total_return":34.3620738496,"cagr":0.3828255584,"max_drawdown":-0.5171541766,"calmar":0.7402542137,"mtd":0.0160940078,"three_month":0.2233063178,"six_month":0.2396602099,"ytd":0.5466943996,"one_year":0.5466943996,"three_year":0.744204089,"five_year":0.5224849608,"ten_year":0.4235985023,"incep":0.3828255584,"daily_sharpe":1.0294585173,"daily_sortino":1.6097046644,"daily_mean":0.4015206362,"daily_vol":0.390030904,"daily_skew":-0.4908724305,"daily_kurt":9.2650990021,"best_day":0.1905407187,"worst_day":-0.2428097932,"monthly_sharpe":1.1890318494,"monthly_sortino":2.462545386,"monthly_mean":0.3778315753,"monthly_vol":0.3177640494,"monthly_skew":-0.0549369553,"monthly_kurt":0.3062849488,"best_month":0.3058718572,"worst_month":-0.2112204004,"yearly_sharpe":1.2009602895,"yearly_sortino":16.9277960736,"yearly_mean":0.4241584361,"yearly_vol":0.353182732,"yearly_skew":-0.042089948,"yearly_kurt":-1.6101936614,"best_year":0.8889542354,"worst_year":-0.0831044028,"avg_drawdown":-0.0450320319,"avg_drawdown_days":19.5689655172,"avg_up_month":0.0834484276,"avg_down_month":-0.0656612488,"win_year_perc":0.9090909091,"twelve_month_win_perc":0.893442623}