{"start":1104451200000,"end":1625529600000,"rf":0.0,"total_return":9.2892297553,"cagr":0.151627503,"max_drawdown":-0.5340400595,"calmar":0.2839253354,"mtd":0.0162514739,"three_month":0.0900423449,"six_month":0.1740368167,"ytd":0.1508360126,"one_year":0.399890454,"three_year":0.2793933912,"five_year":0.2817534584,"ten_year":0.2115591514,"incep":0.151627503,"daily_sharpe":0.7710590511,"daily_sortino":1.2222779945,"daily_mean":0.1640983677,"daily_vol":0.2128220497,"daily_skew":-0.1435012061,"daily_kurt":8.6359124415,"best_day":0.1216474307,"worst_day":-0.1197879381,"monthly_sharpe":0.8903605633,"monthly_sortino":1.6178848905,"monthly_mean":0.1569149496,"monthly_vol":0.1762375335,"monthly_skew":-0.401953052,"monthly_kurt":0.7087423404,"best_month":0.1497373825,"worst_month":-0.1557623874,"yearly_sharpe":0.7642379179,"yearly_sortino":1.6845434142,"yearly_mean":0.1704497437,"yearly_vol":0.2230323041,"yearly_skew":-0.706209556,"yearly_kurt":2.063967281,"best_year":0.5468406441,"worst_year":-0.4172715223,"avg_drawdown":-0.0262450355,"avg_drawdown_days":24.1797235023,"avg_up_month":0.0445842847,"avg_down_month":-0.0368455821,"win_year_perc":0.8823529412,"twelve_month_win_perc":0.8677248677}