{"start":1104451200000,"end":1625184000000,"rf":0.0,"total_return":9.2449526226,"cagr":0.1514344445,"max_drawdown":-0.5340400595,"calmar":0.2835638298,"mtd":0.0118782893,"three_month":0.1062514479,"six_month":0.145883677,"ytd":0.145883677,"one_year":0.4281341522,"three_year":0.2844422237,"five_year":0.2832656641,"ten_year":0.211622543,"incep":0.1514344445,"daily_sharpe":0.7699269969,"daily_sortino":1.220508897,"daily_mean":0.163875689,"daily_vol":0.2128457498,"daily_skew":-0.143294969,"daily_kurt":8.6334951797,"best_day":0.1216474307,"worst_day":-0.1197879381,"monthly_sharpe":0.8888718148,"monthly_sortino":1.6151658901,"monthly_mean":0.15665124,"monthly_vol":0.1762360302,"monthly_skew":-0.4006556176,"monthly_kurt":0.7081628333,"best_month":0.1497373825,"worst_month":-0.1557623874,"yearly_sharpe":0.7628276139,"yearly_sortino":1.6816643788,"yearly_mean":0.1701584299,"yearly_vol":0.2230627559,"yearly_skew":-0.7015265185,"yearly_kurt":2.056125097,"best_year":0.5468406441,"worst_year":-0.4172715223,"avg_drawdown":-0.0262450355,"avg_drawdown_days":24.1797235023,"avg_up_month":0.0445484389,"avg_down_month":-0.0368455821,"win_year_perc":0.8823529412,"twelve_month_win_perc":0.8677248677}