{"start":1104451200000,"end":1628035200000,"rf":0.0,"total_return":9.4934773176,"cagr":0.152213976,"max_drawdown":-0.5340400595,"calmar":0.2850235171,"mtd":0.0075979619,"three_month":0.1139700786,"six_month":0.1150393529,"ytd":0.1736808178,"one_year":0.3643688696,"three_year":0.2751293024,"five_year":0.2699681113,"ten_year":0.2230822777,"incep":0.152213976,"daily_sharpe":0.7743906632,"daily_sortino":1.227519171,"daily_mean":0.1644852591,"daily_vol":0.2124060463,"daily_skew":-0.1439914025,"daily_kurt":8.6688886681,"best_day":0.1216474307,"worst_day":-0.1197879381,"monthly_sharpe":0.8947264012,"monthly_sortino":1.6251735349,"monthly_mean":0.1573277256,"monthly_vol":0.1758389217,"monthly_skew":-0.4045544363,"monthly_kurt":0.7246871328,"best_month":0.1497373825,"worst_month":-0.1557623874,"yearly_sharpe":0.7704591411,"yearly_sortino":1.697824219,"yearly_mean":0.1717935558,"yearly_vol":0.2229755565,"yearly_skew":-0.7271915846,"yearly_kurt":2.0920096176,"best_year":0.5468406441,"worst_year":-0.4172715223,"avg_drawdown":-0.026069847,"avg_drawdown_days":23.9227272727,"avg_up_month":0.0443840535,"avg_down_month":-0.0368455821,"win_year_perc":0.8823529412,"twelve_month_win_perc":0.8684210526}