{"start":1104451200000,"end":1630022400000,"rf":0.0,"total_return":9.7420028842,"cagr":0.1532165904,"max_drawdown":-0.5340400595,"calmar":0.2869009313,"mtd":0.0314617247,"three_month":0.1309667014,"six_month":0.1999481344,"ytd":0.2014780562,"one_year":0.2974917146,"three_year":0.277070742,"five_year":0.2734815114,"ten_year":0.2250931759,"incep":0.1532165904,"daily_sharpe":0.7791696159,"daily_sortino":1.2351935509,"daily_mean":0.1652487727,"daily_vol":0.2120831836,"daily_skew":-0.1445137426,"daily_kurt":8.6931906592,"best_day":0.1216474307,"worst_day":-0.1197879381,"monthly_sharpe":0.9026021145,"monthly_sortino":1.6399640961,"monthly_mean":0.1587595514,"monthly_vol":0.1758909589,"monthly_skew":-0.4110703887,"monthly_kurt":0.7242230883,"best_month":0.1497373825,"worst_month":-0.1557623874,"yearly_sharpe":0.7773858715,"yearly_sortino":1.7139841159,"yearly_mean":0.1734286875,"yearly_vol":0.2230921526,"yearly_skew":-0.7508056197,"yearly_kurt":2.1078599609,"best_year":0.5468406441,"worst_year":-0.4172715223,"avg_drawdown":-0.025954489,"avg_drawdown_days":23.7927927928,"avg_up_month":0.0445780678,"avg_down_month":-0.0368455821,"win_year_perc":0.8823529412,"twelve_month_win_perc":0.8684210526}