{"start":1104451200000,"end":1623715200000,"rf":0.0,"total_return":3.8484822394,"cagr":0.1006945319,"max_drawdown":-0.5518943553,"calmar":0.1824525489,"mtd":0.0105704275,"three_month":0.0743176997,"six_month":0.1571893964,"ytd":0.1390560632,"one_year":0.4046156518,"three_year":0.1723926526,"five_year":0.175706261,"ten_year":0.150769318,"incep":0.1006945319,"daily_sharpe":0.5907338164,"daily_sortino":0.9101834366,"daily_mean":0.1150892983,"daily_vol":0.1948242932,"daily_skew":-0.0651202114,"daily_kurt":16.2962231453,"best_day":0.1451976341,"worst_day":-0.1094236139,"monthly_sharpe":0.7319607014,"monthly_sortino":1.2072621231,"monthly_mean":0.1067872344,"monthly_vol":0.1458920325,"monthly_skew":-0.6610441753,"monthly_kurt":1.8601883877,"best_month":0.1269835818,"worst_month":-0.16518677,"yearly_sharpe":0.6884687527,"yearly_sortino":1.2387398328,"yearly_mean":0.1105407338,"yearly_vol":0.1605602772,"yearly_skew":-1.5780792758,"yearly_kurt":4.238884531,"best_year":0.3230777758,"worst_year":-0.3679501289,"avg_drawdown":-0.0172349906,"avg_drawdown_days":22.3404255319,"avg_up_month":0.0310255859,"avg_down_month":-0.0363755931,"win_year_perc":0.8823529412,"twelve_month_win_perc":0.8510638298}