{"start":1104451200000,"end":1625788800000,"rf":0.0,"total_return":3.9908584749,"cagr":0.1022038771,"max_drawdown":-0.5518943299,"calmar":0.1851874018,"mtd":0.0174274436,"three_month":0.0618601483,"six_month":0.1498082702,"ytd":0.1725043411,"one_year":0.4059636756,"three_year":0.1826610951,"five_year":0.175190441,"ten_year":0.149220264,"incep":0.1022038771,"daily_sharpe":0.5983034341,"daily_sortino":0.9219104093,"daily_mean":0.1163966268,"daily_vol":0.1945444739,"daily_skew":-0.0662781044,"daily_kurt":16.3291771373,"best_day":0.1451976703,"worst_day":-0.1094238383,"monthly_sharpe":0.7419972143,"monthly_sortino":1.2235794423,"monthly_mean":0.1080165232,"monthly_vol":0.1455753757,"monthly_skew":-0.6691483303,"monthly_kurt":1.884183268,"best_month":0.1269835312,"worst_month":-0.1651867009,"yearly_sharpe":0.6982218709,"yearly_sortino":1.2607889066,"yearly_mean":0.1125082873,"yearly_vol":0.1611354384,"yearly_skew":-1.5991224176,"yearly_kurt":4.2277632349,"best_year":0.3230778504,"worst_year":-0.3679500441,"avg_drawdown":-0.0172129966,"avg_drawdown_days":22.1983122363,"avg_up_month":0.0310125881,"avg_down_month":-0.0363755814,"win_year_perc":0.8823529412,"twelve_month_win_perc":0.8518518519}