{"start":1104451200000,"end":1625529600000,"rf":0.0,"total_return":3.9611783098,"cagr":0.1018591324,"max_drawdown":-0.5518943299,"calmar":0.1845627448,"mtd":0.0113768984,"three_month":0.0695024896,"six_month":0.1665612181,"ytd":0.1655315683,"one_year":0.385832733,"three_year":0.1838439522,"five_year":0.1777395981,"ten_year":0.1467217682,"incep":0.1018591324,"daily_sharpe":0.5967203248,"daily_sortino":0.9194141643,"daily_mean":0.1161130789,"daily_vol":0.1945854266,"daily_skew":-0.0660682382,"daily_kurt":16.3266759945,"best_day":0.1451976703,"worst_day":-0.1094238383,"monthly_sharpe":0.7395602162,"monthly_sortino":1.2194464495,"monthly_mean":0.1076516662,"monthly_vol":0.1455617323,"monthly_skew":-0.6671839488,"monthly_kurt":1.8840498845,"best_month":0.1269835312,"worst_month":-0.1651867009,"yearly_sharpe":0.6963395891,"yearly_sortino":1.2561925422,"yearly_mean":0.1120981242,"yearly_vol":0.1609819777,"yearly_skew":-1.5961727984,"yearly_kurt":4.2362151779,"best_year":0.3230778504,"worst_year":-0.3679500441,"avg_drawdown":-0.0172514077,"avg_drawdown_days":22.2838983051,"avg_up_month":0.0309674347,"avg_down_month":-0.0363755814,"win_year_perc":0.8823529412,"twelve_month_win_perc":0.8518518519}