{"start":1104451200000,"end":1625184000000,"rf":0.0,"total_return":3.9702314438,"cagr":0.1020518228,"max_drawdown":-0.5518943299,"calmar":0.1849118884,"mtd":0.0132224541,"three_month":0.086191009,"six_month":0.1676584246,"ytd":0.1676584246,"one_year":0.4097943656,"three_year":0.1897103877,"five_year":0.1798999268,"ten_year":0.1471971842,"incep":0.1020518228,"daily_sharpe":0.5973624191,"daily_sortino":0.9204051914,"daily_mean":0.1162515296,"daily_vol":0.19460804,"daily_skew":-0.0661940788,"daily_kurt":16.3223633103,"best_day":0.1451976703,"worst_day":-0.1094238383,"monthly_sharpe":0.7403117795,"monthly_sortino":1.2207071075,"monthly_mean":0.107762956,"monthly_vol":0.1455642865,"monthly_skew":-0.667813335,"monthly_kurt":1.884305636,"best_month":0.1269835312,"worst_month":-0.1651867009,"yearly_sharpe":0.6969221889,"yearly_sortino":1.2575945392,"yearly_mean":0.1122232334,"yearly_vol":0.1610269198,"yearly_skew":-1.5971568144,"yearly_kurt":4.2339699246,"best_year":0.3230778504,"worst_year":-0.3679500441,"avg_drawdown":-0.017317067,"avg_drawdown_days":22.3787234043,"avg_up_month":0.0309812075,"avg_down_month":-0.0363755814,"win_year_perc":0.8823529412,"twelve_month_win_perc":0.8518518519}