{"start":1104451200000,"end":1638835200000,"rf":0.0,"total_return":4.3834630044,"cagr":0.1045165786,"max_drawdown":-0.5518943757,"calmar":0.1893778651,"mtd":0.0279216816,"three_month":0.0405799488,"six_month":0.1163625781,"ytd":0.2647395253,"one_year":0.2866143584,"three_year":0.2326187235,"five_year":0.1795824112,"ten_year":0.1619666456,"incep":0.1045165786,"daily_sharpe":0.6121211438,"daily_sortino":0.9434293558,"daily_mean":0.1181907748,"daily_vol":0.1930839605,"daily_skew":-0.070005144,"daily_kurt":16.4440774034,"best_day":0.1451980031,"worst_day":-0.1094237489,"monthly_sharpe":0.7570137873,"monthly_sortino":1.254675102,"monthly_mean":0.1100860914,"monthly_vol":0.1454215145,"monthly_skew":-0.6622690869,"monthly_kurt":1.8308866133,"best_month":0.1269835293,"worst_month":-0.1651865195,"yearly_sharpe":0.7156480446,"yearly_sortino":1.3215890166,"yearly_mean":0.117933857,"yearly_vol":0.1647930961,"yearly_skew":-1.5545519223,"yearly_kurt":3.8691452789,"best_year":0.3230776354,"worst_year":-0.3679500066,"avg_drawdown":-0.017027258,"avg_drawdown_days":21.464,"avg_up_month":0.0313176416,"avg_down_month":-0.0361052739,"win_year_perc":0.8823529412,"twelve_month_win_perc":0.8556701031}