{"start":1104451200000,"end":1648166400000,"rf":0.0,"total_return":4.238744488,"cagr":0.1008912929,"max_drawdown":-0.5518940219,"calmar":0.1828091787,"mtd":0.0400025745,"three_month":-0.0350693947,"six_month":0.0265406903,"ytd":-0.0439271869,"one_year":0.1769236811,"three_year":0.1944035016,"five_year":0.1617809605,"ten_year":0.1448730953,"incep":0.1008912929,"daily_sharpe":0.5946338999,"daily_sortino":0.9182980138,"daily_mean":0.1149198977,"daily_vol":0.1932615979,"daily_skew":-0.0669324248,"daily_kurt":16.0854980351,"best_day":0.1451974594,"worst_day":-0.1094239419,"monthly_sharpe":0.7344788743,"monthly_sortino":1.2198100075,"monthly_mean":0.107103408,"monthly_vol":0.1458223127,"monthly_skew":-0.6438427474,"monthly_kurt":1.7213840762,"best_month":0.1269834953,"worst_month":-0.1651868587,"yearly_sharpe":0.6650244722,"yearly_sortino":1.2710541225,"yearly_mean":0.1101942515,"yearly_vol":0.1656995436,"yearly_skew":-1.3079362741,"yearly_kurt":2.9524184004,"best_year":0.3230772522,"worst_year":-0.3679500822,"avg_drawdown":-0.0174080501,"avg_drawdown_days":21.5118110236,"avg_up_month":0.0315133612,"avg_down_month":-0.0362508705,"win_year_perc":0.8333333333,"twelve_month_win_perc":0.8578680203}