{"start":1104451200000,"end":1649808000000,"rf":0.0,"total_return":4.1301932416,"cagr":0.0992401342,"max_drawdown":-0.5518944821,"calmar":0.179817225,"mtd":-0.0184439306,"three_month":-0.042715853,"six_month":0.0254365968,"ytd":-0.0637375817,"one_year":0.0878839753,"three_year":0.1713455729,"five_year":0.157837838,"ten_year":0.1461065016,"incep":0.0992401342,"daily_sharpe":0.5870569019,"daily_sortino":0.9066313256,"daily_mean":0.1134013127,"daily_vol":0.193169201,"daily_skew":-0.0665246585,"daily_kurt":16.0672179087,"best_day":0.1451980706,"worst_day":-0.1094237788,"monthly_sharpe":0.7238527652,"monthly_sortino":1.2029681008,"monthly_mean":0.1053852369,"monthly_vol":0.1455893269,"monthly_skew":-0.6352366177,"monthly_kurt":1.7199317774,"best_month":0.1269835108,"worst_month":-0.1651871303,"yearly_sharpe":0.6538612354,"yearly_sortino":1.2529590287,"yearly_mean":0.1090936532,"yearly_vol":0.1668452683,"yearly_skew":-1.2817199089,"yearly_kurt":2.7686875711,"best_year":0.3230775069,"worst_year":-0.3679498383,"avg_drawdown":-0.0174080645,"avg_drawdown_days":21.5866141732,"avg_up_month":0.0314958835,"avg_down_month":-0.0359964926,"win_year_perc":0.8333333333,"twelve_month_win_perc":0.8585858586}