{"start":1104451200000,"end":1630022400000,"rf":0.0,"total_return":4.1596576162,"cagr":0.1035420424,"max_drawdown":-0.5518943299,"calmar":0.1876120785,"mtd":0.0267724567,"three_month":0.0773522669,"six_month":0.1915094588,"ytd":0.2121603896,"one_year":0.3118487289,"three_year":0.1792771296,"five_year":0.1776133805,"ten_year":0.1627594916,"incep":0.1035420424,"daily_sharpe":0.6056841759,"daily_sortino":0.9333582142,"daily_mean":0.1174648914,"daily_vol":0.1939375273,"daily_skew":-0.0674241679,"daily_kurt":16.4103691544,"best_day":0.1451976703,"worst_day":-0.1094238383,"monthly_sharpe":0.7535815027,"monthly_sortino":1.2428550104,"monthly_mean":0.109501891,"monthly_vol":0.1453086237,"monthly_skew":-0.6777707547,"monthly_kurt":1.9033712499,"best_month":0.1269835312,"worst_month":-0.1651867009,"yearly_sharpe":0.7074068495,"yearly_sortino":1.286929677,"yearly_mean":0.114840996,"yearly_vol":0.162340803,"yearly_skew":-1.5998167414,"yearly_kurt":4.1238307982,"best_year":0.3230778504,"worst_year":-0.3679500441,"avg_drawdown":-0.0170536144,"avg_drawdown_days":21.7572016461,"avg_up_month":0.0310329208,"avg_down_month":-0.0363755814,"win_year_perc":0.8823529412,"twelve_month_win_perc":0.8526315789}