{"start":1104710400000,"end":1743033600000,"rf":0.0,"total_return":5.8890048874,"cagr":0.1001122836,"max_drawdown":-0.5518943832,"calmar":0.1813975403,"mtd":-0.0427380482,"three_month":-0.0440733724,"six_month":-0.0013469023,"ytd":-0.0295081149,"one_year":0.0977262948,"three_year":0.0913366199,"five_year":0.1920518971,"ten_year":0.1259694622,"incep":0.1001122836,"daily_sharpe":0.5980382844,"daily_sortino":0.9291992808,"daily_mean":0.113643813,"daily_vol":0.1900276553,"daily_skew":-0.0805592548,"daily_kurt":14.8809714609,"best_day":0.1451978707,"worst_day":-0.1094237555,"monthly_sharpe":0.7233417981,"monthly_sortino":1.2173606871,"monthly_mean":0.1082532451,"monthly_vol":0.1496571129,"monthly_skew":-0.5833885141,"monthly_kurt":1.2046689683,"best_month":0.1269834943,"worst_month":-0.1651866337,"yearly_sharpe":0.6487913687,"yearly_sortino":1.2743301081,"yearly_mean":0.1139250771,"yearly_vol":0.175595858,"yearly_skew":-1.2317369619,"yearly_kurt":1.6775884805,"best_year":0.3230775105,"worst_year":-0.3679499867,"avg_drawdown":-0.017598815,"avg_drawdown_days":22.4340277778,"avg_up_month":0.0328898496,"avg_down_month":-0.037552059,"win_year_perc":0.8,"twelve_month_win_perc":0.8318965517}