{"start":1104451200000,"end":1623974400000,"rf":0.0,"total_return":3.7392863358,"cagr":0.09911996,"max_drawdown":-0.5518943553,"calmar":0.1795995176,"mtd":-0.0121893034,"three_month":0.0633467226,"six_month":0.1275772741,"ytd":0.1134026216,"one_year":0.3521519706,"three_year":0.1643248606,"five_year":0.1692354135,"ten_year":0.1470573577,"incep":0.09911996,"daily_sharpe":0.5833012492,"daily_sortino":0.8986520179,"daily_mean":0.1136302996,"daily_vol":0.194805514,"daily_skew":-0.0643654137,"daily_kurt":16.2904837826,"best_day":0.1451976341,"worst_day":-0.1094236139,"monthly_sharpe":0.7220521651,"monthly_sortino":1.1923330795,"monthly_mean":0.1054078568,"monthly_vol":0.145983714,"monthly_skew":-0.6521759311,"monthly_kurt":1.8408950853,"best_month":0.1269835818,"worst_month":-0.16518677,"yearly_sharpe":0.6797657803,"yearly_sortino":1.2218294097,"yearly_mean":0.1090317078,"yearly_vol":0.1603959936,"yearly_skew":-1.5513421959,"yearly_kurt":4.1953578927,"best_year":0.3230777758,"worst_year":-0.3679501289,"avg_drawdown":-0.0173306517,"avg_drawdown_days":22.3531914894,"avg_up_month":0.0311805492,"avg_down_month":-0.0360091342,"win_year_perc":0.8823529412,"twelve_month_win_perc":0.8510638298}