{"start":1104451200000,"end":1705881600000,"rf":0.0,"total_return":4.7540146906,"cagr":0.0961661018,"max_drawdown":-0.5518946207,"calmar":0.1742472172,"mtd":0.0171256963,"three_month":0.1524730094,"six_month":0.0772753092,"ytd":0.0171256963,"one_year":0.2397639409,"three_year":0.0970358852,"five_year":0.1482285217,"ten_year":0.1213480436,"incep":0.0961661018,"daily_sharpe":0.5733143507,"daily_sortino":0.8904772645,"daily_mean":0.1106178725,"daily_vol":0.192944538,"daily_skew":-0.0698878618,"daily_kurt":14.8013676267,"best_day":0.1451979744,"worst_day":-0.1094238827,"monthly_sharpe":0.6840895311,"monthly_sortino":1.144631869,"monthly_mean":0.1035932304,"monthly_vol":0.1514322697,"monthly_skew":-0.5709191379,"monthly_kurt":1.188679384,"best_month":0.1269836972,"worst_month":-0.1651865518,"yearly_sharpe":0.6190026951,"yearly_sortino":1.1846082623,"yearly_mean":0.1062276801,"yearly_vol":0.1716110138,"yearly_skew":-1.1779862846,"yearly_kurt":1.8476147162,"best_year":0.3230775517,"worst_year":-0.3679501651,"avg_drawdown":-0.017794547,"avg_drawdown_days":23.8210116732,"avg_up_month":0.0327805165,"avg_down_month":-0.0381147929,"win_year_perc":0.85,"twelve_month_win_perc":0.8219178082}