{"start":1104451200000,"end":1623024000000,"rf":0.0,"total_return":3.8223253758,"cagr":0.1004729711,"max_drawdown":-0.5518943553,"calmar":0.182051094,"mtd":0.0051185455,"three_month":0.1041179593,"six_month":0.1525056751,"ytd":0.1329110197,"one_year":0.3432722551,"three_year":0.1716915575,"five_year":0.1700406005,"ten_year":0.148405222,"incep":0.1004729711,"daily_sharpe":0.5894805607,"daily_sortino":0.9083330103,"daily_mean":0.1149255624,"daily_vol":0.1949607334,"daily_skew":-0.0649272024,"daily_kurt":16.2702078294,"best_day":0.1451976341,"worst_day":-0.1094236139,"monthly_sharpe":0.7296840477,"monthly_sortino":1.2035266575,"monthly_mean":0.1064568173,"monthly_vol":0.1458944014,"monthly_skew":-0.6590346435,"monthly_kurt":1.8581086018,"best_month":0.1269835818,"worst_month":-0.16518677,"yearly_sharpe":0.6864795359,"yearly_sortino":1.2346890982,"yearly_mean":0.1101792606,"yearly_vol":0.1604989732,"yearly_skew":-1.5724362621,"yearly_kurt":4.2326415688,"best_year":0.3230777758,"worst_year":-0.3679501289,"avg_drawdown":-0.0172953453,"avg_drawdown_days":22.4230769231,"avg_up_month":0.0309845943,"avg_down_month":-0.0363755931,"win_year_perc":0.8823529412,"twelve_month_win_perc":0.8510638298}