{"start":1104451200000,"end":1628035200000,"rf":0.0,"total_return":4.030508733,"cagr":0.1022693904,"max_drawdown":-0.5518943299,"calmar":0.1853061081,"mtd":0.0010718141,"three_month":0.0596606492,"six_month":0.1441483218,"ytd":0.1818193918,"one_year":0.3498103537,"three_year":0.1767012883,"five_year":0.1735514922,"ten_year":0.1607766815,"incep":0.1022693904,"daily_sharpe":0.5991951085,"daily_sortino":0.9234338446,"daily_mean":0.1163984136,"daily_vol":0.1942579503,"daily_skew":-0.0662949089,"daily_kurt":16.3607614686,"best_day":0.1451976703,"worst_day":-0.1094238383,"monthly_sharpe":0.7432345813,"monthly_sortino":1.2253527524,"monthly_mean":0.1079598525,"monthly_vol":0.1452567671,"monthly_skew":-0.6696246512,"monthly_kurt":1.9018538071,"best_month":0.1269835312,"worst_month":-0.1651867009,"yearly_sharpe":0.7006117519,"yearly_sortino":1.2669292714,"yearly_mean":0.1130562314,"yearly_vol":0.1613678776,"yearly_skew":-1.6017946986,"yearly_kurt":4.2116618266,"best_year":0.3230778504,"worst_year":-0.3679500441,"avg_drawdown":-0.0171661796,"avg_drawdown_days":21.9916666667,"avg_up_month":0.0308425457,"avg_down_month":-0.0363755814,"win_year_perc":0.8823529412,"twelve_month_win_perc":0.8526315789}