{"start":1104710400000,"end":1743033600000,"rf":0.0,"total_return":5.8890055259,"cagr":0.1001122887,"max_drawdown":-0.5518944511,"calmar":0.1813975271,"mtd":-0.0427380482,"three_month":-0.0440733724,"six_month":-0.0013469023,"ytd":-0.0295081149,"one_year":0.0977264245,"three_year":0.091336569,"five_year":0.1920518971,"ten_year":0.125969492,"incep":0.1001122887,"daily_sharpe":0.5980384434,"daily_sortino":0.9292000205,"daily_mean":0.113643805,"daily_vol":0.1900275914,"daily_skew":-0.0805566601,"daily_kurt":14.8809406387,"best_day":0.145197702,"worst_day":-0.109423701,"monthly_sharpe":0.7233416904,"monthly_sortino":1.2173602236,"monthly_mean":0.1082532376,"monthly_vol":0.1496571248,"monthly_skew":-0.5833888166,"monthly_kurt":1.2046706251,"best_month":0.1269836378,"worst_month":-0.1651865596,"yearly_sharpe":0.6487912232,"yearly_sortino":1.2743294641,"yearly_mean":0.1139251041,"yearly_vol":0.1755959391,"yearly_skew":-1.2317379284,"yearly_kurt":1.6775919245,"best_year":0.3230777337,"worst_year":-0.3679503138,"avg_drawdown":-0.0175988101,"avg_drawdown_days":22.4340277778,"avg_up_month":0.0328898384,"avg_down_month":-0.0375520389,"win_year_perc":0.8,"twelve_month_win_perc":0.8318965517}