{"start":1104451200000,"end":1642982400000,"rf":0.0,"total_return":3.9635212223,"cagr":0.0984312071,"max_drawdown":-0.5518944781,"calmar":0.1783514983,"mtd":-0.0941553016,"three_month":-0.0471585454,"six_month":-0.0154687174,"ytd":-0.0941553016,"one_year":0.1386728171,"three_year":0.1974089264,"five_year":0.156138317,"ten_year":0.1476283189,"incep":0.0984312071,"daily_sharpe":0.5839680183,"daily_sortino":0.9000524022,"daily_mean":0.1126459653,"daily_vol":0.1928974906,"daily_skew":-0.0674882592,"daily_kurt":16.3822607499,"best_day":0.1451977867,"worst_day":-0.1094237081,"monthly_sharpe":0.7130441297,"monthly_sortino":1.1709936607,"monthly_mean":0.1051102784,"monthly_vol":0.1474106217,"monthly_skew":-0.671174468,"monthly_kurt":1.7008794564,"best_month":0.1269836709,"worst_month":-0.1651868938,"yearly_sharpe":0.636124132,"yearly_sortino":1.2188015472,"yearly_mean":0.1074037949,"yearly_vol":0.1688409376,"yearly_skew":-1.2474852971,"yearly_kurt":2.4921803438,"best_year":0.3230778684,"worst_year":-0.3679500096,"avg_drawdown":-0.0172927793,"avg_drawdown_days":21.2755905512,"avg_up_month":0.0314514026,"avg_down_month":-0.0369589446,"win_year_perc":0.8333333333,"twelve_month_win_perc":0.8564102564}