{"start":1104451200000,"end":1649721600000,"rf":0.0,"total_return":4.0721017903,"cagr":0.0985323507,"max_drawdown":-0.5518945694,"calmar":0.178534735,"mtd":-0.0295589533,"three_month":-0.0665967226,"six_month":0.0174720064,"ytd":-0.0743397045,"one_year":0.07875248,"three_year":0.1663170042,"five_year":0.1536985374,"ten_year":0.1434332803,"incep":0.0985323507,"daily_sharpe":0.583745141,"daily_sortino":0.9014539285,"daily_mean":0.1127638633,"daily_vol":0.1931731082,"daily_skew":-0.0660820952,"daily_kurt":16.0697685734,"best_day":0.145197122,"worst_day":-0.1094236743,"monthly_sharpe":0.7187332605,"monthly_sortino":1.1944603875,"monthly_mean":0.1047440029,"monthly_vol":0.1457341807,"monthly_skew":-0.6318631876,"monthly_kurt":1.7002763092,"best_month":0.1269834421,"worst_month":-0.1651866155,"yearly_sharpe":0.6477553155,"yearly_sortino":1.2418874221,"yearly_mean":0.108504687,"yearly_vol":0.1675087558,"yearly_skew":-1.2688990202,"yearly_kurt":2.6710340633,"best_year":0.3230780966,"worst_year":-0.3679501403,"avg_drawdown":-0.0174080385,"avg_drawdown_days":21.5826771654,"avg_up_month":0.0314958789,"avg_down_month":-0.0361552653,"win_year_perc":0.8333333333,"twelve_month_win_perc":0.8585858586}