{"start":1104451200000,"end":1642032000000,"rf":0.0,"total_return":4.3591129663,"cagr":0.1035701209,"max_drawdown":-0.5518944524,"calmar":0.1876629135,"mtd":-0.021959729,"three_month":0.0711935316,"six_month":0.0736137998,"ytd":-0.021959729,"one_year":0.2394272994,"three_year":0.2383488979,"five_year":0.174577038,"ten_year":0.1587914138,"incep":0.1035701209,"daily_sharpe":0.6081553583,"daily_sortino":0.9377158709,"daily_mean":0.1172721732,"daily_vol":0.1928325905,"daily_skew":-0.0692102561,"daily_kurt":16.4317152808,"best_day":0.1451985408,"worst_day":-0.1094237538,"monthly_sharpe":0.7516191188,"monthly_sortino":1.2487091371,"monthly_mean":0.1093363629,"monthly_vol":0.1454677777,"monthly_skew":-0.6529088201,"monthly_kurt":1.8007493612,"best_month":0.1269835339,"worst_month":-0.165186594,"yearly_sharpe":0.6769849554,"yearly_sortino":1.2869312595,"yearly_mean":0.111414673,"yearly_vol":0.1645748139,"yearly_skew":-1.3398803545,"yearly_kurt":3.1539958064,"best_year":0.3230774055,"worst_year":-0.3679502964,"avg_drawdown":-0.0170101473,"avg_drawdown_days":21.2322834646,"avg_up_month":0.0314514058,"avg_down_month":-0.0358972508,"win_year_perc":0.8333333333,"twelve_month_win_perc":0.8564102564}