{"start":1199232000000,"end":1639094400000,"rf":0.0,"total_return":2.2575132448,"cagr":0.0884203106,"max_drawdown":-0.5286798791,"calmar":0.1672473535,"mtd":0.0333216102,"three_month":0.0567977453,"six_month":0.1112580121,"ytd":0.2590670378,"one_year":0.2836145833,"three_year":0.2124623166,"five_year":0.1580225133,"ten_year":0.1425789695,"incep":0.0884203106,"daily_sharpe":0.5232238967,"daily_sortino":0.7977748267,"daily_mean":0.1061230877,"daily_vol":0.2028253838,"daily_skew":-0.3453207693,"daily_kurt":12.1337570573,"best_day":0.1156025621,"worst_day":-0.1094237354,"monthly_sharpe":0.6556836538,"monthly_sortino":1.0709646749,"monthly_mean":0.1020022477,"monthly_vol":0.1555662507,"monthly_skew":-0.6243664545,"monthly_kurt":1.1887557692,"best_month":0.1269835538,"worst_month":-0.1406246756,"yearly_sharpe":1.2237833194,"yearly_sortino":8.047874699,"yearly_mean":0.1409899442,"yearly_vol":0.1152082578,"yearly_skew":-0.3424514443,"yearly_kurt":-0.796550428,"best_year":0.2968892472,"worst_year":-0.0634789332,"avg_drawdown":-0.0192656314,"avg_drawdown_days":26.2312138728,"avg_up_month":0.0326214626,"avg_down_month":-0.0393116262,"win_year_perc":0.7692307692,"twelve_month_win_perc":0.847133758}