{"start":1104451200000,"end":1637625600000,"rf":0.0,"total_return":4.38242744,"cagr":0.1047531223,"max_drawdown":-0.5518944268,"calmar":0.1898064507,"mtd":0.0194665268,"three_month":0.0501495857,"six_month":0.1356498938,"ytd":0.2644964614,"one_year":0.3282190567,"three_year":0.2330389071,"five_year":0.1836772275,"ten_year":0.1717037423,"incep":0.1047531223,"daily_sharpe":0.6133882431,"daily_sortino":0.9451906139,"daily_mean":0.1183690266,"daily_vol":0.1929757017,"daily_skew":-0.0694879629,"daily_kurt":16.5213542885,"best_day":0.1451973959,"worst_day":-0.1094237944,"monthly_sharpe":0.7592721654,"monthly_sortino":1.2575349566,"monthly_mean":0.1106035188,"monthly_vol":0.1456704511,"monthly_skew":-0.6653081646,"monthly_kurt":1.8245578798,"best_month":0.1269837714,"worst_month":-0.1651867752,"yearly_sharpe":0.7156199613,"yearly_sortino":1.3214285126,"yearly_mean":0.117919548,"yearly_vol":0.1647795679,"yearly_skew":-1.5548887964,"yearly_kurt":3.8705455598,"best_year":0.3230773843,"worst_year":-0.36795005,"avg_drawdown":-0.016881899,"avg_drawdown_days":21.408,"avg_up_month":0.0312559124,"avg_down_month":-0.0365305627,"win_year_perc":0.8823529412,"twelve_month_win_perc":0.8549222798}