{"start":1104451200000,"end":1649721600000,"rf":0.0,"total_return":1.3848528137,"cagr":0.0515880478,"max_drawdown":-0.2658539732,"calmar":0.1940465555,"mtd":-0.0675473116,"three_month":-0.136471567,"six_month":-0.1389442225,"ytd":-0.1666563778,"one_year":-0.0910772212,"three_year":0.0179582909,"five_year":0.0206495077,"ten_year":0.0306703718,"incep":0.0515880478,"daily_sharpe":0.4239941316,"daily_sortino":0.7125576688,"daily_mean":0.0605420371,"daily_vol":0.1427897997,"daily_skew":0.0910423739,"daily_kurt":4.5020155542,"best_day":0.0751959066,"worst_day":-0.0666830125,"monthly_sharpe":0.4440227084,"monthly_sortino":0.8945265374,"monthly_mean":0.0588547616,"monthly_vol":0.1325489901,"monthly_skew":0.5424524154,"monthly_kurt":1.8866552558,"best_month":0.1434129355,"worst_month":-0.1307076052,"yearly_sharpe":0.3838795025,"yearly_sortino":0.906021999,"yearly_mean":0.0605885565,"yearly_vol":0.1578322263,"yearly_skew":0.2080908472,"yearly_kurt":-0.264157768,"best_year":0.3400115795,"worst_year":-0.2180626778,"avg_drawdown":-0.0412917877,"avg_drawdown_days":89.7352941176,"avg_up_month":0.0322948413,"avg_down_month":-0.0252524091,"win_year_perc":0.6666666667,"twelve_month_win_perc":0.6868686869}