{"start":1104451200000,"end":1642032000000,"rf":0.0,"total_return":1.786279461,"cagr":0.0619994179,"max_drawdown":-0.2658542444,"calmar":0.2332083056,"mtd":-0.0263850705,"three_month":-0.003698593,"six_month":0.0008784581,"ytd":-0.0263850705,"one_year":-0.0402523156,"three_year":0.0810221914,"five_year":0.0572918958,"ten_year":0.0423506919,"incep":0.0619994179,"daily_sharpe":0.4951146895,"daily_sortino":0.8353867275,"daily_mean":0.0702794679,"daily_vol":0.1419458347,"daily_skew":0.1060375462,"daily_kurt":4.6565792782,"best_day":0.0751957505,"worst_day":-0.0666827074,"monthly_sharpe":0.5224468018,"monthly_sortino":1.0747485525,"monthly_mean":0.0685594659,"monthly_vol":0.1312276498,"monthly_skew":0.5621393105,"monthly_kurt":2.0082034022,"best_month":0.1434121716,"worst_month":-0.1307080984,"yearly_sharpe":0.4583888802,"yearly_sortino":1.1790562857,"yearly_mean":0.0683813912,"yearly_vol":0.1491776832,"yearly_skew":0.2907814195,"yearly_kurt":0.0411272109,"best_year":0.3400112738,"worst_year":-0.2180627034,"avg_drawdown":-0.0405302189,"avg_drawdown_days":88.4264705882,"avg_up_month":0.0322948043,"avg_down_month":-0.0244678069,"win_year_perc":0.6666666667,"twelve_month_win_perc":0.6923076923}