{"start":1104451200000,"end":1625529600000,"rf":0.0,"total_return":1.8129734144,"cagr":0.0646390993,"max_drawdown":-0.2658539494,"calmar":0.2431376306,"mtd":0.0178825721,"three_month":0.0690557495,"six_month":-0.0342845328,"ytd":-0.0622645241,"one_year":-0.0862980715,"three_year":0.082636667,"five_year":0.0281159052,"ten_year":0.071385326,"incep":0.0646390993,"daily_sharpe":0.513289878,"daily_sortino":0.865243321,"daily_mean":0.0727770141,"daily_vol":0.1417854068,"daily_skew":0.1093080982,"daily_kurt":4.8314859076,"best_day":0.0751957084,"worst_day":-0.0666829503,"monthly_sharpe":0.5378718484,"monthly_sortino":1.1050985797,"monthly_mean":0.0710695582,"monthly_vol":0.1321310242,"monthly_skew":0.5551954158,"monthly_kurt":2.0003166726,"best_month":0.1434133878,"worst_month":-0.1307072991,"yearly_sharpe":0.4781264821,"yearly_sortino":1.2113996337,"yearly_mean":0.0729986594,"yearly_vol":0.1526764615,"yearly_skew":0.1898098098,"yearly_kurt":-0.0700470569,"best_year":0.340011811,"worst_year":-0.2180621993,"avg_drawdown":-0.0405302088,"avg_drawdown_days":85.6176470588,"avg_up_month":0.0322288154,"avg_down_month":-0.0246729682,"win_year_perc":0.7058823529,"twelve_month_win_perc":0.708994709}