{"start":1104451200000,"end":1628035200000,"rf":0.0,"total_return":1.8993161696,"cagr":0.0662612029,"max_drawdown":-0.2658538431,"calmar":0.2492392141,"mtd":0.0115308907,"three_month":0.0874753791,"six_month":0.0200458161,"ytd":-0.0334813363,"one_year":-0.1067259291,"three_year":0.103446811,"five_year":0.038546669,"ten_year":0.0624478245,"incep":0.0662612029,"daily_sharpe":0.5239100846,"daily_sortino":0.8838624885,"daily_mean":0.0742875562,"daily_vol":0.1417944765,"daily_skew":0.1096950669,"daily_kurt":4.803537776,"best_day":0.0751957368,"worst_day":-0.0666829574,"monthly_sharpe":0.549738907,"monthly_sortino":1.1300965646,"monthly_mean":0.072563102,"monthly_vol":0.131995573,"monthly_skew":0.5468387526,"monthly_kurt":1.9900004162,"best_month":0.1434130225,"worst_month":-0.1307072766,"yearly_sharpe":0.4938774007,"yearly_sortino":1.2534580556,"yearly_mean":0.0746917978,"yearly_vol":0.1512355045,"yearly_skew":0.183177222,"yearly_kurt":0.0210922042,"best_year":0.3400120125,"worst_year":-0.2180622446,"avg_drawdown":-0.0405301937,"avg_drawdown_days":86.0441176471,"avg_up_month":0.0322157256,"avg_down_month":-0.024672971,"win_year_perc":0.7058823529,"twelve_month_win_perc":0.7052631579}