{"start":1104451200000,"end":1642982400000,"rf":0.0,"total_return":1.7766232456,"cagr":0.0616706788,"max_drawdown":-0.2658542653,"calmar":0.2319717485,"mtd":-0.0297591173,"three_month":0.0011838552,"six_month":-0.0246203813,"ytd":-0.0297591173,"one_year":-0.0387296593,"three_year":0.0778206232,"five_year":0.0583087724,"ten_year":0.0458860986,"incep":0.0616706788,"daily_sharpe":0.4929961118,"daily_sortino":0.8315674733,"daily_mean":0.0699969185,"daily_vol":0.1419826989,"daily_skew":0.1046997297,"daily_kurt":4.6423714155,"best_day":0.075195621,"worst_day":-0.0666830707,"monthly_sharpe":0.5207391317,"monthly_sortino":1.0707869976,"monthly_mean":0.0683619468,"monthly_vol":0.1312786819,"monthly_skew":0.5617453507,"monthly_kurt":2.0025893788,"best_month":0.143413306,"worst_month":-0.1307080114,"yearly_sharpe":0.4567399871,"yearly_sortino":1.1756493285,"yearly_mean":0.0681939304,"yearly_vol":0.1493058027,"yearly_skew":0.2923996842,"yearly_kurt":0.0324892903,"best_year":0.3400116289,"worst_year":-0.2180620419,"avg_drawdown":-0.0405302361,"avg_drawdown_days":88.5882352941,"avg_up_month":0.0322948187,"avg_down_month":-0.024502972,"win_year_perc":0.6666666667,"twelve_month_win_perc":0.6923076923}