{"start":1104451200000,"end":1648166400000,"rf":0.0,"total_return":1.4913879211,"cagr":0.0544105092,"max_drawdown":-0.265853521,"calmar":0.2046634892,"mtd":-0.0789275448,"three_month":-0.1313641597,"six_month":-0.117545917,"ytd":-0.1294298416,"one_year":-0.0470264864,"three_year":0.0270247476,"five_year":0.0328843067,"ten_year":0.0376042951,"incep":0.0544105092,"daily_sharpe":0.4428852578,"daily_sortino":0.7450562934,"daily_mean":0.0632112594,"daily_vol":0.1427260409,"daily_skew":0.0933969992,"daily_kurt":4.5225190743,"best_day":0.0751955963,"worst_day":-0.0666826615,"monthly_sharpe":0.4652265103,"monthly_sortino":0.9371087027,"monthly_mean":0.0616355261,"monthly_vol":0.1324849826,"monthly_skew":0.527560009,"monthly_kurt":1.9294097945,"best_month":0.1434127812,"worst_month":-0.1307080426,"yearly_sharpe":0.4045084634,"yearly_sortino":0.995084034,"yearly_mean":0.0626567043,"yearly_vol":0.1548959043,"yearly_skew":0.2618742482,"yearly_kurt":-0.2206732725,"best_year":0.3400119479,"worst_year":-0.2180625574,"avg_drawdown":-0.0408091157,"avg_drawdown_days":89.4705882353,"avg_up_month":0.0322947966,"avg_down_month":-0.0250706123,"win_year_perc":0.6666666667,"twelve_month_win_perc":0.6903553299}