{"start":1104451200000,"end":1625788800000,"rf":0.0,"total_return":1.8089476322,"cagr":0.0645136563,"max_drawdown":-0.2658539494,"calmar":0.2426657811,"mtd":0.0164258311,"three_month":0.0700876374,"six_month":-0.0239405684,"ytd":-0.0636065626,"one_year":-0.110801573,"three_year":0.0844510183,"five_year":0.0281703399,"ten_year":0.0684943814,"incep":0.0645136563,"daily_sharpe":0.5123288306,"daily_sortino":0.8634902593,"daily_mean":0.0726465849,"daily_vol":0.1417967925,"daily_skew":0.1086072941,"daily_kurt":4.8251533013,"best_day":0.0751957084,"worst_day":-0.0666829503,"monthly_sharpe":0.5372375509,"monthly_sortino":1.1037326514,"monthly_mean":0.0709817145,"monthly_vol":0.1321235167,"monthly_skew":0.5558209297,"monthly_kurt":2.0018785272,"best_month":0.1434133878,"worst_month":-0.1307072991,"yearly_sharpe":0.4773760416,"yearly_sortino":1.2090696861,"yearly_mean":0.072919716,"yearly_vol":0.1527511011,"yearly_skew":0.1898103238,"yearly_kurt":-0.0742952676,"best_year":0.340011811,"worst_year":-0.2180621993,"avg_drawdown":-0.0405302088,"avg_drawdown_days":85.6617647059,"avg_up_month":0.032215201,"avg_down_month":-0.0246729682,"win_year_perc":0.7058823529,"twelve_month_win_perc":0.708994709}