{"start":1104451200000,"end":1638835200000,"rf":0.0,"total_return":1.9127726244,"cagr":0.0651707618,"max_drawdown":-0.2658537497,"calmar":0.2451376438,"mtd":-0.0026814699,"three_month":0.0315687514,"six_month":0.0908740564,"ytd":-0.0289955995,"one_year":-0.0209687763,"three_year":0.1042837291,"five_year":0.068889995,"ten_year":0.0501294354,"incep":0.0651707618,"daily_sharpe":0.5162211137,"daily_sortino":0.8720233068,"daily_mean":0.0732700879,"daily_vol":0.1419354729,"daily_skew":0.1101154179,"daily_kurt":4.6791161286,"best_day":0.07519534,"worst_day":-0.066683186,"monthly_sharpe":0.5448520104,"monthly_sortino":1.1195285241,"monthly_mean":0.0714744832,"monthly_vol":0.1311814618,"monthly_skew":0.55065792,"monthly_kurt":2.0223945855,"best_month":0.1434130183,"worst_month":-0.1307082065,"yearly_sharpe":0.4962671669,"yearly_sortino":1.2585501269,"yearly_mean":0.0749557071,"yearly_vol":0.1510390211,"yearly_skew":0.1810592259,"yearly_kurt":0.0349084754,"best_year":0.340011197,"worst_year":-0.2180627316,"avg_drawdown":-0.0405302729,"avg_drawdown_days":87.8823529412,"avg_up_month":0.0322948173,"avg_down_month":-0.0242638828,"win_year_perc":0.7058823529,"twelve_month_win_perc":0.6958762887}