{"start":1265846400000,"end":1637625600000,"rf":0.0,"total_return":1.1972176402,"cagr":0.0691018704,"max_drawdown":-0.2134414589,"calmar":0.3237509279,"mtd":-0.0203522591,"three_month":-0.0358785319,"six_month":0.0578017294,"ytd":-0.0719216357,"one_year":-0.0875914701,"three_year":0.0988166659,"five_year":0.0592730287,"ten_year":0.0414025562,"incep":0.0691018704,"daily_sharpe":0.5319386765,"daily_sortino":0.8943104958,"daily_mean":0.0774644606,"daily_vol":0.1456266748,"daily_skew":0.0637962663,"daily_kurt":5.2205968364,"best_day":0.0751952954,"worst_day":-0.0666832423,"monthly_sharpe":0.5697618949,"monthly_sortino":1.2693804953,"monthly_mean":0.0735461756,"monthly_vol":0.1290822996,"monthly_skew":0.6483615816,"monthly_kurt":0.6534007699,"best_month":0.1320609487,"worst_month":-0.0821371588,"yearly_sharpe":0.5116308398,"yearly_sortino":1.7439556987,"yearly_mean":0.0748749108,"yearly_vol":0.1463455776,"yearly_skew":0.535820359,"yearly_kurt":-0.5062449087,"best_year":0.3400118108,"worst_year":-0.1338127835,"avg_drawdown":-0.0418448092,"avg_drawdown_days":76.9444444444,"avg_up_month":0.0338245957,"avg_down_month":-0.0236033519,"win_year_perc":0.6363636364,"twelve_month_win_perc":0.6488549618}