{"start":1199232000000,"end":1639094400000,"rf":0.0,"total_return":0.5769017903,"cagr":0.033216533,"max_drawdown":-0.2844579736,"calmar":0.1167713196,"mtd":-0.0180090758,"three_month":0.0030997758,"six_month":0.0443384848,"ytd":-0.0562353094,"one_year":-0.0590987024,"three_year":0.0777663786,"five_year":0.0481192523,"ten_year":0.0235052238,"incep":0.033216533,"daily_sharpe":0.2936677937,"daily_sortino":0.4933525337,"daily_mean":0.044370332,"daily_vol":0.1510902216,"daily_skew":0.0947377069,"daily_kurt":4.1274887974,"best_day":0.0751955354,"worst_day":-0.0666829827,"monthly_sharpe":0.3066458156,"monthly_sortino":0.6111644988,"monthly_mean":0.0427672671,"monthly_vol":0.1394679624,"monthly_skew":0.5569361061,"monthly_kurt":1.510135978,"best_month":0.1404074634,"worst_month":-0.1283929457,"yearly_sharpe":0.1842709786,"yearly_sortino":0.3648830356,"yearly_mean":0.027532256,"yearly_vol":0.1494117859,"yearly_skew":0.0590040057,"yearly_kurt":-0.1228320879,"best_year":0.2882490062,"worst_year":-0.2448312522,"avg_drawdown":-0.0682221073,"avg_drawdown_days":156.28125,"avg_up_month":0.0328995466,"avg_down_month":-0.0275825087,"win_year_perc":0.4615384615,"twelve_month_win_perc":0.5796178344}