{"start":1104710400000,"end":1743033600000,"rf":0.0,"total_return":0.9018261746,"cagr":0.0322900105,"max_drawdown":-0.4835112193,"calmar":0.0667823398,"mtd":-0.0350553044,"three_month":0.027647042,"six_month":-0.0791864396,"ytd":0.0249404619,"one_year":-0.0222299487,"three_year":-0.0880726593,"five_year":-0.0957642003,"ten_year":-0.0132580688,"incep":0.0322900105,"daily_sharpe":0.289241991,"daily_sortino":0.4869688924,"daily_mean":0.0427337458,"daily_vol":0.1477439206,"daily_skew":0.0917930039,"daily_kurt":3.4749907537,"best_day":0.0751960984,"worst_day":-0.0666825614,"monthly_sharpe":0.2862097067,"monthly_sortino":0.5497182225,"monthly_mean":0.0397935827,"monthly_vol":0.1390364538,"monthly_skew":0.4284755371,"monthly_kurt":1.2786429285,"best_month":0.1434128706,"worst_month":-0.1307081112,"yearly_sharpe":0.2498890049,"yearly_sortino":0.4872131106,"yearly_mean":0.0415503136,"yearly_vol":0.1662750773,"yearly_skew":-0.0068245184,"yearly_kurt":0.3051329765,"best_year":0.3400109445,"worst_year":-0.3123453353,"avg_drawdown":-0.0445017279,"avg_drawdown_days":105.6176470588,"avg_up_month":0.0328863762,"avg_down_month":-0.0282760095,"win_year_perc":0.65,"twelve_month_win_perc":0.6077586207}