{"start":1104451200000,"end":1623715200000,"rf":0.0,"total_return":1.7003752512,"cagr":0.0622316674,"max_drawdown":-0.2658543149,"calmar":0.2340818406,"mtd":0.0203195161,"three_month":0.0350259516,"six_month":-0.0992609905,"ytd":-0.0998001883,"one_year":-0.1189771471,"three_year":0.0757698078,"five_year":0.0300850944,"ten_year":0.0644834588,"incep":0.0622316674,"daily_sharpe":0.497326383,"daily_sortino":0.8379657991,"daily_mean":0.0704981136,"daily_vol":0.1417542202,"daily_skew":0.1107195633,"daily_kurt":4.8543596809,"best_day":0.0751955478,"worst_day":-0.0666832071,"monthly_sharpe":0.5213920476,"monthly_sortino":1.0696450738,"monthly_mean":0.0688979632,"monthly_vol":0.132142336,"monthly_skew":0.5672195811,"monthly_kurt":2.0303961287,"best_month":0.1434139222,"worst_month":-0.1307078992,"yearly_sharpe":0.4566891015,"yearly_sortino":1.1360984801,"yearly_mean":0.0707906652,"yearly_vol":0.15500844,"yearly_skew":0.1787400286,"yearly_kurt":-0.181930778,"best_year":0.3400107077,"worst_year":-0.2180623748,"avg_drawdown":-0.0405301396,"avg_drawdown_days":85.3088235294,"avg_up_month":0.0321389907,"avg_down_month":-0.0246730068,"win_year_perc":0.7058823529,"twelve_month_win_perc":0.7127659574}