{"start":1265846400000,"end":1635724800000,"rf":0.0,"total_return":1.2238838948,"cagr":0.0705703379,"max_drawdown":-0.2134416095,"calmar":0.3306306489,"mtd":-0.0084636738,"three_month":-0.016912286,"six_month":0.0647071007,"ytd":-0.0606588167,"one_year":-0.0567528214,"three_year":0.1088229893,"five_year":0.0444609098,"ten_year":0.0453593996,"incep":0.0705703379,"daily_sharpe":0.5417676009,"daily_sortino":0.9110225111,"daily_mean":0.0788431903,"daily_vol":0.1455295411,"daily_skew":0.0654434724,"daily_kurt":5.2716091779,"best_day":0.0751955419,"worst_day":-0.0666827066,"monthly_sharpe":0.5783281201,"monthly_sortino":1.2880432712,"monthly_mean":0.0745579507,"monthly_vol":0.1289198088,"monthly_skew":0.6460971995,"monthly_kurt":0.6644062376,"best_month":0.132061648,"worst_month":-0.0821371601,"yearly_sharpe":0.5225347109,"yearly_sortino":1.8185110628,"yearly_mean":0.0758987769,"yearly_vol":0.1452511678,"yearly_skew":0.5490386397,"yearly_kurt":-0.4707238148,"best_year":0.3400112651,"worst_year":-0.1338134364,"avg_drawdown":-0.0418447587,"avg_drawdown_days":76.537037037,"avg_up_month":0.0338246413,"avg_down_month":-0.023428572,"win_year_perc":0.6363636364,"twelve_month_win_perc":0.6488549618}