{"start":1104451200000,"end":1649808000000,"rf":0.0,"total_return":1.3897017884,"cagr":0.0517032731,"max_drawdown":-0.2658536384,"calmar":0.1944802163,"mtd":-0.0656516202,"three_month":-0.142332505,"six_month":-0.1455047327,"ytd":-0.1649621767,"one_year":-0.0960034542,"three_year":0.017823846,"five_year":0.0204348725,"ten_year":0.029226525,"incep":0.0517032731,"daily_sharpe":0.4247682743,"daily_sortino":0.7138325439,"daily_mean":0.0606458839,"daily_vol":0.1427740431,"daily_skew":0.0909147928,"daily_kurt":4.5035811801,"best_day":0.0751959145,"worst_day":-0.0666830957,"monthly_sharpe":0.4450473785,"monthly_sortino":0.8974318332,"monthly_mean":0.0589641252,"monthly_vol":0.1324895463,"monthly_skew":0.5449832273,"monthly_kurt":1.8885200088,"best_month":0.1434123571,"worst_month":-0.1307085885,"yearly_sharpe":0.3848246586,"yearly_sortino":0.9101221593,"yearly_mean":0.0606827043,"yearly_vol":0.1576892304,"yearly_skew":0.2110341768,"yearly_kurt":-0.263299681,"best_year":0.3400110381,"worst_year":-0.2180634619,"avg_drawdown":-0.0412917287,"avg_drawdown_days":89.75,"avg_up_month":0.0322947986,"avg_down_month":-0.0252332143,"win_year_perc":0.6666666667,"twelve_month_win_perc":0.6868686869}