{"start":1104451200000,"end":1623024000000,"rf":0.0,"total_return":1.6701264192,"cagr":0.0615891536,"max_drawdown":-0.2658543149,"calmar":0.2316650515,"mtd":0.0088901884,"three_month":0.008328359,"six_month":-0.1025259122,"ytd":-0.1098839694,"one_year":-0.0938010432,"three_year":0.0731965912,"five_year":0.0327430125,"ten_year":0.0642552927,"incep":0.0615891536,"daily_sharpe":0.4929634239,"daily_sortino":0.830538549,"daily_mean":0.0699070167,"daily_vol":0.1418097434,"daily_skew":0.1113316551,"daily_kurt":4.8531029872,"best_day":0.0751955478,"worst_day":-0.0666832071,"monthly_sharpe":0.5163331667,"monthly_sortino":1.0588910733,"monthly_mean":0.0682052766,"monthly_vol":0.1320954783,"monthly_skew":0.5721274254,"monthly_kurt":2.0410128219,"best_month":0.1434139222,"worst_month":-0.1307078992,"yearly_sharpe":0.4507939881,"yearly_sortino":1.1129371062,"yearly_mean":0.0701975016,"yearly_vol":0.1557196934,"yearly_skew":0.1717434306,"yearly_kurt":-0.2078780142,"best_year":0.3400107077,"worst_year":-0.2180623748,"avg_drawdown":-0.0405301396,"avg_drawdown_days":85.1911764706,"avg_up_month":0.0320311669,"avg_down_month":-0.0246730068,"win_year_perc":0.7058823529,"twelve_month_win_perc":0.7127659574}