{"start":1104451200000,"end":1630022400000,"rf":0.0,"total_return":1.8686073161,"cagr":0.0653212262,"max_drawdown":-0.2658538431,"calmar":0.2457035243,"mtd":0.0008170009,"three_month":0.082164893,"six_month":0.0526806141,"ytd":-0.0437184675,"one_year":-0.0595651288,"three_year":0.0923661983,"five_year":0.0352502237,"ten_year":0.0597229897,"incep":0.0653212262,"daily_sharpe":0.5178407194,"daily_sortino":0.8735143629,"daily_mean":0.0733719014,"daily_vol":0.1416881652,"daily_skew":0.1100443186,"daily_kurt":4.8012928739,"best_day":0.0751957368,"worst_day":-0.0666829574,"monthly_sharpe":0.5448719014,"monthly_sortino":1.1200850879,"monthly_mean":0.0719202686,"monthly_vol":0.1319948202,"monthly_skew":0.5510801234,"monthly_kurt":1.9932646478,"best_month":0.1434130225,"worst_month":-0.1307072766,"yearly_sharpe":0.4883544908,"yearly_sortino":1.2403099218,"yearly_mean":0.0740896137,"yearly_vol":0.1517127723,"yearly_skew":0.1869480558,"yearly_kurt":-0.0110394927,"best_year":0.3400120125,"worst_year":-0.2180622446,"avg_drawdown":-0.0405301937,"avg_drawdown_days":86.3823529412,"avg_up_month":0.0321165229,"avg_down_month":-0.024672971,"win_year_perc":0.7058823529,"twelve_month_win_perc":0.7052631579}