{"start":1104451200000,"end":1625184000000,"rf":0.0,"total_return":1.7803845568,"cagr":0.0639317561,"max_drawdown":-0.2658539494,"calmar":0.2404769845,"mtd":0.0060901996,"three_month":0.0592063403,"six_month":-0.0731283764,"ytd":-0.0731283764,"one_year":-0.1005821546,"three_year":0.0825709699,"five_year":0.0260970812,"ten_year":0.070743947,"incep":0.0639317561,"daily_sharpe":0.50843759,"daily_sortino":0.8569312747,"daily_mean":0.0720834869,"daily_vol":0.1417745035,"daily_skew":0.1097792685,"daily_kurt":4.8352724927,"best_day":0.0751957084,"worst_day":-0.0666829503,"monthly_sharpe":0.5326229633,"monthly_sortino":1.0940413391,"monthly_mean":0.0703584604,"monthly_vol":0.1320980604,"monthly_skew":0.5601629883,"monthly_kurt":2.0088432448,"best_month":0.1434133878,"worst_month":-0.1307072991,"yearly_sharpe":0.4720147203,"yearly_sortino":1.1916901776,"yearly_mean":0.0723596093,"yearly_vol":0.153299476,"yearly_skew":0.1889875186,"yearly_kurt":-0.1041181842,"best_year":0.340011811,"worst_year":-0.2180621993,"avg_drawdown":-0.0405302088,"avg_drawdown_days":85.5588235294,"avg_up_month":0.0321186063,"avg_down_month":-0.0246729682,"win_year_perc":0.7058823529,"twelve_month_win_perc":0.708994709}