{"start":1104710400000,"end":1743033600000,"rf":0.0,"total_return":0.9018246227,"cagr":0.0322899689,"max_drawdown":-0.4835115787,"calmar":0.066782204,"mtd":-0.0350553044,"three_month":0.027647042,"six_month":-0.0791865123,"ytd":0.0249404619,"one_year":-0.0222297847,"three_year":-0.0880726988,"five_year":-0.095764144,"ten_year":-0.013258091,"incep":0.0322899689,"daily_sharpe":0.2892416582,"daily_sortino":0.4869680016,"daily_mean":0.0427337157,"daily_vol":0.1477439867,"daily_skew":0.09178379,"daily_kurt":3.4749364743,"best_day":0.0751956934,"worst_day":-0.0666827525,"monthly_sharpe":0.2862097565,"monthly_sortino":0.5497184134,"monthly_mean":0.0397935908,"monthly_vol":0.1390364579,"monthly_skew":0.4284770545,"monthly_kurt":1.2786534236,"best_month":0.1434135468,"worst_month":-0.1307085425,"yearly_sharpe":0.2498891816,"yearly_sortino":0.4872135214,"yearly_mean":0.0415503278,"yearly_vol":0.1662750165,"yearly_skew":-0.0068254853,"yearly_kurt":0.3051308003,"best_year":0.3400116925,"worst_year":-0.3123453138,"avg_drawdown":-0.044501809,"avg_drawdown_days":105.6176470588,"avg_up_month":0.0328863455,"avg_down_month":-0.0282759753,"win_year_perc":0.65,"twelve_month_win_perc":0.6077586207}