{"start":1104451200000,"end":1705881600000,"rf":0.0,"total_return":0.9358771272,"cagr":0.0352678765,"max_drawdown":-0.4835115992,"calmar":0.0729411178,"mtd":-0.0427790842,"three_month":0.1482782581,"six_month":-0.0520193436,"ytd":-0.0427790842,"one_year":-0.0777891438,"three_year":-0.1249577126,"five_year":-0.0256044827,"ten_year":0.0135194437,"incep":0.0352678765,"daily_sharpe":0.3082285591,"daily_sortino":0.519112693,"daily_mean":0.045702447,"daily_vol":0.1482745373,"daily_skew":0.0998626329,"daily_kurt":3.6177597313,"best_day":0.0751949064,"worst_day":-0.0666827304,"monthly_sharpe":0.3168851589,"monthly_sortino":0.61858177,"monthly_mean":0.0442433247,"monthly_vol":0.1396194281,"monthly_skew":0.4608866006,"monthly_kurt":1.3324443478,"best_month":0.1434134612,"worst_month":-0.1307083739,"yearly_sharpe":0.2813668624,"yearly_sortino":0.548347552,"yearly_mean":0.0464902666,"yearly_vol":0.165230071,"yearly_skew":-0.0896370931,"yearly_kurt":0.3929339547,"best_year":0.3400116614,"worst_year":-0.312345403,"avg_drawdown":-0.0445018281,"avg_drawdown_days":99.2941176471,"avg_up_month":0.0336105581,"avg_down_month":-0.0275725463,"win_year_perc":0.65,"twelve_month_win_perc":0.6210045662}