{"start":1356912000000,"end":1641945600000,"rf":0.0,"total_return":0.4610196518,"cagr":0.0428694757,"max_drawdown":-0.2134414775,"calmar":0.200848852,"mtd":-0.0349551781,"three_month":-0.00286343,"six_month":-0.0155244217,"ytd":-0.0349551781,"one_year":-0.0379870931,"three_year":0.0779126442,"five_year":0.0544172084,"ten_year":0.0428694757,"incep":0.0428694757,"daily_sharpe":0.3757766116,"daily_sortino":0.624164273,"daily_mean":0.0513484949,"daily_vol":0.1366463302,"daily_skew":0.0655672825,"daily_kurt":7.6729741054,"best_day":0.0751951902,"worst_day":-0.0666830644,"monthly_sharpe":0.4074377939,"monthly_sortino":0.8112736461,"monthly_mean":0.0488533683,"monthly_vol":0.1199038701,"monthly_skew":0.4022334684,"monthly_kurt":0.4855397755,"best_month":0.1104910114,"worst_month":-0.0821374324,"yearly_sharpe":0.3644393321,"yearly_sortino":1.0808606744,"yearly_mean":0.0450492811,"yearly_vol":0.1236125664,"yearly_skew":0.5791495819,"yearly_kurt":-0.3177882368,"best_year":0.2730187657,"worst_year":-0.1338135067,"avg_drawdown":-0.0425031938,"avg_drawdown_days":97.1212121212,"avg_up_month":0.0294864169,"avg_down_month":-0.0237879679,"win_year_perc":0.5,"twelve_month_win_perc":0.6262626263}