{"start":1104451200000,"end":1623974400000,"rf":0.0,"total_return":1.7899728132,"cagr":0.0643078185,"max_drawdown":-0.2658543149,"calmar":0.2418911972,"mtd":0.0541733818,"three_month":0.0928440655,"six_month":-0.0616027042,"ytd":-0.0699318548,"one_year":-0.0890157684,"three_year":0.0878671488,"five_year":0.0393995995,"ten_year":0.0678915567,"incep":0.0643078185,"daily_sharpe":0.5108436204,"daily_sortino":0.8613783114,"daily_mean":0.0724494002,"daily_vol":0.1418230498,"daily_skew":0.1111038437,"daily_kurt":4.8392820264,"best_day":0.0751955478,"worst_day":-0.0666832071,"monthly_sharpe":0.5349376185,"monthly_sortino":1.1014986088,"monthly_mean":0.0709497126,"monthly_vol":0.1326317502,"monthly_skew":0.5575259785,"monthly_kurt":1.958880434,"best_month":0.1434139222,"worst_month":-0.1307078992,"yearly_sharpe":0.4738216379,"yearly_sortino":1.1976850906,"yearly_mean":0.072547626,"yearly_vol":0.1531116779,"yearly_skew":0.189423014,"yearly_kurt":-0.094182596,"best_year":0.3400107077,"worst_year":-0.2180623748,"avg_drawdown":-0.0405301396,"avg_drawdown_days":85.3529411765,"avg_up_month":0.0324583668,"avg_down_month":-0.0246730068,"win_year_perc":0.7058823529,"twelve_month_win_perc":0.7127659574}