{"start":1265846400000,"end":1705881600000,"rf":0.0,"total_return":-0.2543408879,"cagr":-0.0208277613,"max_drawdown":-0.9240131977,"calmar":-0.0225405452,"mtd":-0.135026339,"three_month":0.4392297565,"six_month":-0.2462825663,"ytd":-0.135026339,"one_year":-0.3763841177,"three_year":-0.4331723529,"five_year":-0.211270564,"ten_year":-0.0714086597,"incep":-0.0208277613,"daily_sharpe":0.1815133012,"daily_sortino":0.3030331859,"daily_mean":0.0825989922,"daily_vol":0.4550575173,"daily_skew":0.0199457287,"daily_kurt":3.2381652043,"best_day":0.2035874087,"worst_day":-0.181407269,"monthly_sharpe":0.1454040746,"monthly_sortino":0.2937292185,"monthly_mean":0.0621084932,"monthly_vol":0.4271441043,"monthly_skew":0.605117543,"monthly_kurt":0.4651193819,"best_month":0.413542601,"worst_month":-0.2662237393,"yearly_sharpe":0.1605540205,"yearly_sortino":0.3839291739,"yearly_mean":0.0785896227,"yearly_vol":0.4894902194,"yearly_skew":0.8148938063,"yearly_kurt":0.7152693479,"best_year":1.0776156612,"worst_year":-0.7288893447,"avg_drawdown":-0.1450005668,"avg_drawdown_days":146.8235294118,"avg_up_month":0.108338386,"avg_down_month":-0.0852365271,"win_year_perc":0.4285714286,"twelve_month_win_perc":0.4777070064}