{"start":1265846400000,"end":1642982400000,"rf":0.0,"total_return":2.8015566856,"cagr":0.1182255781,"max_drawdown":-0.5694060526,"calmar":0.2076296478,"mtd":-0.089374536,"three_month":-0.0188837536,"six_month":-0.1103438434,"ytd":-0.089374536,"one_year":-0.1774985091,"three_year":0.1233674016,"five_year":0.0828831821,"ten_year":0.0582040943,"incep":0.1182255781,"daily_sharpe":0.4752909585,"daily_sortino":0.7950262837,"daily_mean":0.2056049359,"daily_vol":0.4325875176,"daily_skew":-0.0011968554,"daily_kurt":4.4627532178,"best_day":0.2035872039,"worst_day":-0.1814072828,"monthly_sharpe":0.4583997352,"monthly_sortino":1.0272127132,"monthly_mean":0.1793833177,"monthly_vol":0.3913250902,"monthly_skew":0.7789776349,"monthly_kurt":0.9082768736,"best_month":0.4135428143,"worst_month":-0.2390669998,"yearly_sharpe":0.3815633797,"yearly_sortino":1.4808215543,"yearly_mean":0.1761892747,"yearly_vol":0.4617562482,"yearly_skew":1.0787353053,"yearly_kurt":0.3243477007,"best_year":1.0917908377,"worst_year":-0.3900290163,"avg_drawdown":-0.1304983551,"avg_drawdown_days":118.3888888889,"avg_up_month":0.1013439199,"avg_down_month":-0.0726635357,"win_year_perc":0.5,"twelve_month_win_perc":0.5714285714}