{"start":1265846400000,"end":1638835200000,"rf":0.0,"total_return":3.436946976,"cagr":0.1343526584,"max_drawdown":-0.5694060423,"calmar":0.2359522878,"mtd":-0.0102580898,"three_month":0.0714521976,"six_month":0.24660893,"ytd":-0.1476609975,"one_year":-0.1102553535,"three_year":0.2084819557,"five_year":0.1166426982,"ten_year":0.0704602355,"incep":0.1343526584,"daily_sharpe":0.5083295253,"daily_sortino":0.8517932818,"daily_mean":0.2198461195,"daily_vol":0.4324874093,"daily_skew":0.0038462813,"daily_kurt":4.5123074394,"best_day":0.203587184,"worst_day":-0.1814071932,"monthly_sharpe":0.4942063304,"monthly_sortino":1.1072288157,"monthly_mean":0.1931435972,"monthly_vol":0.3908157087,"monthly_skew":0.7652696374,"monthly_kurt":0.917795893,"best_month":0.4135423271,"worst_month":-0.2390667421,"yearly_sharpe":0.433863155,"yearly_sortino":1.6967809403,"yearly_mean":0.2049117966,"yearly_vol":0.472295917,"yearly_skew":0.9493013762,"yearly_kurt":0.028515549,"best_year":1.0917904641,"worst_year":-0.3900289764,"avg_drawdown":-0.1304983395,"avg_drawdown_days":117.0555555556,"avg_up_month":0.1013439345,"avg_down_month":-0.0715890103,"win_year_perc":0.5454545455,"twelve_month_win_perc":0.5757575758}