{"start":1265846400000,"end":1635724800000,"rf":0.0,"total_return":3.077956268,"cagr":0.1274109744,"max_drawdown":-0.5694060091,"calmar":0.2237612045,"mtd":-0.0230987787,"three_month":-0.0635372964,"six_month":0.1736081667,"ytd":-0.2166233181,"one_year":-0.200948693,"three_year":0.2267238222,"five_year":0.0420113345,"ten_year":0.0569959006,"incep":0.1274109744,"daily_sharpe":0.5021513686,"daily_sortino":0.8426594534,"daily_mean":0.2191146116,"daily_vol":0.4363517165,"daily_skew":0.009813522,"daily_kurt":4.4874050742,"best_day":0.2035869832,"worst_day":-0.1814071932,"monthly_sharpe":0.4776126729,"monthly_sortino":1.0647942646,"monthly_mean":0.1872212699,"monthly_vol":0.3919939326,"monthly_skew":0.7652065281,"monthly_kurt":0.9289396711,"best_month":0.4135425385,"worst_month":-0.2390669577,"yearly_sharpe":0.4156841168,"yearly_sortino":1.5685838589,"yearly_mean":0.1986426276,"yearly_vol":0.4778691788,"yearly_skew":0.929777695,"yearly_kurt":-0.0358076649,"best_year":1.0917919475,"worst_year":-0.3900290913,"avg_drawdown":-0.1304983638,"avg_drawdown_days":116.0555555556,"avg_up_month":0.1018073538,"avg_down_month":-0.0718353171,"win_year_perc":0.5454545455,"twelve_month_win_perc":0.5801526718}