{"start":1293753600000,"end":1640908800000,"rf":0.0,"total_return":2.5658593422,"cagr":0.122518799,"max_drawdown":-0.5694060526,"calmar":0.2151694709,"mtd":-0.0687647594,"three_month":0.0708495723,"six_month":0.0633390072,"ytd":-0.1980454079,"one_year":-0.1980454079,"three_year":0.1529567844,"five_year":0.1065413699,"ten_year":0.0595903169,"incep":0.122518799,"daily_sharpe":0.4850336304,"daily_sortino":0.811597036,"daily_mean":0.2064272248,"daily_vol":0.4255936329,"daily_skew":0.0086077839,"daily_kurt":5.0997940102,"best_day":0.2035871539,"worst_day":-0.1814071343,"monthly_sharpe":0.4823775669,"monthly_sortino":1.0669925207,"monthly_mean":0.1859211675,"monthly_vol":0.3854266455,"monthly_skew":0.7967870791,"monthly_kurt":1.2023063335,"best_month":0.4135428622,"worst_month":-0.2390671057,"yearly_sharpe":0.4206128425,"yearly_sortino":1.6059600002,"yearly_mean":0.2003314097,"yearly_vol":0.4762845768,"yearly_skew":0.9364764139,"yearly_kurt":-0.018362222,"best_year":1.0917908599,"worst_year":-0.3900288314,"avg_drawdown":-0.1432761068,"avg_drawdown_days":140.4285714286,"avg_up_month":0.097130175,"avg_down_month":-0.0712456103,"win_year_perc":0.5454545455,"twelve_month_win_perc":0.5819672131}