{"start":1265846400000,"end":1648166400000,"rf":0.0,"total_return":1.6822300326,"cagr":0.0848484638,"max_drawdown":-0.6338001524,"calmar":0.1338725835,"mtd":-0.2293264864,"three_month":-0.3651685318,"six_month":-0.348893085,"ytd":-0.3574982119,"one_year":-0.2067521484,"three_year":-0.0323421483,"five_year":0.003918361,"ten_year":0.0321182811,"incep":0.0848484638,"daily_sharpe":0.4052926101,"daily_sortino":0.6758570614,"daily_mean":0.1765270985,"daily_vol":0.4355546934,"daily_skew":-0.011555485,"daily_kurt":4.3002612625,"best_day":0.2035873548,"worst_day":-0.1814071343,"monthly_sharpe":0.3813009766,"monthly_sortino":0.8251201444,"monthly_mean":0.1510280965,"monthly_vol":0.3960863092,"monthly_skew":0.7275402546,"monthly_kurt":0.8860072476,"best_month":0.413542324,"worst_month":-0.2390671708,"yearly_sharpe":0.3192974089,"yearly_sortino":1.0707266625,"yearly_mean":0.1538456849,"yearly_vol":0.4818256604,"yearly_skew":0.9865692282,"yearly_kurt":0.1070280708,"best_year":1.0917914696,"worst_year":-0.3900289462,"avg_drawdown":-0.1322871306,"avg_drawdown_days":120.0555555556,"avg_up_month":0.1013438973,"avg_down_month":-0.0749566819,"win_year_perc":0.5,"twelve_month_win_perc":0.5703703704}