{"start":1265846400000,"end":1637625600000,"rf":0.0,"total_return":2.8999456255,"cagr":0.1224593199,"max_drawdown":-0.5694060423,"calmar":0.2150650166,"mtd":-0.0657426622,"three_month":-0.1202961226,"six_month":0.140872963,"ytd":-0.250819349,"one_year":-0.2744828251,"three_year":0.1919892762,"five_year":0.087377056,"ten_year":0.0446931048,"incep":0.1224593199,"daily_sharpe":0.4839651438,"daily_sortino":0.809517661,"daily_mean":0.2090037757,"daily_vol":0.4318570838,"daily_skew":0.0009572983,"daily_kurt":4.5569673871,"best_day":0.2035873094,"worst_day":-0.1814072291,"monthly_sharpe":0.4675297816,"monthly_sortino":1.0496851157,"monthly_mean":0.1835005678,"monthly_vol":0.3924895804,"monthly_skew":0.7789759731,"monthly_kurt":0.9029118881,"best_month":0.4135428653,"worst_month":-0.2390669781,"yearly_sharpe":0.4065642725,"yearly_sortino":1.4962288573,"yearly_mean":0.195533803,"yearly_vol":0.4809419229,"yearly_skew":0.9146881532,"yearly_kurt":-0.0674210175,"best_year":1.0917907169,"worst_year":-0.3900288937,"avg_drawdown":-0.1304983941,"avg_drawdown_days":116.6666666667,"avg_up_month":0.1017302269,"avg_down_month":-0.0723816349,"win_year_perc":0.5454545455,"twelve_month_win_perc":0.5801526718}