{"start":1265846400000,"end":1649721600000,"rf":0.0,"total_return":1.3369446086,"cagr":0.0722741524,"max_drawdown":-0.6809413042,"calmar":0.1061385936,"mtd":-0.195707715,"three_month":-0.3766304704,"six_month":-0.3961813411,"ytd":-0.4402079243,"one_year":-0.3142787652,"three_year":-0.0579319665,"five_year":-0.031955145,"ten_year":0.0113892577,"incep":0.0722741524,"daily_sharpe":0.3785632825,"daily_sortino":0.6305294132,"daily_mean":0.1649580234,"daily_vol":0.4357475513,"daily_skew":-0.0134048209,"daily_kurt":4.2746186003,"best_day":0.2035871528,"worst_day":-0.1814071856,"monthly_sharpe":0.3510957691,"monthly_sortino":0.7588799785,"monthly_mean":0.1391830033,"monthly_vol":0.3964246099,"monthly_skew":0.7445365197,"monthly_kurt":0.847847424,"best_month":0.4135426825,"worst_month":-0.2390669027,"yearly_sharpe":0.299707511,"yearly_sortino":0.9282153407,"yearly_mean":0.146953181,"yearly_vol":0.4903219825,"yearly_skew":0.9164992758,"yearly_kurt":0.052937453,"best_year":1.0917913484,"worst_year":-0.4402079243,"avg_drawdown":-0.1335965837,"avg_drawdown_days":120.5555555556,"avg_up_month":0.1013439504,"avg_down_month":-0.0757212327,"win_year_perc":0.5,"twelve_month_win_perc":0.5661764706}