{"start":1265846400000,"end":1641340800000,"rf":0.0,"total_return":2.7533414416,"cagr":0.1175724886,"max_drawdown":-0.569406014,"calmar":0.2064826954,"mtd":-0.1009239593,"three_month":-0.0264819643,"six_month":-0.0613531559,"ytd":-0.1009239593,"one_year":-0.2608932344,"three_year":0.1114823302,"five_year":0.0705805886,"ten_year":0.0526410437,"incep":0.1175724886,"daily_sharpe":0.473829935,"daily_sortino":0.7928380494,"daily_mean":0.2050120386,"daily_vol":0.4326700857,"daily_skew":0.00095639,"daily_kurt":4.4796947791,"best_day":0.2035872039,"worst_day":-0.181407078,"monthly_sharpe":0.4556036008,"monthly_sortino":1.0197381904,"monthly_mean":0.1784141311,"monthly_vol":0.3915994756,"monthly_skew":0.7774365017,"monthly_kurt":0.9022161252,"best_month":0.4135429777,"worst_month":-0.2390669998,"yearly_sharpe":0.378973914,"yearly_sortino":1.47104232,"yearly_mean":0.1752268665,"yearly_vol":0.4623718416,"yearly_skew":1.0791118027,"yearly_kurt":0.3173095355,"best_year":1.0917912168,"worst_year":-0.3900290037,"avg_drawdown":-0.1304983153,"avg_drawdown_days":117.8611111111,"avg_up_month":0.1013439258,"avg_down_month":-0.0728262103,"win_year_perc":0.5,"twelve_month_win_perc":0.5714285714}