{"start":1265846400000,"end":1636588800000,"rf":0.0,"total_return":3.1981142319,"cagr":0.1298853809,"max_drawdown":-0.5694060091,"calmar":0.2281067969,"mtd":0.0056858511,"three_month":0.0244183765,"six_month":0.2492256196,"ytd":-0.1935408478,"one_year":-0.146700061,"three_year":0.2321644935,"five_year":0.0952861785,"ten_year":0.0706710913,"incep":0.1298853809,"daily_sharpe":0.4992342761,"daily_sortino":0.8352839354,"daily_mean":0.2155594499,"daily_vol":0.4317801487,"daily_skew":0.0004001543,"daily_kurt":4.5772314152,"best_day":0.2035873094,"worst_day":-0.1814072291,"monthly_sharpe":0.4838954193,"monthly_sortino":1.0838934961,"monthly_mean":0.1895795848,"monthly_vol":0.3917780109,"monthly_skew":0.7722569349,"monthly_kurt":0.915489929,"best_month":0.4135425385,"worst_month":-0.2390670432,"yearly_sharpe":0.4218046489,"yearly_sortino":1.6147562605,"yearly_mean":0.2007409805,"yearly_vol":0.475909834,"yearly_skew":0.9379417036,"yearly_kurt":-0.0141247854,"best_year":1.091791096,"worst_year":-0.3900290913,"avg_drawdown":-0.1304982905,"avg_drawdown_days":116.3333333333,"avg_up_month":0.1003962717,"avg_down_month":-0.072477847,"win_year_perc":0.5454545455,"twelve_month_win_perc":0.5801526718}