{"start":1265846400000,"end":1743033600000,"rf":0.0,"total_return":-0.3301246325,"cagr":-0.0261489376,"max_drawdown":-0.9187634258,"calmar":-0.0284610128,"mtd":-0.1097087793,"three_month":0.044315442,"six_month":-0.2732136314,"ytd":0.0375222598,"one_year":-0.2093858327,"three_year":-0.3754225778,"five_year":-0.3609282227,"ten_year":-0.1472961329,"incep":-0.0261489376,"daily_sharpe":0.1673230901,"daily_sortino":0.2795952415,"daily_mean":0.0755589345,"daily_vol":0.4515750602,"daily_skew":0.0179760608,"daily_kurt":3.1000421104,"best_day":0.2035871283,"worst_day":-0.1814071112,"monthly_sharpe":0.130620497,"monthly_sortino":0.2583975452,"monthly_mean":0.0550473387,"monthly_vol":0.4214295609,"monthly_skew":0.5639595891,"monthly_kurt":0.4554925725,"best_month":0.413543033,"worst_month":-0.2662238714,"yearly_sharpe":0.1418122316,"yearly_sortino":0.3315210519,"yearly_mean":0.0689275366,"yearly_vol":0.486047895,"yearly_skew":0.8345432947,"yearly_kurt":0.699963942,"best_year":1.091790722,"worst_year":-0.7259709447,"avg_drawdown":-0.1402027741,"avg_drawdown_days":150.5555555556,"avg_up_month":0.1046206272,"avg_down_month":-0.0859692272,"win_year_perc":0.4666666667,"twelve_month_win_perc":0.4619883041}