{"start":1265846400000,"end":1649808000000,"rf":0.0,"total_return":1.3532765868,"cagr":0.0728712421,"max_drawdown":-0.6809413288,"calmar":0.1070154491,"mtd":-0.1900868355,"three_month":-0.3894288902,"six_month":-0.4098316635,"ytd":-0.4362957597,"one_year":-0.3230317779,"three_year":-0.0580592912,"five_year":-0.0326349233,"ten_year":0.0075849584,"incep":0.0728712421,"daily_sharpe":0.3798175015,"daily_sortino":0.6325867992,"daily_mean":0.1654789653,"daily_vol":0.4356802008,"daily_skew":-0.0136280832,"daily_kurt":4.2767495527,"best_day":0.2035870273,"worst_day":-0.1814072779,"monthly_sharpe":0.3524745672,"monthly_sortino":0.7630310922,"monthly_mean":0.1396449544,"monthly_vol":0.3961844836,"monthly_skew":0.7481625796,"monthly_kurt":0.8482187641,"best_month":0.4135425866,"worst_month":-0.2390669678,"yearly_sharpe":0.3006328692,"yearly_sortino":0.9346614409,"yearly_mean":0.1472791762,"yearly_vol":0.489897118,"yearly_skew":0.9202180537,"yearly_kurt":0.0550034327,"best_year":1.0917907381,"worst_year":-0.4362957597,"avg_drawdown":-0.1335965154,"avg_drawdown_days":120.5833333333,"avg_up_month":0.1013439192,"avg_down_month":-0.075645251,"win_year_perc":0.5,"twelve_month_win_perc":0.5661764706}