{"start":1265846400000,"end":1743033600000,"rf":0.0,"total_return":-0.330124591,"cagr":-0.0261489336,"max_drawdown":-0.9187634398,"calmar":-0.028461008,"mtd":-0.1097087793,"three_month":0.044315442,"six_month":-0.2732136314,"ytd":0.0375222598,"one_year":-0.2093858327,"three_year":-0.3754225778,"five_year":-0.3609282126,"ten_year":-0.147296165,"incep":-0.0261489336,"daily_sharpe":0.1673231431,"daily_sortino":0.2795953229,"daily_mean":0.0755589694,"daily_vol":0.4515751258,"daily_skew":0.0179754598,"daily_kurt":3.1000393794,"best_day":0.2035868636,"worst_day":-0.1814072593,"monthly_sharpe":0.1306205294,"monthly_sortino":0.2583975556,"monthly_mean":0.0550473476,"monthly_vol":0.4214295249,"monthly_skew":0.5639580525,"monthly_kurt":0.4554867768,"best_month":0.4135424004,"worst_month":-0.2662235525,"yearly_sharpe":0.1418123268,"yearly_sortino":0.3315213944,"yearly_mean":0.0689276112,"yearly_vol":0.4860480947,"yearly_skew":0.8345442902,"yearly_kurt":0.6999652532,"best_year":1.0917916088,"worst_year":-0.7259708796,"avg_drawdown":-0.1402027646,"avg_drawdown_days":150.5555555556,"avg_up_month":0.1046206461,"avg_down_month":-0.0859692428,"win_year_perc":0.4666666667,"twelve_month_win_perc":0.4619883041}