{"start":1265846400000,"end":1635811200000,"rf":0.0,"total_return":3.1298770509,"cagr":0.1285966969,"max_drawdown":-0.569406081,"calmar":0.2258435609,"mtd":-0.0106609539,"three_month":-0.0752373556,"six_month":0.1885504478,"ytd":-0.2066493454,"one_year":-0.2077905866,"three_year":0.2473670269,"five_year":0.0417259479,"ten_year":0.0621224689,"incep":0.1285966969,"daily_sharpe":0.4967046678,"daily_sortino":0.8309612441,"daily_mean":0.2143248565,"daily_vol":0.4314935422,"daily_skew":0.0015655406,"daily_kurt":4.6054699814,"best_day":0.2035870331,"worst_day":-0.1814071728,"monthly_sharpe":0.480264474,"monthly_sortino":1.076910748,"monthly_mean":0.1881883806,"monthly_vol":0.3918432255,"monthly_skew":0.7749036517,"monthly_kurt":0.9161263896,"best_month":0.4135427215,"worst_month":-0.2390668927,"yearly_sharpe":0.4183327189,"yearly_sortino":1.5888567627,"yearly_mean":0.1995492686,"yearly_vol":0.4770109043,"yearly_skew":0.93350537,"yearly_kurt":-0.0264516295,"best_year":1.0917908433,"worst_year":-0.3900291039,"avg_drawdown":-0.1304983859,"avg_drawdown_days":116.0833333333,"avg_up_month":0.101730234,"avg_down_month":-0.0715947592,"win_year_perc":0.5454545455,"twelve_month_win_perc":0.5801526718}