{"start":1265846400000,"end":1649721600000,"rf":0.0,"total_return":109.1811838551,"cagr":0.4718972767,"max_drawdown":-0.6992207432,"calmar":0.6748902708,"mtd":-0.1828807036,"three_month":-0.3772595861,"six_month":-0.2293726378,"ytd":-0.4283652932,"one_year":-0.1101543922,"three_year":0.449321693,"five_year":0.4632600626,"ten_year":0.4424240695,"incep":0.4718972767,"daily_sharpe":0.957902751,"daily_sortino":1.502909124,"daily_mean":0.5619279935,"daily_vol":0.5866232171,"daily_skew":-0.4463470071,"daily_kurt":7.2420405811,"best_day":0.2698838759,"worst_day":-0.3446516555,"monthly_sharpe":1.0022203505,"monthly_sortino":2.0223319207,"monthly_mean":0.517447844,"monthly_vol":0.5163014737,"monthly_skew":-0.0281452572,"monthly_kurt":0.1891107605,"best_month":0.464525557,"worst_month":-0.3812987092,"yearly_sharpe":0.8623910108,"yearly_sortino":4.1613982872,"yearly_mean":0.5433166545,"yearly_vol":0.6300119641,"yearly_skew":-0.051002311,"yearly_kurt":-1.4355908957,"best_year":1.3973332323,"worst_year":-0.4283652932,"avg_drawdown":-0.0676778572,"avg_drawdown_days":22.3450292398,"avg_up_month":0.1340767235,"avg_down_month":-0.1073702983,"win_year_perc":0.75,"twelve_month_win_perc":0.8602941176}