{"start":1265846400000,"end":1635724800000,"rf":0.0,"total_return":180.5765082525,"cagr":0.5586204637,"max_drawdown":-0.6992207432,"calmar":0.7989186092,"mtd":0.0098607808,"three_month":0.1804278737,"six_month":0.4554151692,"ytd":0.7237623742,"one_year":1.6681993446,"three_year":0.7926388302,"five_year":0.7342799282,"ten_year":0.5924749793,"incep":0.5586204637,"daily_sharpe":1.0826837593,"daily_sortino":1.695567993,"daily_mean":0.6312854408,"daily_vol":0.5830746379,"daily_skew":-0.4892198881,"daily_kurt":7.9358310607,"best_day":0.2698838759,"worst_day":-0.3446516555,"monthly_sharpe":1.1203145356,"monthly_sortino":2.321191458,"monthly_mean":0.571534382,"monthly_vol":0.5101552857,"monthly_skew":-0.007307003,"monthly_kurt":0.31999327,"best_month":0.464525557,"worst_month":-0.3812987092,"yearly_sharpe":1.0820823706,"yearly_sortino":10.0131134212,"yearly_mean":0.6220104368,"yearly_vol":0.5748272532,"yearly_skew":-0.001643169,"yearly_kurt":-1.5175154618,"best_year":1.3973346045,"worst_year":-0.1978797699,"avg_drawdown":-0.0663105662,"avg_drawdown_days":22.3292682927,"avg_up_month":0.1349524547,"avg_down_month":-0.1018315284,"win_year_perc":0.8181818182,"twelve_month_win_perc":0.8625954198}