{"start":1265846400000,"end":1705881600000,"rf":0.0,"total_return":128.7433780195,"cagr":0.4175624128,"max_drawdown":-0.8165984835,"calmar":0.5113436055,"mtd":0.0800788461,"three_month":0.6133879798,"six_month":0.2929054417,"ytd":0.0800788461,"one_year":1.7313131771,"three_year":0.0366103189,"five_year":0.3949761754,"ten_year":0.357017461,"incep":0.4175624128,"daily_sharpe":0.8830719129,"daily_sortino":1.3969046846,"daily_mean":0.5377555516,"daily_vol":0.60896009,"daily_skew":-0.3728110362,"daily_kurt":5.966395531,"best_day":0.2698839432,"worst_day":-0.344651697,"monthly_sharpe":0.9071735684,"monthly_sortino":1.7730065804,"monthly_mean":0.5011365245,"monthly_vol":0.5524152621,"monthly_skew":-0.1002054961,"monthly_kurt":0.0486722098,"best_month":0.4645255089,"worst_month":-0.3812986459,"yearly_sharpe":0.7751145371,"yearly_sortino":2.7565272577,"yearly_mean":0.5869879259,"yearly_vol":0.7572918554,"yearly_skew":0.0654056205,"yearly_kurt":-0.4749316728,"best_year":1.9804866907,"worst_year":-0.7909001607,"avg_drawdown":-0.0692371323,"avg_drawdown_days":26.1461988304,"avg_up_month":0.1422216469,"avg_down_month":-0.1158839694,"win_year_perc":0.7857142857,"twelve_month_win_perc":0.8025477707}