{"start":1265846400000,"end":1635811200000,"rf":0.0,"total_return":182.9984384331,"cagr":0.5602213372,"max_drawdown":-0.6992207432,"calmar":0.80120812,"mtd":0.0233307233,"three_month":0.1965335526,"six_month":0.4748281012,"ytd":0.7467546327,"one_year":1.7028683576,"three_year":0.8282730332,"five_year":0.7480888405,"ten_year":0.5907102559,"incep":0.5602213372,"daily_sharpe":1.0660142692,"daily_sortino":1.6692280822,"daily_mean":0.6144431641,"daily_vol":0.5763930014,"daily_skew":-0.4836932389,"daily_kurt":8.0495354943,"best_day":0.2698838759,"worst_day":-0.3446516555,"monthly_sharpe":1.1230342686,"monthly_sortino":2.3259786979,"monthly_mean":0.5727503144,"monthly_vol":0.5100025266,"monthly_skew":-0.0221270833,"monthly_kurt":0.2819745995,"best_month":0.464525557,"worst_month":-0.3812987092,"yearly_sharpe":1.0848719616,"yearly_sortino":10.046761569,"yearly_mean":0.6241006513,"yearly_vol":0.5752758606,"yearly_skew":-0.0143921835,"yearly_kurt":-1.5253751442,"best_year":1.3973343829,"worst_year":-0.1978797699,"avg_drawdown":-0.0648259398,"avg_drawdown_days":21.7159763314,"avg_up_month":0.1353282791,"avg_down_month":-0.1022000125,"win_year_perc":0.8181818182,"twelve_month_win_perc":0.8625954198}