{"start":1265846400000,"end":1743033600000,"rf":0.0,"total_return":149.1234047009,"cagr":0.3929452732,"max_drawdown":-0.8165984755,"calmar":0.4811976572,"mtd":-0.1659930398,"three_month":-0.261944236,"six_month":-0.1284381887,"ytd":-0.210365134,"one_year":0.0191100001,"three_year":0.0286180529,"five_year":0.423488211,"ten_year":0.3125752674,"incep":0.3929452732,"daily_sharpe":0.8555331262,"daily_sortino":1.3517637142,"daily_mean":0.5181084364,"daily_vol":0.6055971657,"daily_skew":-0.3790146372,"daily_kurt":5.6687889277,"best_day":0.2698837013,"worst_day":-0.3446514787,"monthly_sharpe":0.881793336,"monthly_sortino":1.7253100005,"monthly_mean":0.4778095724,"monthly_vol":0.5418611741,"monthly_skew":-0.0775386287,"monthly_kurt":0.0729965966,"best_month":0.4645255189,"worst_month":-0.3812986771,"yearly_sharpe":0.7586970377,"yearly_sortino":2.7263438861,"yearly_mean":0.5673376206,"yearly_vol":0.7477788793,"yearly_skew":0.0791281074,"yearly_kurt":-0.4663841761,"best_year":1.9804873715,"worst_year":-0.7909002053,"avg_drawdown":-0.0701716856,"avg_drawdown_days":27.9542857143,"avg_up_month":0.1387835317,"avg_down_month":-0.1135102456,"win_year_perc":0.7333333333,"twelve_month_win_perc":0.8187134503}