{"start":1265846400000,"end":1642982400000,"rf":0.0,"total_return":121.8587434196,"cagr":0.4956679291,"max_drawdown":-0.6992207432,"calmar":0.7088861907,"mtd":-0.3625924639,"three_month":-0.2495753287,"six_month":-0.223637972,"ytd":-0.3625924639,"one_year":0.0547154813,"three_year":0.6993995228,"five_year":0.5427096655,"ten_year":0.5100314334,"incep":0.4956679291,"daily_sharpe":0.9914899607,"daily_sortino":1.5512026544,"daily_mean":0.5732816234,"daily_vol":0.5782021464,"daily_skew":-0.4744792381,"daily_kurt":7.7819300764,"best_day":0.2698838759,"worst_day":-0.3446516555,"monthly_sharpe":1.0348467171,"monthly_sortino":2.0527283987,"monthly_mean":0.5383175371,"monthly_vol":0.5201906023,"monthly_skew":-0.1081457549,"monthly_kurt":0.3816232095,"best_month":0.464525557,"worst_month":-0.3812987092,"yearly_sharpe":0.8837154848,"yearly_sortino":4.8154431316,"yearly_mean":0.548797738,"yearly_vol":0.6210117933,"yearly_skew":-0.005780282,"yearly_kurt":-1.5131147786,"best_year":1.3973339411,"worst_year":-0.3625924639,"avg_drawdown":-0.0668095982,"avg_drawdown_days":21.8888888889,"avg_up_month":0.1343549544,"avg_down_month":-0.1071131179,"win_year_perc":0.75,"twelve_month_win_perc":0.8646616541}