{"start":1265846400000,"end":1649808000000,"rf":0.0,"total_return":115.7864888575,"cagr":0.4788288008,"max_drawdown":-0.6992207432,"calmar":0.6848034836,"mtd":-0.1338948242,"three_month":-0.2882768755,"six_month":-0.2018689993,"ytd":-0.3940960881,"one_year":-0.0880463593,"three_year":0.478377335,"five_year":0.4839344036,"ten_year":0.4575788929,"incep":0.4788288008,"daily_sharpe":0.9657682878,"daily_sortino":1.515793223,"daily_mean":0.566675189,"daily_vol":0.5867610235,"daily_skew":-0.4461725913,"daily_kurt":7.2319288307,"best_day":0.2698838759,"worst_day":-0.3446516555,"monthly_sharpe":1.0131307622,"monthly_sortino":2.0531388749,"monthly_mean":0.5214740572,"monthly_vol":0.514715451,"monthly_skew":-0.0224923015,"monthly_kurt":0.2055658294,"best_month":0.464525557,"worst_month":-0.3812987092,"yearly_sharpe":0.873502952,"yearly_sortino":4.4831582707,"yearly_mean":0.5461724352,"yearly_vol":0.6252668454,"yearly_skew":-0.0268067463,"yearly_kurt":-1.4782904264,"best_year":1.3973332323,"worst_year":-0.3940960881,"avg_drawdown":-0.0676778439,"avg_drawdown_days":22.350877193,"avg_up_month":0.1340767192,"avg_down_month":-0.106479644,"win_year_perc":0.75,"twelve_month_win_perc":0.8602941176}