{"start":1265846400000,"end":1636588800000,"rf":0.0,"total_return":184.8293861083,"cagr":0.5600806828,"max_drawdown":-0.6992207432,"calmar":0.8010069613,"mtd":0.0335137718,"three_month":0.1933323023,"six_month":0.6788107857,"ytd":0.7641363907,"one_year":1.2345154598,"three_year":0.8738231928,"five_year":0.7472448783,"ten_year":0.5860009101,"incep":0.5600806828,"daily_sharpe":1.0659161261,"daily_sortino":1.6692121125,"daily_mean":0.6140393633,"daily_vol":0.5760672423,"daily_skew":-0.4835442424,"daily_kurt":8.0495948103,"best_day":0.2698838759,"worst_day":-0.3446516555,"monthly_sharpe":1.1248066124,"monthly_sortino":2.3294980846,"monthly_mean":0.5736169335,"monthly_vol":0.5099693825,"monthly_skew":-0.0235979484,"monthly_kurt":0.2828855494,"best_month":0.464525557,"worst_month":-0.3812987092,"yearly_sharpe":1.0868737952,"yearly_sortino":10.0722010482,"yearly_mean":0.625680808,"yearly_vol":0.5756701567,"yearly_skew":-0.0238500904,"yearly_kurt":-1.5320307006,"best_year":1.3973343829,"worst_year":-0.1978797699,"avg_drawdown":-0.0648408966,"avg_drawdown_days":21.6058823529,"avg_up_month":0.1354426853,"avg_down_month":-0.1022000004,"win_year_perc":0.8181818182,"twelve_month_win_perc":0.8625954198}