{"start":1293753600000,"end":1640908800000,"rf":0.0,"total_return":107.247779674,"cagr":0.5308607003,"max_drawdown":-0.6992207432,"calmar":0.7592176082,"mtd":0.01737107,"three_month":0.3352332202,"six_month":0.3577959333,"ytd":0.8298129707,"one_year":0.8298129707,"three_year":1.0787761438,"five_year":0.7283719105,"ten_year":0.6025859832,"incep":0.5308607003,"daily_sharpe":1.0319207611,"daily_sortino":1.6130197056,"daily_mean":0.5968693618,"daily_vol":0.5784061958,"daily_skew":-0.5030682626,"daily_kurt":8.2896985706,"best_day":0.2698838759,"worst_day":-0.3446516555,"monthly_sharpe":1.1265204686,"monthly_sortino":2.2986411383,"monthly_mean":0.5509600949,"monthly_vol":0.4890812997,"monthly_skew":-0.0730655028,"monthly_kurt":0.4603795516,"best_month":0.464525557,"worst_month":-0.3812987092,"yearly_sharpe":1.0936034691,"yearly_sortino":10.1683125731,"yearly_mean":0.6316514136,"yearly_vol":0.5775872439,"yearly_skew":-0.0578054783,"yearly_kurt":-1.5621689546,"best_year":1.3973348701,"worst_year":-0.1978797699,"avg_drawdown":-0.0661223767,"avg_drawdown_days":21.917721519,"avg_up_month":0.1284780325,"avg_down_month":-0.0985748685,"win_year_perc":0.8181818182,"twelve_month_win_perc":0.8606557377}