{"start":1265846400000,"end":1641340800000,"rf":0.0,"total_return":172.0707268698,"cagr":0.5420788307,"max_drawdown":-0.6992207432,"calmar":0.7752613692,"mtd":-0.1020861873,"three_month":0.2081378643,"six_month":0.1785827388,"ytd":-0.1020861873,"one_year":0.676112457,"three_year":0.9655697304,"five_year":0.678409996,"ten_year":0.5790820341,"incep":0.5420788307,"daily_sharpe":1.0449757769,"daily_sortino":1.6378847006,"daily_mean":0.603180817,"daily_vol":0.5772199034,"daily_skew":-0.4756682161,"daily_kurt":7.877110731,"best_day":0.2698838759,"worst_day":-0.3446516555,"monthly_sharpe":1.1020956525,"monthly_sortino":2.2821592875,"monthly_mean":0.5601781704,"monthly_vol":0.5082845297,"monthly_skew":-0.0079404963,"monthly_kurt":0.2860307859,"best_month":0.464525557,"worst_month":-0.3812987092,"yearly_sharpe":0.9669002681,"yearly_sortino":9.0212638325,"yearly_mean":0.5705065769,"yearly_vol":0.5900366312,"yearly_skew":0.116337862,"yearly_kurt":-1.6432169698,"best_year":1.3973341172,"worst_year":-0.1978797699,"avg_drawdown":-0.0654801547,"avg_drawdown_days":21.7777777778,"avg_up_month":0.1343549239,"avg_down_month":-0.1021978608,"win_year_perc":0.75,"twelve_month_win_perc":0.8646616541}