{"start":1265846400000,"end":1637625600000,"rf":0.0,"total_return":194.4592298287,"cagr":0.5648434531,"max_drawdown":-0.6992207432,"calmar":0.8078185017,"mtd":0.0870713727,"three_month":0.1890729003,"six_month":0.7487817886,"ytd":0.8555555043,"one_year":1.3377684629,"three_year":0.9975549158,"five_year":0.7421529303,"ten_year":0.6346289396,"incep":0.5648434531,"daily_sharpe":1.0717072929,"daily_sortino":1.6784206734,"daily_mean":0.616845872,"daily_vol":0.5755730842,"daily_skew":-0.484394794,"daily_kurt":8.0589102114,"best_day":0.2698838759,"worst_day":-0.3446516555,"monthly_sharpe":1.1334984943,"monthly_sortino":2.3480087797,"monthly_mean":0.5781750267,"monthly_vol":0.5100801012,"monthly_skew":-0.0312888006,"monthly_kurt":0.2803068892,"best_month":0.464525557,"worst_month":-0.3812987092,"yearly_sharpe":1.0958820692,"yearly_sortino":10.2059876178,"yearly_mean":0.633991637,"yearly_vol":0.5785217724,"yearly_skew":-0.0701846456,"yearly_kurt":-1.5758450607,"best_year":1.3973346045,"worst_year":-0.1978797699,"avg_drawdown":-0.0647413286,"avg_drawdown_days":21.5263157895,"avg_up_month":0.1360444541,"avg_down_month":-0.1021999971,"win_year_perc":0.8181818182,"twelve_month_win_perc":0.8625954198}