{"start":1265846400000,"end":1648166400000,"rf":0.0,"total_return":130.9439358371,"cagr":0.4963113678,"max_drawdown":-0.6992207432,"calmar":0.7098064132,"mtd":0.0852078021,"three_month":-0.3119409986,"six_month":-0.1969814091,"ytd":-0.3154572275,"one_year":0.341107168,"three_year":0.6019026522,"five_year":0.5177096768,"ten_year":0.4623564052,"incep":0.4963113678,"daily_sharpe":0.986462719,"daily_sortino":1.5481256871,"daily_mean":0.5778980217,"daily_vol":0.5858285474,"daily_skew":-0.4498046555,"daily_kurt":7.3232405239,"best_day":0.2698838759,"worst_day":-0.3446516555,"monthly_sharpe":1.0397949685,"monthly_sortino":2.1079055583,"monthly_mean":0.5341794407,"monthly_vol":0.5137353583,"monthly_skew":-0.0329076565,"monthly_kurt":0.239569532,"best_month":0.464525557,"worst_month":-0.3812987092,"yearly_sharpe":0.8989725397,"yearly_sortino":5.3879609081,"yearly_mean":0.5527256804,"yearly_vol":0.6148415619,"yearly_skew":0.0233709917,"yearly_kurt":-1.5572910494,"best_year":1.3973337195,"worst_year":-0.3154572275,"avg_drawdown":-0.0676778459,"avg_drawdown_days":22.2397660819,"avg_up_month":0.1338148765,"avg_down_month":-0.1059719541,"win_year_perc":0.75,"twelve_month_win_perc":0.8666666667}