{"start":1265846400000,"end":1743033600000,"rf":0.0,"total_return":149.1234047009,"cagr":0.3929452732,"max_drawdown":-0.8165984866,"calmar":0.4811976506,"mtd":-0.1659930398,"three_month":-0.261944236,"six_month":-0.1284381887,"ytd":-0.210365134,"one_year":0.0191100001,"three_year":0.0286180529,"five_year":0.423488262,"ten_year":0.3125752521,"incep":0.3929452732,"daily_sharpe":0.8555330982,"daily_sortino":1.35176374,"daily_mean":0.5181084852,"daily_vol":0.6055972426,"daily_skew":-0.3790147265,"daily_kurt":5.6687918717,"best_day":0.2698839911,"worst_day":-0.3446517097,"monthly_sharpe":0.8817933476,"monthly_sortino":1.7253101583,"monthly_mean":0.4778095655,"monthly_vol":0.5418611592,"monthly_skew":-0.0775384532,"monthly_kurt":0.0729961248,"best_month":0.4645253524,"worst_month":-0.3812986134,"yearly_sharpe":0.7586970702,"yearly_sortino":2.7263439582,"yearly_mean":0.5673376047,"yearly_vol":0.7477788264,"yearly_skew":0.0791274627,"yearly_kurt":-0.4663858719,"best_year":1.9804866918,"worst_year":-0.7909001377,"avg_drawdown":-0.07017171,"avg_drawdown_days":27.9542857143,"avg_up_month":0.1387835204,"avg_down_month":-0.1135102296,"win_year_perc":0.7333333333,"twelve_month_win_perc":0.8187134503}