{"start":1265846400000,"end":1638835200000,"rf":0.0,"total_return":193.0338918334,"cagr":0.5616053835,"max_drawdown":-0.6992207432,"calmar":0.8031875327,"mtd":0.0241604796,"three_month":0.1010718378,"six_month":0.5961868447,"ytd":0.8420241984,"one_year":0.9649123938,"three_year":0.9769609485,"five_year":0.7414542149,"ten_year":0.6012575417,"incep":0.5616053835,"daily_sharpe":1.0675321564,"daily_sortino":1.6732920983,"daily_mean":0.6153239742,"daily_vol":0.576398538,"daily_skew":-0.4781452443,"daily_kurt":7.982085271,"best_day":0.2698838759,"worst_day":-0.3446516555,"monthly_sharpe":1.1281674969,"monthly_sortino":2.3342822909,"monthly_mean":0.5733238472,"monthly_vol":0.5081903607,"monthly_skew":-0.0231914885,"monthly_kurt":0.3053715633,"best_month":0.464525557,"worst_month":-0.3812987092,"yearly_sharpe":1.0947095061,"yearly_sortino":10.1861853274,"yearly_mean":0.6327615271,"yearly_vol":0.5780177513,"yearly_skew":-0.0637506247,"yearly_kurt":-1.5685415624,"best_year":1.3973348701,"worst_year":-0.1978797699,"avg_drawdown":-0.0653550407,"avg_drawdown_days":21.6081871345,"avg_up_month":0.1344303589,"avg_down_month":-0.1022000021,"win_year_perc":0.8181818182,"twelve_month_win_perc":0.8636363636}