{"start":1265846400000,"end":1635724800000,"rf":0.0,"total_return":1.9514382364,"cagr":0.0967376055,"max_drawdown":-0.2800719597,"calmar":0.3454026801,"mtd":-0.0001927194,"three_month":-0.075538956,"six_month":0.0208537777,"ytd":-0.1243671809,"one_year":-0.1258294727,"three_year":0.1411626965,"five_year":0.0410578959,"ten_year":0.0536475732,"incep":0.0967376055,"daily_sharpe":0.5694098506,"daily_sortino":0.9445841971,"daily_mean":0.1160541218,"daily_vol":0.203814742,"daily_skew":0.2297529387,"daily_kurt":13.9423968711,"best_day":0.1583112998,"worst_day":-0.1271301653,"monthly_sharpe":0.5889033842,"monthly_sortino":1.2383237721,"monthly_mean":0.1057718112,"monthly_vol":0.1796080885,"monthly_skew":0.4321090596,"monthly_kurt":0.3279782012,"best_month":0.1598943618,"worst_month":-0.1161430078,"yearly_sharpe":0.5109991678,"yearly_sortino":1.5824587974,"yearly_mean":0.1010602453,"yearly_vol":0.1977698823,"yearly_skew":0.6940510739,"yearly_kurt":0.6940977991,"best_year":0.5157997571,"worst_year":-0.1843393121,"avg_drawdown":-0.0487519466,"avg_drawdown_days":65.0793650794,"avg_up_month":0.0482610835,"avg_down_month":-0.03007686,"win_year_perc":0.8181818182,"twelve_month_win_perc":0.6641221374}