{"start":1265846400000,"end":1638835200000,"rf":0.0,"total_return":38.6116797782,"cagr":0.3651727716,"max_drawdown":-0.7681682499,"calmar":0.4753812354,"mtd":0.0796439729,"three_month":0.1036233957,"six_month":0.3475564153,"ytd":0.8948484093,"one_year":0.988155109,"three_year":0.5309262239,"five_year":0.4026999787,"ten_year":0.4010696394,"incep":0.3651727716,"daily_sharpe":0.8713225484,"daily_sortino":1.33346845,"daily_mean":0.4447352611,"daily_vol":0.5104140389,"daily_skew":-0.6037369544,"daily_kurt":15.2504494529,"best_day":0.2796564965,"worst_day":-0.3494608015,"monthly_sharpe":0.9363972332,"monthly_sortino":1.6572745499,"monthly_mean":0.4063808297,"monthly_vol":0.433983373,"monthly_skew":-0.4763269804,"monthly_kurt":1.8502930043,"best_month":0.3716975104,"worst_month":-0.4812470839,"yearly_sharpe":0.873551585,"yearly_sortino":5.2968532752,"yearly_mean":0.4228072473,"yearly_vol":0.4840094787,"yearly_skew":0.1956094375,"yearly_kurt":-1.2328367219,"best_year":1.1849370874,"worst_year":-0.2511288233,"avg_drawdown":-0.0479755526,"avg_drawdown_days":20.4696132597,"avg_up_month":0.0995258933,"avg_down_month":-0.0988536179,"win_year_perc":0.7272727273,"twelve_month_win_perc":0.7878787879}