{"start":1265846400000,"end":1635724800000,"rf":0.0,"total_return":36.9166441033,"cagr":0.3636532501,"max_drawdown":-0.7681682499,"calmar":0.4734031251,"mtd":0.005410865,"three_month":0.1493608298,"six_month":0.3278704589,"ytd":0.8137652457,"one_year":1.7253789152,"three_year":0.4442653227,"five_year":0.4416341684,"ten_year":0.4077060452,"incep":0.3636532501,"daily_sharpe":0.8837162317,"daily_sortino":1.3518077333,"daily_mean":0.4566234198,"daily_vol":0.5167081959,"daily_skew":-0.6003844646,"daily_kurt":15.0117865946,"best_day":0.2796564965,"worst_day":-0.3494608015,"monthly_sharpe":0.9315613441,"monthly_sortino":1.6460241176,"monthly_mean":0.405115018,"monthly_vol":0.4348774459,"monthly_skew":-0.4616562243,"monthly_kurt":1.8760811762,"best_month":0.3716975104,"worst_month":-0.4812470839,"yearly_sharpe":0.8715503134,"yearly_sortino":5.2045073361,"yearly_mean":0.4154360161,"yearly_vol":0.4766632628,"yearly_skew":0.2102367656,"yearly_kurt":-1.1242330082,"best_year":1.184936702,"worst_year":-0.2511287613,"avg_drawdown":-0.0480547738,"avg_drawdown_days":20.7627118644,"avg_up_month":0.0963762579,"avg_down_month":-0.1042817171,"win_year_perc":0.7272727273,"twelve_month_win_perc":0.7938931298}