{"start":1265846400000,"end":1743033600000,"rf":0.0,"total_return":42.1512491878,"cagr":0.2827034392,"max_drawdown":-0.7681682977,"calmar":0.3680227888,"mtd":-0.1378988951,"three_month":-0.1662923207,"six_month":-0.0871276839,"ytd":-0.1261305936,"one_year":0.1064152736,"three_year":0.0657058808,"five_year":0.4316001995,"ten_year":0.2203948132,"incep":0.2827034392,"daily_sharpe":0.7478362437,"daily_sortino":1.1594948384,"daily_mean":0.3828470904,"daily_vol":0.5119397376,"daily_skew":-0.5016210408,"daily_kurt":12.1526748516,"best_day":0.2796567713,"worst_day":-0.349460865,"monthly_sharpe":0.7810271162,"monthly_sortino":1.3843481479,"monthly_mean":0.3522617364,"monthly_vol":0.4510236956,"monthly_skew":-0.391122996,"monthly_kurt":0.9772343354,"best_month":0.3716976694,"worst_month":-0.4812471014,"yearly_sharpe":0.6895006996,"yearly_sortino":2.3107287633,"yearly_mean":0.3578658917,"yearly_vol":0.5190217964,"yearly_skew":-0.0697211074,"yearly_kurt":-0.9442880755,"best_year":1.1849368708,"worst_year":-0.5684378438,"avg_drawdown":-0.0521506332,"avg_drawdown_days":24.7005076142,"avg_up_month":0.1046755986,"avg_down_month":-0.105062896,"win_year_perc":0.6666666667,"twelve_month_win_perc":0.7543859649}