{"start":1265846400000,"end":1635811200000,"rf":0.0,"total_return":37.3628476489,"cagr":0.3649158998,"max_drawdown":-0.768168272,"calmar":0.4750468265,"mtd":0.0172426187,"three_month":0.1701244813,"six_month":0.3434969424,"ytd":0.835109777,"one_year":1.6657619796,"three_year":0.4595345886,"five_year":0.4505935526,"ten_year":0.4027519846,"incep":0.3649158998,"daily_sharpe":0.870678168,"daily_sortino":1.3321323522,"daily_mean":0.4447543331,"daily_vol":0.5108136961,"daily_skew":-0.6051954163,"daily_kurt":15.3244670088,"best_day":0.2796564965,"worst_day":-0.3494608543,"monthly_sharpe":0.9339648051,"monthly_sortino":1.6509363742,"monthly_mean":0.4062608746,"monthly_vol":0.4349852076,"monthly_skew":-0.47576557,"monthly_kurt":1.8402760591,"best_month":0.3716975104,"worst_month":-0.4812470467,"yearly_sharpe":0.8722838129,"yearly_sortino":5.2288153663,"yearly_mean":0.4173764312,"yearly_vol":0.4784869615,"yearly_skew":0.2049265462,"yearly_kurt":-1.1550729886,"best_year":1.1849368345,"worst_year":-0.251128782,"avg_drawdown":-0.047869528,"avg_drawdown_days":20.6685393258,"avg_up_month":0.0988690498,"avg_down_month":-0.1004129229,"win_year_perc":0.7272727273,"twelve_month_win_perc":0.786259542}