{"start":1265846400000,"end":1705881600000,"rf":0.0,"total_return":30.4631310047,"cagr":0.2806088093,"max_drawdown":-0.7681682588,"calmar":0.3652960221,"mtd":0.0421994426,"three_month":0.4682529748,"six_month":0.1469306466,"ytd":0.0421994426,"one_year":0.6032758024,"three_year":0.1206677107,"five_year":0.2388271163,"ten_year":0.2219519932,"incep":0.2806088093,"daily_sharpe":0.7411972678,"daily_sortino":1.1483665415,"daily_mean":0.3856624686,"daily_vol":0.5203236512,"daily_skew":-0.5000268719,"daily_kurt":12.2790425787,"best_day":0.2796567795,"worst_day":-0.3494607584,"monthly_sharpe":0.7710277175,"monthly_sortino":1.3596943312,"monthly_mean":0.3539854172,"monthly_vol":0.4591085498,"monthly_skew":-0.394511416,"monthly_kurt":0.9759031053,"best_month":0.371697605,"worst_month":-0.4812470586,"yearly_sharpe":0.6690360366,"yearly_sortino":2.1873551838,"yearly_mean":0.3500462924,"yearly_vol":0.5232099219,"yearly_skew":0.0161007057,"yearly_kurt":-0.8784203862,"best_year":1.1849367183,"worst_year":-0.568437795,"avg_drawdown":-0.0507683742,"avg_drawdown_days":24.3152173913,"avg_up_month":0.1057272929,"avg_down_month":-0.1064420547,"win_year_perc":0.7142857143,"twelve_month_win_perc":0.7324840764}