{"start":1265846400000,"end":1649721600000,"rf":0.0,"total_return":30.5512549696,"cagr":0.328101023,"max_drawdown":-0.7681682358,"calmar":0.4271213097,"mtd":-0.0892660728,"three_month":-0.2197773769,"six_month":-0.0091891964,"ytd":-0.2398760944,"one_year":0.148163365,"three_year":0.2994314323,"five_year":0.3030039514,"ten_year":0.3314440453,"incep":0.328101023,"daily_sharpe":0.8156155185,"daily_sortino":1.2521938982,"daily_mean":0.4183460669,"daily_vol":0.5129206806,"daily_skew":-0.5761155358,"daily_kurt":14.4970924123,"best_day":0.2796564287,"worst_day":-0.3494608666,"monthly_sharpe":0.8704817505,"monthly_sortino":1.5423561977,"monthly_mean":0.3792809471,"monthly_vol":0.435713841,"monthly_skew":-0.43880097,"monthly_kurt":1.6592118293,"best_month":0.3716974784,"worst_month":-0.4812470823,"yearly_sharpe":0.7372113447,"yearly_sortino":3.9164399257,"yearly_mean":0.3751431179,"yearly_vol":0.5088678038,"yearly_skew":0.3080518536,"yearly_kurt":-1.3219355328,"best_year":1.1849370623,"worst_year":-0.2511290579,"avg_drawdown":-0.049237383,"avg_drawdown_days":20.7826086957,"avg_up_month":0.1000767088,"avg_down_month":-0.0998555837,"win_year_perc":0.6666666667,"twelve_month_win_perc":0.7941176471}