{"start":1265846400000,"end":1743033600000,"rf":0.0,"total_return":42.151260677,"cagr":0.2827034617,"max_drawdown":-0.7681682262,"calmar":0.3680228524,"mtd":-0.1378988951,"three_month":-0.1662923207,"six_month":-0.0871276839,"ytd":-0.1261305936,"one_year":0.1064152736,"three_year":0.0657058171,"five_year":0.4316001783,"ten_year":0.2203948353,"incep":0.2827034617,"daily_sharpe":0.7478362874,"daily_sortino":1.1594949208,"daily_mean":0.382847093,"daily_vol":0.5119397112,"daily_skew":-0.5016206172,"daily_kurt":12.1526751274,"best_day":0.2796565016,"worst_day":-0.349460952,"monthly_sharpe":0.7810271334,"monthly_sortino":1.3843482672,"monthly_mean":0.3522617153,"monthly_vol":0.4510236588,"monthly_skew":-0.3911225218,"monthly_kurt":0.9772355454,"best_month":0.3716977667,"worst_month":-0.4812470619,"yearly_sharpe":0.689500678,"yearly_sortino":2.3107289426,"yearly_mean":0.3578659125,"yearly_vol":0.5190218428,"yearly_skew":-0.0697210518,"yearly_kurt":-0.944288712,"best_year":1.1849366239,"worst_year":-0.5684377995,"avg_drawdown":-0.0521506327,"avg_drawdown_days":24.7005076142,"avg_up_month":0.1046755853,"avg_down_month":-0.1050628773,"win_year_perc":0.6666666667,"twelve_month_win_perc":0.7543859649}