{"start":1265846400000,"end":1642982400000,"rf":0.0,"total_return":29.6195284343,"cagr":0.3315082466,"max_drawdown":-0.7681682278,"calmar":0.4315568317,"mtd":-0.2623230026,"three_month":-0.155231948,"six_month":-0.0816809619,"ytd":-0.2623230026,"one_year":0.3693850299,"three_year":0.4123591429,"five_year":0.318204914,"ten_year":0.3496689528,"incep":0.3315082466,"daily_sharpe":0.8225219107,"daily_sortino":1.258661914,"daily_mean":0.4197483409,"daily_vol":0.5103187349,"daily_skew":-0.5956968325,"daily_kurt":15.0840357701,"best_day":0.2796564965,"worst_day":-0.3494608174,"monthly_sharpe":0.8737652969,"monthly_sortino":1.5237291018,"monthly_mean":0.3858632432,"monthly_vol":0.4416097143,"monthly_skew":-0.4947488341,"monthly_kurt":1.6742968136,"best_month":0.3716975104,"worst_month":-0.4812470467,"yearly_sharpe":0.7299474445,"yearly_sortino":3.7381802391,"yearly_mean":0.3732725343,"yearly_vol":0.5113690542,"yearly_skew":0.2951745183,"yearly_kurt":-1.3176688047,"best_year":1.1849366897,"worst_year":-0.2623230026,"avg_drawdown":-0.0487878374,"avg_drawdown_days":20.3586956522,"avg_up_month":0.1000699667,"avg_down_month":-0.102259233,"win_year_perc":0.6666666667,"twelve_month_win_perc":0.7894736842}