{"start":1265846400000,"end":1648166400000,"rf":0.0,"total_return":33.9159988016,"cagr":0.3408027782,"max_drawdown":-0.7681682358,"calmar":0.4436564314,"mtd":0.1093652253,"three_month":-0.1363391077,"six_month":0.0172918435,"ytd":-0.1588137475,"one_year":0.4932670034,"three_year":0.3954344666,"five_year":0.331208197,"ten_year":0.3368167342,"incep":0.3408027782,"daily_sharpe":0.8340650029,"daily_sortino":1.2806478696,"daily_mean":0.4279185554,"daily_vol":0.5130518052,"daily_skew":-0.5785835234,"daily_kurt":14.5449562891,"best_day":0.2796564287,"worst_day":-0.3494608666,"monthly_sharpe":0.8946188716,"monthly_sortino":1.583779995,"monthly_mean":0.3899999962,"monthly_vol":0.4359398271,"monthly_skew":-0.4560620957,"monthly_kurt":1.6903047429,"best_month":0.3716974784,"worst_month":-0.4812470823,"yearly_sharpe":0.763141621,"yearly_sortino":4.5643412092,"yearly_mean":0.3818982775,"yearly_vol":0.5004291038,"yearly_skew":0.34528219,"yearly_kurt":-1.318436779,"best_year":1.1849363746,"worst_year":-0.2511289751,"avg_drawdown":-0.049237393,"avg_drawdown_days":20.6847826087,"avg_up_month":0.1001667805,"avg_down_month":-0.1000716524,"win_year_perc":0.6666666667,"twelve_month_win_perc":0.7925925926}