{"start":1265846400000,"end":1649808000000,"rf":0.0,"total_return":31.6292764855,"cagr":0.3316883242,"max_drawdown":-0.7681682376,"calmar":0.4317912509,"mtd":-0.058148683,"three_month":-0.1574631087,"six_month":0.0146083468,"ytd":-0.2139046541,"one_year":0.1774836014,"three_year":0.3158761489,"five_year":0.316847816,"ten_year":0.3411278481,"incep":0.3316883242,"daily_sharpe":0.8208263752,"daily_sortino":1.2603588723,"daily_mean":0.421019625,"daily_vol":0.5129216576,"daily_skew":-0.5765757724,"daily_kurt":14.4923374097,"best_day":0.2796565602,"worst_day":-0.3494608296,"monthly_sharpe":0.8776076255,"monthly_sortino":1.5553830726,"monthly_mean":0.3818385176,"monthly_vol":0.4350902459,"monthly_skew":-0.442171872,"monthly_kurt":1.6851178977,"best_month":0.3716974784,"worst_month":-0.4812470451,"yearly_sharpe":0.7455761445,"yearly_sortino":4.1267962589,"yearly_mean":0.3773073738,"yearly_vol":0.506061489,"yearly_skew":0.3215819631,"yearly_kurt":-1.3239203493,"best_year":1.1849363746,"worst_year":-0.2511288922,"avg_drawdown":-0.0492373917,"avg_drawdown_days":20.7880434783,"avg_up_month":0.1000767062,"avg_down_month":-0.0992332366,"win_year_perc":0.6666666667,"twelve_month_win_perc":0.7941176471}