{"start":1265846400000,"end":1639094400000,"rf":0.0,"total_return":38.2460038744,"cagr":0.3638078662,"max_drawdown":-0.7681682551,"calmar":0.4736044008,"mtd":0.0974415928,"three_month":0.168495884,"six_month":0.3570839189,"ytd":0.9254489243,"one_year":1.0620037957,"three_year":0.5309610854,"five_year":0.3975745621,"ten_year":0.4093559828,"incep":0.3638078662,"daily_sharpe":0.8693487121,"daily_sortino":1.3302396973,"daily_mean":0.4435140602,"daily_vol":0.5101681915,"daily_skew":-0.606464782,"daily_kurt":15.2519038243,"best_day":0.2796565339,"worst_day":-0.3494608273,"monthly_sharpe":0.9342025994,"monthly_sortino":1.6517386912,"monthly_mean":0.4058571954,"monthly_vol":0.4344423744,"monthly_skew":-0.4823180323,"monthly_kurt":1.8565825165,"best_month":0.3716975272,"worst_month":-0.482487367,"yearly_sharpe":0.8688991422,"yearly_sortino":5.2146341318,"yearly_mean":0.4229296774,"yearly_vol":0.4867419668,"yearly_skew":0.1887714932,"yearly_kurt":-1.2682367847,"best_year":1.1826624094,"worst_year":-0.2555120465,"avg_drawdown":-0.0482634782,"avg_drawdown_days":20.7262569832,"avg_up_month":0.0995922989,"avg_down_month":-0.099119679,"win_year_perc":0.7272727273,"twelve_month_win_perc":0.7803030303}